id;clase;accion;estado;prioridad;titulo;url;motivo
100081675034912602;A;CONSERVAR;CONSERVADO;0;"HOSPITAL JULIO CESAR DEMARINI CARO: Médico Especialista en Radiología (013-PCAS04/2026)";https://empleosperuhoy.blogspot.com/2026/10/hospital-julio-cesar-demarini-caro_78.html;"oferta laboral individual completa"
1003149468849536305;A;CONSERVAR;CONSERVADO;0;"UNIVERSIDAD DE BAGUA: CAS N° 005 - ITEM N° 42: PROFESIONAL I - UNIDAD DE RECURSOS HUMANOS";https://empleosperuhoy.blogspot.com/2026/10/oportunidad-laboral-cas-005-item-profesional-unidad-recursos-humanos-u.html;"oferta laboral individual completa"
1004182623736966845;A;CONSERVAR;CONSERVADO;0;"HOSPITAL REGIONAL DE MOQUEGUA: CAS N° 003 - ITEM 03: MÉDICO ESPECIALISTA - NEUROCIRUGÍA - DEPARTAMENTO DE CIRUGÍA";https://empleosperuhoy.blogspot.com/2026/10/hospital-regional-de-moquegua-cas-n-003_79.html;"oferta laboral individual completa"
1010747224309041485;A;CONSERVAR;CONSERVADO;0;"MINISTERIO DE CULTURA: ANALISTA II DE GESTIÓN EN FERIAS DE LIBRO EN EL EXTRANJERO";https://empleosperuhoy.blogspot.com/2026/10/oportunidad-laboral-cas-177-analista-gestion-ferias-libro-extranjero-m.html;"oferta laboral individual completa"
1016608565408358486;A;CONSERVAR;CONSERVADO;0;"UGEL UTCUBAMBA: UGEL UTCUBAMBA: (5) Personal de Limpieza, Asistentes y Responsable";https://empleosperuhoy.blogspot.com/2026/10/ugel-utcubamba-ugel-utcubamba-5_2.html;"oferta laboral individual completa"
103368690969440558;A;CONSERVAR;CONSERVADO;0;"UNIVERSIDAD DE CAÑETE(UNDC): CAS N° 003- N° Plaza 039: ESPECIALISTA";https://empleosperuhoy.blogspot.com/2026/10/oportunidad-laboral-cas-003-plaza-039-especialista-universidad-canete-.html;"oferta laboral individual completa"
1035319738751252464;A;CONSERVAR;CONSERVADO;0;"AUTORIDAD PORTUARIA(APN): AUTORIDAD PORTUARIA solicita Especialista de Estudios y Proyectos de Infraestructura Portuaria 1";https://empleosperuhoy.blogspot.com/2026/10/oferta-de-empleo-autoridad-portuaria-especialista-estudios-proye-48fd.html;"oferta laboral individual completa"
1042759834504592146;A;CONSERVAR;CONSERVADO;0;"EJÉRCITO DEL PERÚ: TÉCNICO EN ADMINISTRACIÓN";https://empleosperuhoy.blogspot.com/2026/10/ejercito-del-peru-tecnico-en_55.html;"oferta laboral individual completa"
1045110551128484373;A;CONSERVAR;CONSERVADO;0;"ONPE: ONPE: 35 Operadores de centro de cómputo";https://empleosperuhoy.blogspot.com/2026/10/onpe-onpe-35-operadores-de-centro-de_1.html;"oferta laboral individual completa"
105670267278852146;A;CONSERVAR;CONSERVADO;0;"MINISTERIO DE VIVIENDA: Especialista en Proyectos";https://empleosperuhoy.blogspot.com/2026/10/oportunidad-laboral-cas-076-especialista-proyectos-ministerio-vivienda.html;"oferta laboral individual completa"
1062020901051398985;A;CONSERVAR;CONSERVADO;0;"HOSPITAL HIPOLITO UNANUE TACNA: OBSTETRA";https://empleosperuhoy.blogspot.com/2026/10/oportunidad-laboral-cas-008-obstetra-hospital-hipolito-unanue-tacna-63.html;"oferta laboral individual completa"
1064691842319878171;A;CONSERVAR;CONSERVADO;0;"EJÉRCITO DEL PERÚ: ECONOMISTA";https://empleosperuhoy.blogspot.com/2026/10/ejercito-del-peru-economista_1.html;"oferta laboral individual completa"
1067083592322933293;A;CONSERVAR;CONSERVADO;0;"MINISTERIO DE VIVIENDA: Asistente de Seguimiento Técnico";https://empleosperuhoy.blogspot.com/2026/10/ministerio-de-vivienda-asistente-de_4.html;"oferta laboral individual completa"
1068767950988775753;A;CONSERVAR;CONSERVADO;0;"SUNARP: N° 047-2026: Practicante para la Oficina de Tecnologías de la Información";https://empleosperuhoy.blogspot.com/2026/10/sunarp-n-047-2026-practicante-para-la_8.html;"oferta laboral individual completa"
1071727954465104321;A;CONSERVAR;CONSERVADO;0;"DEFENSORÍA DEL PUEBLO: Abogado I";https://empleosperuhoy.blogspot.com/2026/10/defensoria-del-pueblo-abogado-i_6.html;"oferta laboral individual completa"
1086550490225152442;A;CONSERVAR;CONSERVADO;0;"HOSPITAL GENERAL DE JAÉN: CAS N° 002 - Código AIRHSP 003541,003543: MÉDICO ESPECIALISTA EN ONCOLOGIA";https://empleosperuhoy.blogspot.com/2026/10/hospital-general-de-jaen-cas-n-002_68.html;"oferta laboral individual completa"
1092083805003518163;A;CONSERVAR;CONSERVADO;0;"MUNICIPALIDAD DE CONSTITUCIÓN: MUNICIPALIDAD DE CONSTITUCIÓN: (4) Jefes de oficina y Auxiliares Administrativo";https://empleosperuhoy.blogspot.com/2026/10/oferta-de-empleo-municipalidad-constitucion-jefes-oficina-auxili-8c1f.html;"oferta laboral individual completa"
1096655502093843934;A;CONSERVAR;CONSERVADO;0;"PODER JUDICIAL: CAS N° 018 - CÓDIGO 03523-1-2: AUXILIAR DE CONTROL Y VIGILANCIA";https://empleosperuhoy.blogspot.com/2026/10/oportunidad-laboral-cas-018-codigo-auxiliar-control-vigilancia-poder-j.html;"oferta laboral individual completa"
110420170196386389;A;CONSERVAR;CONSERVADO;0;"UGEL 3: UGEL 3: (7) Coordinador de innovación, Analista en Estadística y Personales de servicio";https://empleosperuhoy.blogspot.com/2026/10/ugel-3-ugel-3-7-coordinador-de_4.html;"oferta laboral individual completa"
1109266464202203397;A;CONSERVAR;CONSERVADO;0;"INDECOPI: 17 practicantes";https://empleosperuhoy.blogspot.com/2026/10/oferta-de-empleo-indecopi-requiere-practicantes-convocatoria-oct-aea3.html;"oferta laboral individual completa"
111309482457327698;A;CONSERVAR;CONSERVADO;0;"IREN NORTE: Médico Internista";https://empleosperuhoy.blogspot.com/2026/10/iren-norte-medico-internista.html;"oferta laboral individual completa"
1115163293106537642;A;CONSERVAR;CONSERVADO;0;"UNIVERSIDAD DE CAÑETE(UNDC): CAS N° 003- N° Plaza 041: ESPECIALISTA";https://empleosperuhoy.blogspot.com/2026/10/oportunidad-laboral-cas-003-plaza-041-especialista-universidad-canete-.html;"oferta laboral individual completa"
1121756185873782159;A;CONSERVAR;CONSERVADO;0;"SIS: Analista de Supervision Financiera";https://empleosperuhoy.blogspot.com/2026/10/sis-analista-de-supervision-financiera_1.html;"oferta laboral individual completa"
1126206271481692619;A;CONSERVAR;CONSERVADO;0;"INVERMET: INVERMET: (5) Analistas y Especialistas";https://empleosperuhoy.blogspot.com/2026/10/invermet-invermet-5-analistas-y_6.html;"oferta laboral individual completa"
1131494058818896794;A;CONSERVAR;CONSERVADO;0;"HOSPITAL SANTA ROSA: HOSPITAL SANTA ROSA: (32) Médicos, Enfermeras, Técnicos y otros cargos";https://empleosperuhoy.blogspot.com/2026/10/oferta-de-empleo-hospital-santa-rosa-medicos-enfermeras-tecnicos-4185.html;"oferta laboral individual completa"
1132584317458564134;A;CONSERVAR;CONSERVADO;0;"Redactor De Tesis En Ing Ambiental - Remoto";https://empleosperuhoy.blogspot.com/2026/10/redactor-de-tesis-en-ing-ambiental_01327179228.html;"oferta laboral individual completa"
1134061831361014770;A;CONSERVAR;CONSERVADO;0;"UNIVERSIDAD DE TRUJILLO: N° 004-2026: Practicante para el Instituto de Investigación";https://empleosperuhoy.blogspot.com/2026/10/universidad-de-trujillo-n-004-2026_2.html;"oferta laboral individual completa"
1152874990722066538;A;CONSERVAR;CONSERVADO;0;"UGEL 6: UGEL 6: Solicita Secretaria, Trabajador de servicio y Técnico administrativo";https://empleosperuhoy.blogspot.com/2026/10/ugel-6-ugel-6-solicita-secretaria.html;"oferta laboral individual completa"
1158279000866921656;A;CONSERVAR;CONSERVADO;0;"INSTITUTO DE CALIDAD(INACAL): Coordinador responsable";https://empleosperuhoy.blogspot.com/2026/10/oferta-de-empleo-instituto-calidad-inacal-requiere-coordinador-r-666c.html;"oferta laboral individual completa"
1159703038525192558;A;CONSERVAR;CONSERVADO;0;"HOSPITAL SICUANI: CAS N° 003 - ITEM 06: MEDICO I";https://empleosperuhoy.blogspot.com/2026/10/hospital-sicuani-cas-n-003-item-06_6.html;"oferta laboral individual completa"
1159707770171304935;A;CONSERVAR;CONSERVADO;0;"SEDAM HUANCAYO: 728 N° 046: OPERADOR DE ESTACIÓN DE BOMBEO";https://empleosperuhoy.blogspot.com/2026/10/sedam-huancayo-728-n-046-operador-de.html;"oferta laboral individual completa"
1163605779891398223;A;CONSERVAR;CONSERVADO;0;"AUTORIDAD NACIONAL DE INFRAESTRUCTURA: N° 120-2026: Practicante para la Dir. de Gestión de Eq. y Recursos Mobiliarios";https://empleosperuhoy.blogspot.com/2026/10/autoridad-nacional-de-infraestructura-n_5.html;"oferta laboral individual completa"
1164336558577350505;A;CONSERVAR;CONSERVADO;0;"CONTABILIDAD FINANCIERA BÁSICA";https://empleosperuhoy.blogspot.com/2026/09/contabilidad-financiera-basica_8.html;"oferta laboral individual completa"
1179337294547734526;A;CONSERVAR;CONSERVADO;0;"POLICÍA NACIONAL(PNP): TÉCNICOS (AS) EN ENFERMERÍA";https://empleosperuhoy.blogspot.com/2026/10/policia-nacionalpnp-tecnicos-as-en_7.html;"oferta laboral individual completa"
1183482359680771300;A;CONSERVAR;CONSERVADO;0;"UNIVERSIDAD DE BAGUA: CONCURSO PÚBLICO NACIONAL PARA CUBRIR PLAZAS DOCENTES EN UNIVERSIDAD DE BAGUA Convocatoria octubre 2026";https://empleosperuhoy.blogspot.com/2026/10/oferta-de-empleo-concurso-publico-nacional-cubrir-plazas-docente-4948.html;"oferta laboral individual completa"
1184394370464611316;A;CONSERVAR;CONSERVADO;0;"PODER JUDICIAL: CAS N° 017 - CÓDIGO 01128: Especialista judicial de juzgado";https://empleosperuhoy.blogspot.com/2026/10/oportunidad-laboral-cas-017-codigo-especialista-judicial-juzgado-poder.html;"oferta laboral individual completa"
1185049484039845189;A;CONSERVAR;CONSERVADO;0;"OEFA: N° 079-2026: Practicante para la Oficina Desconcentrada de Junín";https://empleosperuhoy.blogspot.com/2026/10/oefa-n-079-2026-practicante-para-la_8.html;"oferta laboral individual completa"
1203554097566435972;A;CONSERVAR;CONSERVADO;0;"PODER JUDICIAL: CAS N° 034 - CÓDIGO 01525: Especialista Legal";https://empleosperuhoy.blogspot.com/2026/10/oportunidad-laboral-cas-034-codigo-especialista-legal-poder-judicial-l.html;"oferta laboral individual completa"
1204851652111838072;A;CONSERVAR;CONSERVADO;0;"Vendedora Fulltime - Trujillo";https://empleosperuhoy.blogspot.com/2026/10/vendedora-fulltime-trujillo.html;"oferta laboral individual completa"
1214467948438869574;A;CONSERVAR;CONSERVADO;0;"Pasantía Laboral / Media And Strategic";https://empleosperuhoy.blogspot.com/2026/10/pasantia-laboral-media-and-strategic.html;"oferta laboral individual completa"
1224333775914035092;A;CONSERVAR;CONSERVADO;0;"UNIVERSIDAD TECNOLOGICA LIMA SUR(UNTELS): OPERADOR DE CÁMARAS";https://empleosperuhoy.blogspot.com/2026/10/universidad-tecnologica-lima-suruntels_01231840123.html;"oferta laboral individual completa"
1224625630694078684;A;CONSERVAR;CONSERVADO;0;"ELECTRONOROESTE S.A. (ENOSA): 2 Gerentes";https://empleosperuhoy.blogspot.com/2026/10/oferta-de-empleo-electronoroeste-enosa-requiere-gerentes-convoca-14e9.html;"oferta laboral individual completa"
1226619773583450482;A;CONSERVAR;CONSERVADO;0;"MINISTERIO DE VIVIENDA: Especialista Técnico en Normas de Construcción";https://empleosperuhoy.blogspot.com/2026/10/oportunidad-laboral-cas-081-especialista-tecnico-normas-construccion-m.html;"oferta laboral individual completa"
1230206253420567218;A;CONSERVAR;CONSERVADO;0;"UNIVERSIDAD DE HUANTA: Auxiliar Administrativo - Dirección de Admisión";https://empleosperuhoy.blogspot.com/2026/10/oportunidad-laboral-cas-007-2026-auxiliar-administrativo-direccion-adm.html;"oferta laboral individual completa"
1239627401481472958;A;CONSERVAR;CONSERVADO;0;"Nº 016-2026: Practicante para la Dirección General de Museos - MINISTERIO DE CULTURA";https://empleosperuhoy.blogspot.com/2026/09/n-016-2026-practicante-para-la-oficina.html;"oferta laboral individual completa"
1241098221044679094;A;CONSERVAR;CONSERVADO;0;"SUTRAN: N° 012-2026: Practicante para la Subgerencia de Registro y Ejecución de Sanciones";https://empleosperuhoy.blogspot.com/2026/10/sutran-n-012-2026-practicante-para-la_1.html;"oferta laboral individual completa"
1244998743893080221;A;CONSERVAR;CONSERVADO;0;"DIRECCIÓN DE AGRICULTURA HUÁNUCO: AUXILIAR ADMINISTRATIVO - CODIGO AIRHSP:000658";https://empleosperuhoy.blogspot.com/2026/10/oportunidad-laboral-cas-004-2026-auxiliar-administrativo-codigo-e5ff.html;"oferta laboral individual completa"
1247421243232934047;A;CONSERVAR;CONSERVADO;0;"UNIVERSIDAD DE BAGUA: CAS N° 005 - ITEM N° 30: TÉCNICO LABORATORISTA - FACULTAD DE CIENCIAS NATURALES Y APLICADAS";https://empleosperuhoy.blogspot.com/2026/10/oportunidad-laboral-cas-005-item-tecnico-laboratorista-facultad-b16b.html;"oferta laboral individual completa"
1253906933656540365;A;CONSERVAR;CONSERVADO;0;"DIRESA CALLAO: Asistente Administrativo";https://empleosperuhoy.blogspot.com/2026/10/diresa-callao-asistente-administrativo_6.html;"oferta laboral individual completa"
1256869307781308320;A;CONSERVAR;CONSERVADO;0;"SERFOR: SERFOR: 3 Especialistas";https://empleosperuhoy.blogspot.com/2026/10/serfor-serfor-3-especialistas_9.html;"oferta laboral individual completa"
1310560977159498551;A;CONSERVAR;CONSERVADO;0;"MINISTERIO PÚBLICO - FISCALÍA: CAS N° 134 - CÓDIGO AFF-07: ASISTENTE EN FUNCIÓN FISCAL";https://empleosperuhoy.blogspot.com/2026/10/oportunidad-laboral-cas-134-codigo-aff-asistente-funcion-fiscal-2f5b.html;"oferta laboral individual completa"
1327372344186145168;A;CONSERVAR;CONSERVADO;0;"HOSPITAL SICUANI: CAS N° 003 - ITEM 07: ENFERMERA/O";https://empleosperuhoy.blogspot.com/2026/10/oportunidad-laboral-cas-003-item-enfermera-hospital-sicuani-cusco-6334.html;"oferta laboral individual completa"
1327671906167607327;A;CONSERVAR;CONSERVADO;0;"OSINFOR: OSINFOR: (5) Especialistas y Supervisores";https://empleosperuhoy.blogspot.com/2026/10/osinfor-osinfor-5-especialistas-y_2.html;"oferta laboral individual completa"
132863594146410879;A;CONSERVAR;CONSERVADO;0;"HOSPITAL JULIO CESAR DEMARINI CARO: Médico Especialista en Pediatría (010-PCAS04/2026)";https://empleosperuhoy.blogspot.com/2026/10/hospital-julio-cesar-demarini-caro_80.html;"oferta laboral individual completa"
1330954539111700973;A;CONSERVAR;CONSERVADO;0;"INVERMET: ANALISTA CONTABLE DE DEVENGADO";https://empleosperuhoy.blogspot.com/2026/10/invermet-analista-contable-de-devengado_3.html;"oferta laboral individual completa"
1341099686745659836;A;CONSERVAR;CONSERVADO;0;"N° 079-2026: Practicante para la Oficina Desconcentrada de Junín - OEFA";https://empleosperuhoy.blogspot.com/2026/09/oefa-n-079-2026-practicante-para-la.html;"oferta laboral individual completa"
1341179007279140051;A;CONSERVAR;CONSERVADO;0;"INDECOPI: N° 060-2026: Practicante para la Escuela Nacion. de Defensa de la Competencia y de la Propiedad";https://empleosperuhoy.blogspot.com/2026/10/indecopi-n-060-2026-practicante-para-la_8.html;"oferta laboral individual completa"
1344871170466844884;A;CONSERVAR;CONSERVADO;0;"Diferencia entre sueldo bruto y sueldo neto en Perú: cómo saber cuánto recibirás realmente";https://empleosperuhoy.blogspot.com/2026/09/diferencia-entre-sueldo-bruto-y-sueldo.html;"oferta laboral individual completa"
1345690951433757610;A;CONSERVAR;CONSERVADO;0;"PODER JUDICIAL: CAS N° 015 - CÓDIGO 02660-2: SECRETARIO/A JUDICIAL";https://empleosperuhoy.blogspot.com/2026/10/oportunidad-laboral-cas-015-codigo-secretario-judicial-poder-cus-ea9f.html;"oferta laboral individual completa"
1347683986002991469;A;CONSERVAR;CONSERVADO;0;"INDECOPI: N° 067-2026: Practicante para la sala Especializada en Eliminación de Barreras Burocráticas";https://empleosperuhoy.blogspot.com/2026/10/oportunidad-laboral-practicas-indecopi-derecho-octubre-2026-631158.html;"oferta laboral individual completa"
1351159483193825729;A;CONSERVAR;CONSERVADO;0;"SUTRAN: N° 011-2026: Practicante para la Subgerencia de Fiscalización de los Servicios a Conductores";https://empleosperuhoy.blogspot.com/2026/10/oportunidad-laboral-practicas-sutran-derecho-octubre-2026-632512.html;"oferta laboral individual completa"
1357166468409025824;A;CONSERVAR;CONSERVADO;0;"Gerente De Recursos Humanos";https://empleosperuhoy.blogspot.com/2026/10/gerente-de-recursos-humanos.html;"oferta laboral individual completa"
135735306498957532;A;CONSERVAR;CONSERVADO;0;"MUNICIPALIDAD DE HUACHÓN: MUNICIPALIDAD DE HUACHÓN: requiere Jefe de Oficina, Operador y Serenazgo";https://empleosperuhoy.blogspot.com/2026/10/municipalidad-de-huachon-municipalidad_6.html;"oferta laboral individual completa"
136569361951448314;A;CONSERVAR;CONSERVADO;0;"UNIVERSIDAD DE CAÑETE(UNDC): CAS N° 003- N° Plaza 090: ANALISTA EN CONDICIONES BASICAS DE CALIDAD";https://empleosperuhoy.blogspot.com/2026/10/oportunidad-laboral-cas-003-plaza-090-analista-condiciones-basicas-cal.html;"oferta laboral individual completa"
1377730217590796282;A;CONSERVAR;CONSERVADO;0;"UGEL PANGOA: PROFESIONAL EN INFORMÁTICA";https://empleosperuhoy.blogspot.com/2026/10/ugel-pangoa-profesional-en-informatica_1.html;"oferta laboral individual completa"
1380408516514506976;A;CONSERVAR;CONSERVADO;0;"DIRECCIÓN DE EDUCACIÓN(DRE) LIMA: DIRECCIÓN DE EDUCACIÓN(DRE) LIMA: solicita Secretaria y Auxiliar";https://empleosperuhoy.blogspot.com/2026/10/direccion-de-educaciondre-lima_6.html;"oferta laboral individual completa"
1382516200085056509;A;CONSERVAR;CONSERVADO;0;"MINISTERIO DE CULTURA: AGENTE DE PROTECCIÓN";https://empleosperuhoy.blogspot.com/2026/10/ministerio-de-cultura-agente-de_4.html;"oferta laboral individual completa"
1399552017585568414;A;CONSERVAR;CONSERVADO;0;"GOBIERNO REGIONAL DE HUÁNUCO: N° 007-2026: Practicante para el Órgano de Control Institucional";https://empleosperuhoy.blogspot.com/2026/10/gobierno-regional-de-huanuco-n-007-2026_1.html;"oferta laboral individual completa"
1403139219228081471;A;CONSERVAR;CONSERVADO;0;"Comunicación corporativa y palabras mayores";https://empleosperuhoy.blogspot.com/2026/09/comunicacion-corporativa-y-palabras.html;"oferta laboral individual completa"
1404195850817142549;A;CONSERVAR;CONSERVADO;0;"MINISTERIO DE ENERGÍA Y MINAS (MINEM): MINISTERIO DE ENERGÍA Y MINAS (MINEM): (6) Especialistas y Analistas";https://empleosperuhoy.blogspot.com/2026/10/ministerio-de-energia-y-minas-minem_56.html;"oferta laboral individual completa"
1407603873894784115;A;CONSERVAR;CONSERVADO;0;"EJÉRCITO DEL PERÚ: TÉCNICO EN ARTES GRÁFICAS";https://empleosperuhoy.blogspot.com/2026/10/oportunidad-laboral-tecnico-artes-graficas-ejercito-del-peru-lima-6273.html;"oferta laboral individual completa"
1417807651686478773;A;CONSERVAR;CONSERVADO;0;"ANÁLISIS DE DATOS CON POWER BI";https://empleosperuhoy.blogspot.com/2026/09/analisis-de-datos-con-power-bi.html;"oferta laboral individual completa"
1423975160045405245;A;CONSERVAR;CONSERVADO;0;"HOSPITAL HIPOLITO UNANUE: Médico Gineco Obstetra";https://empleosperuhoy.blogspot.com/2026/10/oportunidad-laboral-cas-003-2026-medico-gineco-obstetra-hospital-hipol.html;"oferta laboral individual completa"
1436494956834533717;A;CONSERVAR;CONSERVADO;0;"PODER JUDICIAL: CAS N° 111 - CÓDIGO 00156: ESPECIALISTA EN CONTRATACIONES DEL ESTADO";https://empleosperuhoy.blogspot.com/2026/10/poder-judicial-cas-n-111-codigo-00156_5.html;"oferta laboral individual completa"
1442578790391668957;A;CONSERVAR;CONSERVADO;0;"DIRECCION AGRARIA(DRA) AYACUCHO: Auxiliar de campo";https://empleosperuhoy.blogspot.com/2026/10/oferta-de-empleo-direccion-agraria-dra-ayacucho-requiere-auxilia-a95f.html;"oferta laboral individual completa"
1442611060946858605;A;CONSERVAR;CONSERVADO;0;"MINISTERIO PÚBLICO - FISCALÍA: CAS N° 134 - CÓDIGO AFF-04: ASISTENTE EN FUNCIÓN FISCAL";https://empleosperuhoy.blogspot.com/2026/10/ministerio-publico-fiscalia-cas-n-134_08.html;"oferta laboral individual completa"
1447683349651777235;A;CONSERVAR;CONSERVADO;0;"MUNICIPALIDAD DE MAZAMARI: MUNICIPALIDAD DE MAZAMARI: (16) Especialistas, Analistas y otros cargos";https://empleosperuhoy.blogspot.com/2026/10/municipalidad-de-mazamari-municipalidad_3.html;"oferta laboral individual completa"
1448747710813976161;A;CONSERVAR;CONSERVADO;0;"MUNICIPALIDAD DE MAZAMARI: CAS N° 004 - ITEM N° 12: ESPECIALISTA LEGAL I";https://empleosperuhoy.blogspot.com/2026/10/municipalidad-de-mazamari-cas-n-004_58.html;"oferta laboral individual completa"
145615981867189137;A;CONSERVAR;CONSERVADO;0;"DIRECCIÓN DE AGRICULTURA HUÁNUCO: ESPECIALISTA ADMINISTRATIVO - CODIGO AIRHSP:000645";https://empleosperuhoy.blogspot.com/2026/10/oportunidad-laboral-cas-004-2026-especialista-administrativo-codigo-ai.html;"oferta laboral individual completa"
1468712791131338141;A;CONSERVAR;CONSERVADO;0;"UNIVERSIDAD DE CAÑETE(UNDC): CAS N° 003- N° Plaza 027: PERSONAL DE SEGURIDAD";https://empleosperuhoy.blogspot.com/2026/10/universidad-de-caneteundc-cas-n-003-n_15.html;"oferta laboral individual completa"
148122805012622668;A;CONSERVAR;CONSERVADO;0;"PROGRAMA SANEAMIENTO URBANO: ANALISTA DE INFORMÁTICA III";https://empleosperuhoy.blogspot.com/2026/10/oportunidad-laboral-cas-036-analista-informatica-iii-programa-saneamie.html;"oferta laboral individual completa"
1491389291465294193;A;CONSERVAR;CONSERVADO;0;"INVERMET: CHOFER II";https://empleosperuhoy.blogspot.com/2026/10/invermet-chofer-ii_6.html;"oferta laboral individual completa"
1492168433258655645;A;CONSERVAR;CONSERVADO;0;"UNIVERSIDAD DE CAÑETE(UNDC): CAS N° 003- N° Plaza 069: ESPECIALISTA LEGAL";https://empleosperuhoy.blogspot.com/2026/10/universidad-de-caneteundc-cas-n-003-n_17.html;"oferta laboral individual completa"
1506602536971033637;A;CONSERVAR;CONSERVADO;0;"FONCODES: ABOGADO";https://empleosperuhoy.blogspot.com/2026/10/oportunidad-laboral-cas-035-abogado-foncodes-puno-632883.html;"oferta laboral individual completa"
1519180679403853467;A;CONSERVAR;CONSERVADO;0;"PODER JUDICIAL: CAS N° 071 - CÓDIGO 01128: Especialista Judicial de Juzgado";https://empleosperuhoy.blogspot.com/2026/10/poder-judicial-cas-n-071-codigo-01128_9.html;"oferta laboral individual completa"
1520529530810229686;A;CONSERVAR;CONSERVADO;0;"PODER JUDICIAL: CAS N° 183 - CÓDIGO 02417: ESPECIALISTA LEGAL PARA LA OFICINA DE PRODUCTIVIDAD JUDICIAL";https://empleosperuhoy.blogspot.com/2026/10/oportunidad-laboral-cas-183-codigo-especialista-legal-oficina-producti.html;"oferta laboral individual completa"
1543479518295421613;A;CONSERVAR;CONSERVADO;0;"RED DE SALUD SAN MARTIN DE PANGOA: RED DE SALUD SAN MARTIN DE PANGOA: (19) Enfermeras, Obstetras, Técnicos y otros cargos";https://empleosperuhoy.blogspot.com/2026/10/oferta-de-empleo-red-salud-san-martin-pangoa-enfermeras-obstetra-7e04.html;"oferta laboral individual completa"
1547891244139658763;A;CONSERVAR;CONSERVADO;0;"HOSPITAL VILLA EL SALVADOR: HOSPITAL VILLA EL SALVADOR: (27) Médicos, Enfermeras, Psicólogo, Farmacéutico y otros";https://empleosperuhoy.blogspot.com/2026/10/hospital-villa-el-salvador-hospital_6.html;"oferta laboral individual completa"
1550905965622191930;A;CONSERVAR;CONSERVADO;0;"HOSPITAL SICUANI: CAS N° 009 - ITEM 03: COORDINADOR TECNICO DE RECURSOS HUMANOS";https://empleosperuhoy.blogspot.com/2026/10/oportunidad-laboral-cas-009-item-coordinador-tecnico-recursos-humanos-.html;"oferta laboral individual completa"
1559972120234747037;A;CONSERVAR;CONSERVADO;0;"HOSPITAL GENERAL DE JAÉN: CAS N° 002 - Código AIRHSP 003536: MÉDICO AUDITOR";https://empleosperuhoy.blogspot.com/2026/10/oportunidad-laboral-cas-002-codigo-airhsp-medico-auditor-hospita-2018.html;"oferta laboral individual completa"
1567798726203129772;A;CONSERVAR;CONSERVADO;0;"MINISTERIO DE TRABAJO(MTPE): EXPERTO/A LEGAL EN DERECHO ADMINISTRATIVO Y LABORAL";https://empleosperuhoy.blogspot.com/2026/10/oportunidad-laboral-cas-128-experto-legal-derecho-administrativo-labor.html;"oferta laboral individual completa"
159064431773510381;A;CONSERVAR;CONSERVADO;0;"COPESCO CUSCO: DL 728 N° 033: PROFESIONAL III";https://empleosperuhoy.blogspot.com/2026/10/copesco-cusco-dl-728-n-033-profesional_3.html;"oferta laboral individual completa"
1591276864818882406;A;CONSERVAR;CONSERVADO;0;"Especialistas En Ciencias De La Salud";https://empleosperuhoy.blogspot.com/2026/10/especialistas-en-ciencias-de-la-salud.html;"oferta laboral individual completa"
1601020333798503043;A;CONSERVAR;CONSERVADO;0;"DIRECCION DE EDUCACION(DRE) HUANCAVELICA: DIRECCION DE EDUCACION(DRE) HUANCAVELICA: requiere Especialista, Abogado y Técnico";https://empleosperuhoy.blogspot.com/2026/10/direccion-de-educaciondre-huancavelica.html;"oferta laboral individual completa"
1611615767751493210;A;CONSERVAR;CONSERVADO;0;"CAS N° 008: ANALISTA EN ARCHIVO";https://empleosperuhoy.blogspot.com/2026/09/cas-n-008-analista-en-archivo.html;"oferta laboral individual completa"
1626240156811875011;A;CONSERVAR;CONSERVADO;0;"MINISTERIO DE ENERGÍA Y MINAS (MINEM): ANALISTA III DE SUPERVISIÓN EN SEGURIDAD INTEGRAL DEL MINISTERIO DE ENERGIA Y MINAS";https://empleosperuhoy.blogspot.com/2026/10/ministerio-de-energia-y-minas-minem_44.html;"oferta laboral individual completa"
1628343061683949482;A;CONSERVAR;CONSERVADO;0;"UGEL LA UNION: Especialistas y apoyo administrativo";https://empleosperuhoy.blogspot.com/2026/10/ugel-la-union-especialistas-y-apoyo_3.html;"oferta laboral individual completa"
1633135535487306450;A;CONSERVAR;CONSERVADO;0;"UGEL TACNA: UGEL TACNA: solicita Trabajador de Servicios";https://empleosperuhoy.blogspot.com/2026/10/ugel-tacna-ugel-tacna-solicita_4.html;"oferta laboral individual completa"
1646012418710249283;A;CONSERVAR;CONSERVADO;0;"Vendedora Tiempo Completo";https://empleosperuhoy.blogspot.com/2026/10/vendedora-tiempo-completo.html;"oferta laboral individual completa"
1665523943609309743;A;CONSERVAR;CONSERVADO;0;"INEI: INEI: 259 Auxiliares de salud de local de evaluación";https://empleosperuhoy.blogspot.com/2026/10/oferta-de-empleo-inei-259-auxiliares-salud-local-votacion-convoc-19aa.html;"oferta laboral individual completa"
1667279081793416706;A;CONSERVAR;CONSERVADO;0;"PODER JUDICIAL: N° 001 - CÓDIGO 00337-2: TECNICO ADMINISTRATIVO II";https://empleosperuhoy.blogspot.com/2026/10/poder-judicial-n-001-codigo-00337-2_7.html;"oferta laboral individual completa"
1668122418751481251;A;CONSERVAR;CONSERVADO;0;"CAS N° 004-2026: Médico Especialista (Departamento de Pediatría)";https://empleosperuhoy.blogspot.com/2026/09/cas-n-004-2026-medico-especialista_0524576102.html;"oferta laboral individual completa"
1676284829460153089;A;CONSERVAR;CONSERVADO;0;"PODER JUDICIAL: N° 02 - CÓDIGO 00309-3: SECRETARIO JUDICIAL";https://empleosperuhoy.blogspot.com/2026/10/oportunidad-laboral-codigo-secretario-judicial-poder-lima-632221.html;"oferta laboral individual completa"
1686240644944203859;A;CONSERVAR;CONSERVADO;0;"SEDAM HUANCAYO: 728 N° 047: OPERADOR DE PLANTA DE TRATAMIENTO";https://empleosperuhoy.blogspot.com/2026/10/sedam-huancayo-728-n-047-operador-de.html;"oferta laboral individual completa"
1694333859257041791;A;CONSERVAR;CONSERVADO;0;"COPESCO CUSCO: COPESCO CUSCO: solicita Profesional y Especialista";https://empleosperuhoy.blogspot.com/2026/10/oferta-de-empleo-copesco-cusco-solicita-profesional-especialista-8d5f.html;"oferta laboral individual completa"
1712163463227892490;A;CONSERVAR;CONSERVADO;0;"HOSPITAL DE HUACHO: 276 N° 001-2026: Médico – Pediatría";https://empleosperuhoy.blogspot.com/2026/10/hospital-de-huacho-276-n-001-2026_79.html;"oferta laboral individual completa"
1734442464490496936;A;CONSERVAR;CONSERVADO;0;"SINEACE: SINEACE: (9) Asistentes, coordinadores, especialista y asistente";https://empleosperuhoy.blogspot.com/2026/10/sineace-sineace-9-asistentes_6.html;"oferta laboral individual completa"
1739368994389462464;A;CONSERVAR;CONSERVADO;0;"PODER JUDICIAL: CAS N° 015 - CÓDIGO 01525: ESPECIALISTA LEGAL (CAUSA)";https://empleosperuhoy.blogspot.com/2026/10/oportunidad-laboral-cas-015-codigo-especialista-legal-causa-poder-judi.html;"oferta laboral individual completa"
1745074634732599839;A;CONSERVAR;CONSERVADO;0;"UNIVERSIDAD DE BAGUA: CAS N° 005 - ITEM N° 01: PROFESIONAL IV - DIRECCION DE PRODUCCIÓN DE BIENES Y SERVICIOS";https://empleosperuhoy.blogspot.com/2026/10/universidad-de-bagua-cas-n-005-item-n_07.html;"oferta laboral individual completa"
1759424304359459572;A;CONSERVAR;CONSERVADO;0;"DIRESA CALLAO: Trabajador de Servicios Generales - Limpieza";https://empleosperuhoy.blogspot.com/2026/10/oportunidad-laboral-cas-061-2026-trabajador-servicios-generales-limpie.html;"oferta laboral individual completa"
1761102997340605127;A;CONSERVAR;CONSERVADO;0;"ADMINISTRACIÓN DE LAS RELACIONES CON LOS CLIENTES";https://empleosperuhoy.blogspot.com/2026/09/administracion-de-las-relaciones-con.html;"oferta laboral individual completa"
1783130696525242321;A;CONSERVAR;CONSERVADO;0;"UNIVERSIDAD DE CAÑETE(UNDC): CAS N° 003- N° Plaza 091: ASISTENTE ADMINISTRATIVO";https://empleosperuhoy.blogspot.com/2026/10/universidad-de-caneteundc-cas-n-003-n_58.html;"oferta laboral individual completa"
178599501303995238;A;CONSERVAR;CONSERVADO;0;"UNIVERSIDAD DE CAÑETE(UNDC): CAS N° 003- N° Plaza 035: SECRETARIA I";https://empleosperuhoy.blogspot.com/2026/10/universidad-de-caneteundc-cas-n-003-n_00.html;"oferta laboral individual completa"
1792178227293011516;A;CONSERVAR;CONSERVADO;0;"MINISTERIO DE ENERGÍA Y MINAS (MINEM): MINISTERIO DE ENERGÍA Y MINAS (MINEM): (8) Especialistas, Analistas y Asesor legal";https://empleosperuhoy.blogspot.com/2026/10/ministerio-de-energia-y-minas-minem_88.html;"oferta laboral individual completa"
1793801140650917983;A;CONSERVAR;CONSERVADO;0;"DIRESA CAJAMARCA: ANALISTA EN RECURSOS HUMANOS";https://empleosperuhoy.blogspot.com/2026/10/diresa-cajamarca-analista-en-recursos_2.html;"oferta laboral individual completa"
1795075838191258917;A;CONSERVAR;CONSERVADO;0;"PROGRAMA JOVENES PRODUCTIVOS: ESPECIALISTA EN TESORERIA";https://empleosperuhoy.blogspot.com/2026/10/programa-jovenes-productivos_66.html;"oferta laboral individual completa"
1815527873836135240;A;CONSERVAR;CONSERVADO;0;"Personal Para Pollería";https://empleosperuhoy.blogspot.com/2026/10/personal-para-polleria.html;"oferta laboral individual completa"
1818516172949105326;A;CONSERVAR;CONSERVADO;0;"SENCICO: COORDINADOR/A DEL SISTEMA DE CONTROL INTERNO";https://empleosperuhoy.blogspot.com/2026/10/sencico-coordinadora-del-sistema-de_0.html;"oferta laboral individual completa"
1821541235784602663;A;CONSERVAR;CONSERVADO;0;"UGEL HUÁNUCO: CAS N° 014 - CÓDIGO AIRHPS 001988: ASISTENTE ADMMINISTRATIVO - PATRIMONIO";https://empleosperuhoy.blogspot.com/2026/10/oportunidad-laboral-cas-014-codigo-airhps-asistente-admministrat-057f.html;"oferta laboral individual completa"
1838011757217647137;A;CONSERVAR;CONSERVADO;0;"MINISTERIO DE CULTURA: Nº 013-2026: Practicante para la Oficina de Informática y Telecomunicaciones";https://empleosperuhoy.blogspot.com/2026/10/ministerio-de-cultura-n-013-2026_9.html;"oferta laboral individual completa"
185196456659571752;A;CONSERVAR;CONSERVADO;0;"DIRECCION DE EDUCACION(DRE) CALLAO: 5 practicantes";https://empleosperuhoy.blogspot.com/2026/10/direccion-de-educaciondre-callao-5_6.html;"oferta laboral individual completa"
1871439892382623727;A;CONSERVAR;CONSERVADO;0;"DIRECCIÓN DE AGRICULTURA HUÁNUCO: DIRECCIÓN DE AGRICULTURA HUÁNUCO: (23) Especialista, Auxiliares, Técnicos administrativo y otros";https://empleosperuhoy.blogspot.com/2026/10/oferta-de-empleo-direccion-agricultura-huanuco-especialista-auxi-3890.html;"oferta laboral individual completa"
187187575579186948;A;CONSERVAR;CONSERVADO;0;"HOSPITAL GENERAL DE JAÉN: CAS N° 002 - Código AIRHSP 003561: MÉDICO ESPECIALISTA EN UROLOGÍA";https://empleosperuhoy.blogspot.com/2026/10/hospital-general-de-jaen-cas-n-002_28.html;"oferta laboral individual completa"
1882461458753423243;A;CONSERVAR;CONSERVADO;0;"Redactor De Tesis- Derecho Constitucional";https://empleosperuhoy.blogspot.com/2026/10/redactor-de-tesis-derecho-constitucional.html;"oferta laboral individual completa"
1888366293279433139;A;CONSERVAR;CONSERVADO;0;"HOSPITAL DE HUARAZ: HOSPITAL DE HUARAZ: (12) Enfermeras, Farmacéuticos, Médicos, Trabajador Social";https://empleosperuhoy.blogspot.com/2026/10/oferta-de-empleo-hospital-huaraz-enfermeras-farmaceuticos-medico-8bce.html;"oferta laboral individual completa"
1891181918401801840;A;CONSERVAR;CONSERVADO;0;"UNIVERSIDAD DE BAGUA: CAS N° 005 - ITEM N° 23: PROFESIONAL III - DIRECCIÓN DE INTERCULTURALIDAD";https://empleosperuhoy.blogspot.com/2026/10/oportunidad-laboral-cas-005-item-profesional-iii-direccion-intercultur.html;"oferta laboral individual completa"
189195313096116020;A;CONSERVAR;CONSERVADO;0;"INDECOPI: N° 064-2026: Practicante para la Oficina de Estudios Económicos";https://empleosperuhoy.blogspot.com/2026/10/oportunidad-laboral-practicas-indecopi-economia-ciencias-economi-ea32.html;"oferta laboral individual completa"
1899339178341039657;A;CONSERVAR;CONSERVADO;0;"CAS N° 003 - ITEM 24: TÉCNICO ELECTROMECÁNICO - UNIDAD DE SERVICIOS GENERALES Y MANTENIMIENTO";https://empleosperuhoy.blogspot.com/2026/09/cas-n-003-item-24-tecnico.html;"oferta laboral individual completa"
1903774724917796363;A;CONSERVAR;CONSERVADO;0;"SUNAFIL: ANALISTA PROGRAMADOR";https://empleosperuhoy.blogspot.com/2026/10/sunafil-analista-programador_9.html;"oferta laboral individual completa"
1905449318191571746;A;CONSERVAR;CONSERVADO;0;"CAS N° 004-2026: Auxiliar Asistencial";https://empleosperuhoy.blogspot.com/2026/09/cas-n-004-2026-auxiliar-asistencial.html;"oferta laboral individual completa"
1906922724172555175;A;CONSERVAR;CONSERVADO;0;"VENTA EMOCIONAL";https://empleosperuhoy.blogspot.com/2026/09/venta-emocional_47.html;"oferta laboral individual completa"
1918981745162921411;A;CONSERVAR;CONSERVADO;0;"Instructor de Gimnasio";https://empleosperuhoy.blogspot.com/2026/09/instructor-de-gimnasio.html;"oferta laboral individual completa"
1940619012690789798;A;CONSERVAR;CONSERVADO;0;"UGEL-5: TRABAJADOR DE SERVICIO";https://empleosperuhoy.blogspot.com/2026/10/oportunidad-laboral-trabajador-servicio-ugel-lima-633707.html;"oferta laboral individual completa"
1957648578860192137;A;CONSERVAR;CONSERVADO;0;"MINISTERIO PÚBLICO - FISCALÍA: CAS N° 135 - CÓDIGO AFF-11: ASISTENTE EN FUNCIÓN FISCAL";https://empleosperuhoy.blogspot.com/2026/10/ministerio-publico-fiscalia-cas-n-135_9.html;"oferta laboral individual completa"
195807045041640471;A;CONSERVAR;CONSERVADO;0;"INEI: OPERADOR DE MANTENIMIENTO DE LOCAL DE EVALUACIÓN -  AREQUIPA";https://empleosperuhoy.blogspot.com/2026/10/oportunidad-laboral-operador-mantenimiento-local-evaluacion-arequipa-i.html;"oferta laboral individual completa"
1958676594448723762;A;CONSERVAR;CONSERVADO;0;"HOSPITAL JULIO CESAR DEMARINI CARO: Abogado Especialista (024-PCAS04/2026)";https://empleosperuhoy.blogspot.com/2026/10/oportunidad-laboral-cas-004-2026-abogado-especialista-024-pcas04-hospi.html;"oferta laboral individual completa"
1962079005682018035;A;CONSERVAR;CONSERVADO;0;"PRONABEC: Especialista, Analista y Coordinador";https://empleosperuhoy.blogspot.com/2026/10/oferta-de-empleo-pronabec-requiere-especialista-analista-coordin-5139.html;"oferta laboral individual completa"
1974980556122736585;A;CONSERVAR;CONSERVADO;0;"GOBIERNO REGIONAL DE AYACUCHO: 2 practicantes";https://empleosperuhoy.blogspot.com/2026/10/gobierno-regional-de-ayacucho-2_6.html;"oferta laboral individual completa"
1985007873124330976;A;CONSERVAR;CONSERVADO;0;"UNIVERSIDAD DE CAÑETE(UNDC): CAS N° 003- N° Plaza 037: ASISTENTE ADMINISTRATIVO";https://empleosperuhoy.blogspot.com/2026/10/universidad-de-caneteundc-cas-n-003-n_597.html;"oferta laboral individual completa"
1989132127154734987;A;CONSERVAR;CONSERVADO;0;"Redactor De Tesis Comunicacion Social - Remoto Arequipa";https://empleosperuhoy.blogspot.com/2026/10/redactor-de-tesis-comunicacion-social_0158107713.html;"oferta laboral individual completa"
2005667578495569627;A;CONSERVAR;CONSERVADO;0;"RED DE SALUD CHANCHAMAYO: RED DE SALUD CHANCHAMAYO: (64) Médicos, Enfermeras, Técnicos y otros cargos";https://empleosperuhoy.blogspot.com/2026/10/oferta-de-empleo-red-salud-chanchamayo-medicos-enfermeras-tecnic-ca90.html;"oferta laboral individual completa"
2008947368239912329;A;CONSERVAR;CONSERVADO;0;"INEI: OPERADOR DE MANTENIMIENTO DE LOCAL DE EVALUACIÓN - CUSCO";https://empleosperuhoy.blogspot.com/2026/10/oportunidad-laboral-operador-mantenimiento-local-evaluacion-cusco-inei.html;"oferta laboral individual completa"
2017711601164887550;A;CONSERVAR;CONSERVADO;0;"SERFOR: SERFOR: 2 Especialistas";https://empleosperuhoy.blogspot.com/2026/10/serfor-serfor-2-especialistas_9.html;"oferta laboral individual completa"
2020062284569172527;A;CONSERVAR;CONSERVADO;0;"HOSPITAL JULIO CESAR DEMARINI CARO: Médico Especialista Gineco Obstetra (008-PCAS04/2026)";https://empleosperuhoy.blogspot.com/2026/10/oportunidad-laboral-cas-004-2026-medico-especialista-gineco-obstetra-0.html;"oferta laboral individual completa"
2028909675905548813;A;CONSERVAR;CONSERVADO;0;"Expectativa salarial: cómo responderla sin quedarte corto ni pasarte";https://empleosperuhoy.blogspot.com/2026/10/expectativa-salarial-como-responderla.html;"oferta laboral individual completa"
2033853027453151666;A;CONSERVAR;CONSERVADO;0;"RED DE SALUD CONCHUCOS NORTE - POMABAMBA: CAS N° 003 - CODIGO N° 001913: TECNOLOGO MEDICO";https://empleosperuhoy.blogspot.com/2026/10/red-de-salud-conchucos-norte-pomabamba_0226777739.html;"oferta laboral individual completa"
2033909869128254441;A;CONSERVAR;CONSERVADO;0;"PAE - PROGRAMA DE ALIMENTACIÓN ESCOLAR: MONITOR/A DE GESTIÓN LOCAL";https://empleosperuhoy.blogspot.com/2026/10/oportunidad-laboral-cas-085-monitor-gestion-local-pae-programa-aliment.html;"oferta laboral individual completa"
2041068364304757280;A;CONSERVAR;CONSERVADO;0;"Buscamos Teleoperadores/As Con Experiencia Para Ong";https://empleosperuhoy.blogspot.com/2026/10/buscamos-teleoperadoresas-con.html;"oferta laboral individual completa"
204409878629475872;A;CONSERVAR;CONSERVADO;0;"HOSPITAL SANTA MARÍA DE CUTERVO: Abogado";https://empleosperuhoy.blogspot.com/2026/10/hospital-santa-maria-de-cutervo-abogado.html;"oferta laboral individual completa"
2052439158854892141;A;CONSERVAR;CONSERVADO;0;"UNIVERSIDAD DE CAÑETE(UNDC): CAS N° 003- N° Plaza 047: ANALISTA DE SOPORTE EN ACREDITACIÓN";https://empleosperuhoy.blogspot.com/2026/10/universidad-de-caneteundc-cas-n-003-n_211.html;"oferta laboral individual completa"
2052921351213869181;A;CONSERVAR;CONSERVADO;0;"FONDEPES: - Analista administrativo II Convocatoria octubre 2026";https://empleosperuhoy.blogspot.com/2026/10/oferta-de-empleo-fondepes-busca-analista-administrativo-convocat-cb18.html;"oferta laboral individual completa"
2090045532739716560;A;CONSERVAR;CONSERVADO;0;"UNIVERSIDAD DE BAGUA: CAS N° 005 - ITEM N° 41: PROFESIONAL IV - INSTITUTO DE INVESTIGACIÓN";https://empleosperuhoy.blogspot.com/2026/10/oportunidad-laboral-cas-005-item-profesional-instituto-investiga-a1ae.html;"oferta laboral individual completa"
2093082397082342617;A;CONSERVAR;CONSERVADO;0;"MINISTERIO PÚBLICO - FISCALÍA: CAS N° 135 - CÓDIGO AFF-06: ASISTENTE EN FUNCIÓN FISCAL";https://empleosperuhoy.blogspot.com/2026/10/ministerio-publico-fiscalia-cas-n-135_6.html;"oferta laboral individual completa"
2097185064667597683;A;CONSERVAR;CONSERVADO;0;"MINISTERIO DE VIVIENDA: MINISTERIO DE VIVIENDA: (20) Especialistas, Analistas, Coordinadores y otros cargos";https://empleosperuhoy.blogspot.com/2026/10/ministerio-de-vivienda-ministerio-de_3.html;"oferta laboral individual completa"
2102039495971392831;A;CONSERVAR;CONSERVADO;0;"UNIVERSIDAD DE CAÑETE(UNDC): CAS N° 003- N° Plaza 097: ASISTENTE ADMINISTRATIVO";https://empleosperuhoy.blogspot.com/2026/10/oportunidad-laboral-cas-003-plaza-097-asistente-administrativo-univers.html;"oferta laboral individual completa"
211125032632768309;A;CONSERVAR;CONSERVADO;0;"DIRECCIÓN DE EDUCACIÓN(DRE) LIMA: Especialista en RRHH y en Prensa y Comunicaciones";https://empleosperuhoy.blogspot.com/2026/10/direccion-de-educaciondre-lima_9.html;"oferta laboral individual completa"
2120504574570448030;A;CONSERVAR;CONSERVADO;0;"UGEL HUÁNUCO: CAS N° 014 - CÓDIGO AIRHPS 001307: ESPECIALISTA EN CONTRATACIONES DEL ESTADO";https://empleosperuhoy.blogspot.com/2026/10/oportunidad-laboral-cas-014-codigo-airhps-especialista-contratac-026f.html;"oferta laboral individual completa"
2133665418903524919;A;CONSERVAR;CONSERVADO;0;"UNIVERSIDAD DE CAÑETE(UNDC): CAS N° 003- N° Plaza 061: ESPECIALISTA ACADÉMICO ADMINISTRATIVO";https://empleosperuhoy.blogspot.com/2026/10/oportunidad-laboral-cas-003-plaza-061-especialista-academico-administr.html;"oferta laboral individual completa"
2137247667763647021;A;CONSERVAR;CONSERVADO;0;"CUNA MAS: CUNA MAS: (37) Especialistas, Asistentes, Coordinadores, Técnicos y otros cargos";https://empleosperuhoy.blogspot.com/2026/10/cuna-mas-cuna-mas-37-especialistas_7.html;"oferta laboral individual completa"
214027486403395694;A;CONSERVAR;CONSERVADO;0;"PRONIED: Especialista III en gestión publica";https://empleosperuhoy.blogspot.com/2026/10/pronied-especialista-iii-en-gestion_9.html;"oferta laboral individual completa"
2181054076074504270;A;CONSERVAR;CONSERVADO;0;"SAT PIURA: (4) Personales de Apoyo al Departamento de Recursos Humanos - Controlador";https://empleosperuhoy.blogspot.com/2026/10/oferta-de-empleo-sat-piura-requiere-personales-apoyo-departament-8045.html;"oferta laboral individual completa"
2193753421293528358;A;CONSERVAR;CONSERVADO;0;"UNIVERSIDAD SAN LUIS GONZAGA: CONCURSO PÚBLICO PARA CONTRATO DE PERSONAL DOCENTE EN UNICA requiere";https://empleosperuhoy.blogspot.com/2026/10/oferta-de-empleo-concurso-publico-contrato-personal-docente-uslg-b35e.html;"oferta laboral individual completa"
2195069165171884129;A;CONSERVAR;CONSERVADO;0;"PROCURADURÍA DEL ESTADO: ANALISTA DE SEGURIDAD Y SALUD EN EL TRABAJO";https://empleosperuhoy.blogspot.com/2026/10/procuraduria-del-estado-analista-de_6.html;"oferta laboral individual completa"
2205357358045409161;A;CONSERVAR;CONSERVADO;0;"ZOFRATACNA: N° 023-2026: Practicante para la Gerencia de Operaciones";https://empleosperuhoy.blogspot.com/2026/10/zofratacna-n-023-2026-practicante-para_0.html;"oferta laboral individual completa"
2226364065984763184;A;CONSERVAR;CONSERVADO;0;"CAS N° 004-2026: Técnico en Laboratorio";https://empleosperuhoy.blogspot.com/2026/09/cas-n-004-2026-tecnico-en-laboratorio.html;"oferta laboral individual completa"
2229135140872673809;A;CONSERVAR;CONSERVADO;0;"INVERMET: Cajero";https://empleosperuhoy.blogspot.com/2026/10/oferta-de-empleo-invermet-busca-cajero-convocatoria-octubre-2026-89689.html;"oferta laboral individual completa"
2249727106890610184;A;CONSERVAR;CONSERVADO;0;"Ingeniero(a) de Aplicaciones – Sistemas de Agua Caliente Institucional e Industrial";https://empleosperuhoy.blogspot.com/2026/09/ingenieroa-de-aplicaciones-sistemas-de.html;"oferta laboral individual completa"
2251899204048460600;A;CONSERVAR;CONSERVADO;0;"PODER JUDICIAL: CAS N° 032 - CÓDIGO 01525-1-2: Especialista Legal";https://empleosperuhoy.blogspot.com/2026/10/oportunidad-laboral-cas-032-codigo-especialista-legal-poder-judicial-l.html;"oferta laboral individual completa"
2253592929049243451;A;CONSERVAR;CONSERVADO;0;"Se Busca Asesor De Atención Al Cliente Call Center Con O Sin Experiencia";https://empleosperuhoy.blogspot.com/2026/10/se-busca-asesor-de-atencion-al-cliente.html;"oferta laboral individual completa"
2264539967239854544;A;CONSERVAR;CONSERVADO;0;"SEDAM HUANCAYO: 728 N° 050: OPERADOR DE PLANTA DE TRATAMIENTO";https://empleosperuhoy.blogspot.com/2026/10/sedam-huancayo-728-n-050-operador-de.html;"oferta laboral individual completa"
2264794289126118971;A;CONSERVAR;CONSERVADO;0;"PROGRAMA SANEAMIENTO URBANO: ANALISTA II DE SEGUIMIENTO Y MONITOREO";https://empleosperuhoy.blogspot.com/2026/10/oportunidad-laboral-cas-042-analista-seguimiento-monitoreo-programa-sa.html;"oferta laboral individual completa"
227154450778852907;A;CONSERVAR;CONSERVADO;0;"PROGRAMA DE BECAS DE COOPERACIÓN SUR SUR REPÚBLICA DE CHILE AÑO 2027";https://empleosperuhoy.blogspot.com/2026/09/programa-de-becas-de-cooperacion-sur.html;"oferta laboral individual completa"
2278987951901032121;A;CONSERVAR;CONSERVADO;0;"PAE - PROGRAMA DE ALIMENTACIÓN ESCOLAR: CHOFER";https://empleosperuhoy.blogspot.com/2026/10/oportunidad-laboral-cas-080-chofer-pae-programa-alimentacion-escolar-c.html;"oferta laboral individual completa"
2279395444554114784;A;CONSERVAR;CONSERVADO;0;"Codificador de Repuestos / Trujillo";https://empleosperuhoy.blogspot.com/2026/09/codificador-de-repuestos-trujillo.html;"oferta laboral individual completa"
2283541082304226609;A;CONSERVAR;CONSERVADO;0;"UNIVERSIDAD DE BAGUA: CAS N° 005 - ITEM N° 08: PROFESIONAL IV - OFICINA DE GESTIÓN DE LA CALIDAD";https://empleosperuhoy.blogspot.com/2026/10/oportunidad-laboral-cas-005-item-profesional-oficina-gestion-calidad-u.html;"oferta laboral individual completa"
228655957942460523;A;CONSERVAR;CONSERVADO;0;"OSINERGMIN: N° 030-2026: Practicante para la Secretaría Técnica de los Órganos Resolutivos";https://empleosperuhoy.blogspot.com/2026/10/oportunidad-laboral-practicas-osinergmin-ingenieria-electrica-el-0070.html;"oferta laboral individual completa"
2287111381358946342;A;CONSERVAR;CONSERVADO;0;"Mecanico";https://empleosperuhoy.blogspot.com/2026/10/mecanico.html;"oferta laboral individual completa"
229922287202972068;A;CONSERVAR;CONSERVADO;0;"RED DE SALUD CONCHUCOS NORTE - POMABAMBA: CAS N° 003 - CODIGO N° 001615: TECNOLOGO MEDICO - RADIOLOGIA";https://empleosperuhoy.blogspot.com/2026/10/red-de-salud-conchucos-norte-pomabamba_037525536.html;"oferta laboral individual completa"
229991573278440653;A;CONSERVAR;CONSERVADO;0;"UGEL 1: UGEL 1: requiere Especialista";https://empleosperuhoy.blogspot.com/2026/10/oferta-de-empleo-ugel-requiere-especialista-convocatoria-setiemb-80f8.html;"oferta laboral individual completa"
2301316832034281242;A;CONSERVAR;CONSERVADO;0;"PROGRAMA WARMI ÑAN: PROGRAMA WARMI ÑAN: (80) Abogados, profesionales, psicólogos y otros";https://empleosperuhoy.blogspot.com/2026/10/programa-warmi-nan-programa-warmi-nan.html;"oferta laboral individual completa"
230161198790239221;A;CONSERVAR;CONSERVADO;0;"UNIVERSIDAD TECNOLOGICA LIMA SUR(UNTELS): UNIVERSIDAD TECNOLOGICA LIMA SUR(UNTELS): (11) Especialistas, Asistentes y otros cargos";https://empleosperuhoy.blogspot.com/2026/10/universidad-tecnologica-lima-suruntels.html;"oferta laboral individual completa"
2302699875132155297;A;CONSERVAR;CONSERVADO;0;"MUNICIPALIDAD DE MARAS: 276 N° 008: ALMACENERO DE OBRA";https://empleosperuhoy.blogspot.com/2026/10/municipalidad-de-maras-276-n-008_8.html;"oferta laboral individual completa"
232537517392572611;A;CONSERVAR;CONSERVADO;0;"CUNA MAS: CUNA MAS: (37) Especialistas, asistentes, administrador, abogados y otros";https://empleosperuhoy.blogspot.com/2026/10/oferta-de-empleo-cuna-mas-especialistas-asistentes-administrador-926f.html;"oferta laboral individual completa"
2336308766583590248;A;CONSERVAR;CONSERVADO;0;"MINISTERIO DE COMERCIO (MINCETUR): Coordinadores y asistente";https://empleosperuhoy.blogspot.com/2026/10/ministerio-de-comercio-mincetur_29.html;"oferta laboral individual completa"
234332984407497441;A;CONSERVAR;CONSERVADO;0;"MUNICIPALIDAD DE PICHACANI: Asistente de Tesorería";https://empleosperuhoy.blogspot.com/2026/10/oportunidad-laboral-cas-003-asistente-tesoreria-municipalidad-pichacan.html;"oferta laboral individual completa"
2356637029015250241;A;CONSERVAR;CONSERVADO;0;"HOSPITAL GENERAL DE JAÉN: CAS N° 002 - Código AIRHSP 003534 y 003535: MÉDICO AUDITOR";https://empleosperuhoy.blogspot.com/2026/10/oportunidad-laboral-cas-002-codigo-airhsp-medico-auditor-hospita-5784.html;"oferta laboral individual completa"
2363428426946751020;A;CONSERVAR;CONSERVADO;0;"PODER JUDICIAL: N° 02 - CÓDIGO 00309-8: SECRETARIO JUDICIAL";https://empleosperuhoy.blogspot.com/2026/10/oportunidad-laboral-codigo-secretario-judicial-poder-lima-632228.html;"oferta laboral individual completa"
2365733690714735919;A;CONSERVAR;CONSERVADO;0;"DEFENSORÍA DEL PUEBLO: Coordinador";https://empleosperuhoy.blogspot.com/2026/10/oportunidad-laboral-cas-152-coordinador-defensoria-del-pueblo-apurimac.html;"oferta laboral individual completa"
2369637050796478704;A;CONSERVAR;CONSERVADO;0;"HOSPITAL JULIO CESAR DEMARINI CARO: Médico Especialista en Cardiología (002-PCAS04/2026)";https://empleosperuhoy.blogspot.com/2026/10/hospital-julio-cesar-demarini-caro_66.html;"oferta laboral individual completa"
2370185589366697437;A;CONSERVAR;CONSERVADO;0;"RED DE SALUD JAUJA: 276 N° 002: TECNICO/A EN SALUD PUBLICA I";https://empleosperuhoy.blogspot.com/2026/10/red-de-salud-jauja-276-n-002-tecnicoa_94.html;"oferta laboral individual completa"
2376944268703958314;A;CONSERVAR;CONSERVADO;0;"GOBIERNO REGIONAL DE HUÁNUCO: GOBIERNO REGIONAL DE HUÁNUCO: (6) Abogado, Secretaria, Conductor de vehículo y otros";https://empleosperuhoy.blogspot.com/2026/10/oferta-de-empleo-gobierno-regional-huanuco-abogado-secretaria-co-f214.html;"oferta laboral individual completa"
237841498575430600;A;CONSERVAR;CONSERVADO;0;"INVERMET: AUXILIARES DE MANTENIMIENTO Y SERVICIOS GENERALES";https://empleosperuhoy.blogspot.com/2026/10/invermet-auxiliares-de-mantenimiento-y_4.html;"oferta laboral individual completa"
2381075725005060916;A;CONSERVAR;CONSERVADO;0;"PROMPERÚ: PROMPERÚ: (6) Especialistas y Asistente";https://empleosperuhoy.blogspot.com/2026/10/oferta-de-empleo-promperu-especialistas-asistente-convocatoria-o-17b3.html;"oferta laboral individual completa"
2383836377662211983;A;CONSERVAR;CONSERVADO;0;"HOSPITAL GENERAL DE JAÉN: HOSPITAL GENERAL DE JAÉN: (126) Médicos, Enfermeras, Técnicos y otros cargos";https://empleosperuhoy.blogspot.com/2026/10/oferta-de-empleo-hospital-general-jaen-126-medicos-enfermeras-te-dbfd.html;"oferta laboral individual completa"
240733183217569555;A;CONSERVAR;CONSERVADO;0;"FONCODES: ANALISTA DE COMPENSACIONES";https://empleosperuhoy.blogspot.com/2026/10/foncodes-analista-de-compensaciones_1.html;"oferta laboral individual completa"
2409914808673479712;A;CONSERVAR;CONSERVADO;0;"UNIVERSIDAD DE BAGUA: CAS N° 005 - ITEM N° 39: SECRETARIA/O - VICEPRESIDENCIA ACADÉMICA";https://empleosperuhoy.blogspot.com/2026/10/universidad-de-bagua-cas-n-005-item-n_126.html;"oferta laboral individual completa"
2418352165451106927;A;CONSERVAR;CONSERVADO;0;"DIRECCION DE EDUCACION(DRE) HUANCAVELICA: 276 N° 004: TÉCNICO ADMINISTRATIVO III";https://empleosperuhoy.blogspot.com/2026/10/direccion-de-educaciondre-huancavelica_041023443.html;"oferta laboral individual completa"
243369763794307727;A;CONSERVAR;CONSERVADO;0;"MINISTERIO DE COMERCIO(MINCETUR): Coordinador (a) de Asuntos Institucionales de los Acuerdos Comerciales Internacionales";https://empleosperuhoy.blogspot.com/2026/10/ministerio-de-comerciomincetur_36.html;"oferta laboral individual completa"
245222125995600397;A;CONSERVAR;CONSERVADO;0;"MINISTERIO DE CULTURA: ANALISTA LEGAL II";https://empleosperuhoy.blogspot.com/2026/10/ministerio-de-cultura-analista-legal-ii_5.html;"oferta laboral individual completa"
246252786933625795;A;CONSERVAR;CONSERVADO;0;"Redactor De Tesis Comunicacion Social - Remoto Lima";https://empleosperuhoy.blogspot.com/2026/10/redactor-de-tesis-comunicacion-social.html;"oferta laboral individual completa"
246296154001152495;A;CONSERVAR;CONSERVADO;0;"HOSPITAL DE HUARAZ: Nutricionista";https://empleosperuhoy.blogspot.com/2026/10/oportunidad-laboral-cas-001-nutricionista-hospital-huaraz-ancash-63370.html;"oferta laboral individual completa"
2471888110983472949;A;CONSERVAR;CONSERVADO;0;"UNIVERSIDAD DE FRONTERA DE SULLANA: UNIVERSIDAD DE FRONTERA DE SULLANA: (10) Asistentes, especialista y analista y otros";https://empleosperuhoy.blogspot.com/2026/10/oferta-de-empleo-universidad-frontera-sullana-asistentes-especia-be64.html;"oferta laboral individual completa"
248084710559080984;A;CONSERVAR;CONSERVADO;0;"MINISTERIO PÚBLICO - FISCALÍA: CAS N° 141 - CÓDIGO AFF-01: ASISTENTE EN FUNCIÓN FISCAL";https://empleosperuhoy.blogspot.com/2026/10/ministerio-publico-fiscalia-cas-n-141_3.html;"oferta laboral individual completa"
2493028178420173174;A;CONSERVAR;CONSERVADO;0;"Practicante Profesional De Recursos Humanos";https://empleosperuhoy.blogspot.com/2026/10/practicante-profesional-de-recursos.html;"oferta laboral individual completa"
2498473946273694356;A;CONSERVAR;CONSERVADO;0;"SEDAM HUANCAYO: 728 N° 049: OPERADOR DE ESTACIÓN DE BOMBEO";https://empleosperuhoy.blogspot.com/2026/10/sedam-huancayo-728-n-049-operador-de.html;"oferta laboral individual completa"
2510709672838108663;A;CONSERVAR;CONSERVADO;0;"DIRESA CALLAO: Técnico Administrativo";https://empleosperuhoy.blogspot.com/2026/10/oportunidad-laboral-cas-027-2026-tecnico-administrativo-diresa-callao-.html;"oferta laboral individual completa"
2512696034653097748;A;CONSERVAR;CONSERVADO;0;"ADMINISTRACIÓN DE AMENAZAS CIBERNÉTICAS";https://empleosperuhoy.blogspot.com/2026/09/administracion-de-amenazas-ciberneticas.html;"oferta laboral individual completa"
251742534630210445;A;CONSERVAR;CONSERVADO;0;"PODER JUDICIAL: CAS N° 018 - CÓDIGO 01629: ASISTENTE ADMINISTRATIVO II";https://empleosperuhoy.blogspot.com/2026/10/poder-judicial-cas-n-018-codigo-01629_8.html;"oferta laboral individual completa"
2539851034560661535;A;CONSERVAR;CONSERVADO;0;"UNIVERSIDAD AGRARIA DE LA SELVA: Técnico III";https://empleosperuhoy.blogspot.com/2026/10/oferta-de-empleo-universidad-agraria-selva-requiere-tecnico-iii-2922.html;"oferta laboral individual completa"
2549855278242190148;A;CONSERVAR;CONSERVADO;0;"SUNARP: N° 023-2026: Practicante para la Oficina Registral de Juliaca";https://empleosperuhoy.blogspot.com/2026/10/oportunidad-laboral-practicas-sunarp-derecho-octubre-2026-633070.html;"oferta laboral individual completa"
255552088772962840;A;CONSERVAR;CONSERVADO;0;"GOBIERNO REGIONAL DE LAMBAYEQUE: GOBIERNO REGIONAL DE LAMBAYEQUE: Solicita Especialista Administrativo";https://empleosperuhoy.blogspot.com/2026/10/oferta-de-empleo-gobierno-regional-lambayeque-solicita-especiali-a2df.html;"oferta laboral individual completa"
2557002450132551762;A;CONSERVAR;CONSERVADO;0;"UNIVERSIDAD DE CAÑETE(UNDC): CAS N° 003- N° Plaza 052: ASISTENTE DE LABORATORIO DE DATA CENTER – CLOUD COMPUTING Y CIBERSEGURIDAD";https://empleosperuhoy.blogspot.com/2026/10/oportunidad-laboral-cas-003-plaza-052-asistente-laboratorio-data-cente.html;"oferta laboral individual completa"
2581208896917909144;A;CONSERVAR;CONSERVADO;0;"Asesores de ventas ATC con o sin experiencia para Villa el salvador - Contratación inmediata";https://empleosperuhoy.blogspot.com/2026/10/asesores-de-ventas-atc-con-o-sin.html;"oferta laboral individual completa"
2581598562306371811;A;CONSERVAR;CONSERVADO;0;"ENSAD: ANALISTA EN TERMINOS DE REFERENCIA Y ESPECIFICACIONES TÉCNICAS";https://empleosperuhoy.blogspot.com/2026/10/ensad-analista-en-terminos-de.html;"oferta laboral individual completa"
2583465947567007235;A;CONSERVAR;CONSERVADO;0;"Ingeniero Supervisor Mecánico Mina";https://empleosperuhoy.blogspot.com/2026/09/ingeniero-supervisor-mecanico-mina.html;"oferta laboral individual completa"
258910892677491428;A;CONSERVAR;CONSERVADO;0;"DIRESA CALLAO: Médico Especialista en Pediatría";https://empleosperuhoy.blogspot.com/2026/10/diresa-callao-medico-especialista-en_6.html;"oferta laboral individual completa"
2610651967815371930;A;CONSERVAR;CONSERVADO;0;"INEI: INEI: 710 Operadores de mantenimiento de local de evaluación";https://empleosperuhoy.blogspot.com/2026/10/oferta-de-empleo-inei-710-operadores-mantenimiento-local-evaluac-db1c.html;"oferta laboral individual completa"
2616190545365631874;A;CONSERVAR;CONSERVADO;0;"INEI: AUXILIAR DE SALUD DE LOCAL DE EVALUACIÓN - ICA";https://empleosperuhoy.blogspot.com/2026/10/oportunidad-laboral-auxiliar-salud-local-evaluacion-ica-inei-627787.html;"oferta laboral individual completa"
2623278944794664712;A;CONSERVAR;CONSERVADO;0;"Realiza Tus Practicas Pre Profesionales En Administracion";https://empleosperuhoy.blogspot.com/2026/10/realiza-tus-practicas-pre-profesionales_01045899278.html;"oferta laboral individual completa"
2639660433407318478;A;CONSERVAR;CONSERVADO;0;"Nº 017-2026: Practicante para la Oficina General de Recursos Humanos - MINISTERIO DE CULTURA";https://empleosperuhoy.blogspot.com/2026/09/n-017-2026-practicante-para-la-oficina.html;"oferta laboral individual completa"
2644169932930310428;A;CONSERVAR;CONSERVADO;0;"UGEL SAN MARTÍN: PROFESIONAL DOCENTE ESPECIALISTA EN DISCAPACIDAD VISUAL Y SORDOCEGUERA PARA EL CREBE";https://empleosperuhoy.blogspot.com/2026/10/ugel-san-martin-profesional-docente_8.html;"oferta laboral individual completa"
2657196987601179391;A;CONSERVAR;CONSERVADO;0;"PAE - PROGRAMA DE ALIMENTACIÓN ESCOLAR: ESPECIALISTA EN COMUNICACIÓN";https://empleosperuhoy.blogspot.com/2026/10/oportunidad-laboral-cas-084-especialista-comunicacion-pae-programa-ali.html;"oferta laboral individual completa"
2663565775561383814;A;CONSERVAR;CONSERVADO;0;"MUNICIPALIDAD DE MAZAMARI: CAS N° 004 - ITEM N° 11: ESPECIALISTA EN FORMULACION Y EVALUACION DE ESTUDIOS DE PREINVERSION";https://empleosperuhoy.blogspot.com/2026/10/oportunidad-laboral-cas-004-item-especialista-legal-municipalida-5b33.html;"oferta laboral individual completa"
267344709018945657;A;CONSERVAR;CONSERVADO;0;"Las 10 preguntas clave en una entrevista de trabajo para asegurar el puesto";https://empleosperuhoy.blogspot.com/2026/09/las-10-preguntas-clave-en-una.html;"oferta laboral individual completa"
2711970004807729296;A;CONSERVAR;CONSERVADO;0;"GERENCIA EDUCACION(GRE) AREQUIPA: Abogados y especialista";https://empleosperuhoy.blogspot.com/2026/10/gerencia-educaciongre-arequipa-abogados_7.html;"oferta laboral individual completa"
272292057160128429;A;CONSERVAR;CONSERVADO;0;"DIRESA CALLAO: Trabajadores(as) Sociales";https://empleosperuhoy.blogspot.com/2026/10/oportunidad-laboral-cas-008-2026-trabajadores-sociales-diresa-callao-6.html;"oferta laboral individual completa"
2723147971462325506;A;CONSERVAR;CONSERVADO;0;"FONCODES: FONCODES: (14) Especialistas, Asistentes, Conductores y otros cargos";https://empleosperuhoy.blogspot.com/2026/10/foncodes-foncodes-14-especialistas_4.html;"oferta laboral individual completa"
2723925590656786311;A;CONSERVAR;CONSERVADO;0;"MINISTERIO DE COMERCIO (MINCETUR): Especialista, Integrador y Analista";https://empleosperuhoy.blogspot.com/2026/10/oferta-de-empleo-ministerio-comercio-mincetur-requiere-especiali-949b.html;"oferta laboral individual completa"
2736381704658162664;A;CONSERVAR;CONSERVADO;0;"¿Qué NO se debe poner en un currículum? Evita descartes";https://empleosperuhoy.blogspot.com/2026/09/que-no-se-debe-poner-en-un-curriculum.html;"oferta laboral individual completa"
2756865614679163284;A;CONSERVAR;CONSERVADO;0;"MUNICIPALIDAD DE PUEBLO LIBRE: MUNICIPALIDAD DE PUEBLO LIBRE: (96) Especialista, Serenos, Operarios y otros cargos";https://empleosperuhoy.blogspot.com/2026/10/municipalidad-de-pueblo-libre_6.html;"oferta laboral individual completa"
2762509478521979450;A;CONSERVAR;CONSERVADO;0;"HOSPITAL SANTA MARÍA DE CUTERVO: 276 N° 005 - CODIGO N° 000016: ABOGADO/A";https://empleosperuhoy.blogspot.com/2026/10/hospital-santa-maria-de-cutervo-276-n.html;"oferta laboral individual completa"
2769483521642119379;A;CONSERVAR;CONSERVADO;0;"800 mil becas gratuitas 'Academias de Oficios'";https://empleosperuhoy.blogspot.com/2026/09/800-mil-becas-gratuitas-academias-de.html;"oferta laboral individual completa"
2772477047718062313;A;CONSERVAR;CONSERVADO;0;"CAS N° 028: ESPECIALISTA LEGAL";https://empleosperuhoy.blogspot.com/2026/09/cas-n-028-especialista-legal.html;"oferta laboral individual completa"
2795934418565516210;A;CONSERVAR;CONSERVADO;0;"INEI: OPERADOR DE MANTENIMIENTO DE LOCAL DE EVALUACIÓN - UCAYALI";https://empleosperuhoy.blogspot.com/2026/10/oportunidad-laboral-operador-mantenimiento-local-evaluacion-ucayali-in.html;"oferta laboral individual completa"
2817035824411195791;A;CONSERVAR;CONSERVADO;0;"HOSPITAL DE HUACHO: HOSPITAL DE HUACHO: (39) Enfermeras, Obstetras, Médicos, Auxiliar y otros";https://empleosperuhoy.blogspot.com/2026/10/oferta-de-empleo-hospital-huacho-enfermeras-obstetras-medicos-au-ff2a.html;"oferta laboral individual completa"
2833347261422517615;A;CONSERVAR;CONSERVADO;0;"CUNA MAS: CUNA MAS: (46) Acompañantes Técnicos y Analista de Selección de Personal";https://empleosperuhoy.blogspot.com/2026/10/oferta-de-empleo-cuna-mas-acompanantes-tecnicos-analista-selecci-73f5.html;"oferta laboral individual completa"
284163454111769902;A;CONSERVAR;CONSERVADO;0;"JUNTOS: Coordinador y Secretario técnico";https://empleosperuhoy.blogspot.com/2026/10/oferta-de-empleo-juntos-busca-coordinador-secretario-tecnico-con-7033.html;"oferta laboral individual completa"
2841922435103739538;A;CONSERVAR;CONSERVADO;0;"MUNICIPALIDAD DE HUANUCO: (15) Serenos Choferes";https://empleosperuhoy.blogspot.com/2026/10/municipalidad-de-huanuco-15-serenos.html;"oferta laboral individual completa"
28493759679944541;A;CONSERVAR;CONSERVADO;0;"SERNANP: ANALISTA DE VIGILANCIA Y CONTROL";https://empleosperuhoy.blogspot.com/2026/10/sernanp-analista-de-vigilancia-y-control_2.html;"oferta laboral individual completa"
2856782821926000914;A;CONSERVAR;CONSERVADO;0;"HOSPITAL DEPARTAMENTAL DE HUANCAVELICA: CAS N° 010 - ITEM 02: MEDICO GENERAL-TRIAJE EMERGENCIA";https://empleosperuhoy.blogspot.com/2026/10/hospital-departamental-de-huancavelica_0.html;"oferta laboral individual completa"
2864154723817481283;A;CONSERVAR;CONSERVADO;0;"MINISTERIO DE EDUCACION (MINEDU): MINISTERIO DE EDUCACION (MINEDU): (22) Especialistas, coordinadores, analistas y otros";https://empleosperuhoy.blogspot.com/2026/10/oferta-de-empleo-ministerio-educacion-minedu-especialistas-coord-e69f.html;"oferta laboral individual completa"
2883898033805487004;A;CONSERVAR;CONSERVADO;0;"¿Por qué nadie postula a tus ofertas de empleo? Soluciones clave";https://empleosperuhoy.blogspot.com/2026/09/por-que-nadie-postula-tus-ofertas-de.html;"oferta laboral individual completa"
2886295601589584433;A;CONSERVAR;CONSERVADO;0;"Asesor De Ventas Call Center Lunes A Viernes Turno Mañana";https://empleosperuhoy.blogspot.com/2026/10/asesor-de-ventas-call-center-lunes.html;"oferta laboral individual completa"
2900276637783700682;A;CONSERVAR;CONSERVADO;0;"INIA: Especialistas y Administrador";https://empleosperuhoy.blogspot.com/2026/10/inia-especialistas-y-administrador_1.html;"oferta laboral individual completa"
2940950382321211579;A;CONSERVAR;CONSERVADO;0;"Practicante para la Oficina de Modernización - SAT LIMA: N° 017-2026";https://empleosperuhoy.blogspot.com/2026/09/practicante-para-la-oficina-de.html;"oferta laboral individual completa"
294672021449692818;A;CONSERVAR;CONSERVADO;0;"COLEGIO MILITAR PEDRO RUIZ GALLO: Artesano";https://empleosperuhoy.blogspot.com/2026/10/oferta-de-empleo-colegio-militar-pedro-ruiz-gallo-requiere-artes-6268.html;"oferta laboral individual completa"
2976295975981038137;A;CONSERVAR;CONSERVADO;0;"PRACTICANTE DE RECURSOS HUMANOS";https://empleosperuhoy.blogspot.com/2026/10/practicante-de-recursos-humanos.html;"oferta laboral individual completa"
2983642316982338414;A;CONSERVAR;CONSERVADO;0;"N° 022-2026: Practicante para la Gerencia de Operaciones";https://empleosperuhoy.blogspot.com/2026/09/n-022-2026-practicante-para-la-gerencia.html;"oferta laboral individual completa"
298812311732482381;A;CONSERVAR;CONSERVADO;0;"Apilador/Montacarguista";https://empleosperuhoy.blogspot.com/2026/10/apiladormontacarguista.html;"oferta laboral individual completa"
2990077317640705379;A;CONSERVAR;CONSERVADO;0;"GOBIERNO REGIONAL CUSCO: GOBIERNO REGIONAL CUSCO: (44) Especialistas, Ingenieros, Planificadores y otros cargos";https://empleosperuhoy.blogspot.com/2026/10/gobierno-regional-cusco-gobierno_0.html;"oferta laboral individual completa"
2993276663464077392;A;CONSERVAR;CONSERVADO;0;"MINISTERIO DE TRABAJO (MTPE): Analista, Especialista y Apoyo administrativo";https://empleosperuhoy.blogspot.com/2026/10/oferta-de-empleo-ministerio-trabajo-mtpe-busca-analista-especial-149a.html;"oferta laboral individual completa"
3006606025062101913;A;CONSERVAR;CONSERVADO;0;"SUNARP: N° 022-2026: Practicante para la Jefatura Zonal de la Zona Registral N° XIII";https://empleosperuhoy.blogspot.com/2026/10/sunarp-n-022-2026-practicante-para-la_6.html;"oferta laboral individual completa"
3026083050708835067;A;CONSERVAR;CONSERVADO;0;"BCRP: para Practicante de Planeamiento de la CNM";https://empleosperuhoy.blogspot.com/2026/10/bcrp-para-practicante-de-planeamiento_8.html;"oferta laboral individual completa"
3040320266503910378;A;CONSERVAR;CONSERVADO;0;"CAS N° 004-2026: Médico Especialista (Departamento de Emergencia y Cuidados Críticos)";https://empleosperuhoy.blogspot.com/2026/09/cas-n-004-2026-medico-especialista.html;"oferta laboral individual completa"
3046354739648185693;A;CONSERVAR;CONSERVADO;0;"BIBLIOTECA NACIONAL(BNP): BIBLIOTECA NACIONAL(BNP): (25) Analistas, Asistentes, Operador y otros cargos";https://empleosperuhoy.blogspot.com/2026/10/oferta-de-empleo-biblioteca-nacional-bnp-analistas-asistentes-op-c79d.html;"oferta laboral individual completa"
3054264949822301895;A;CONSERVAR;CONSERVADO;0;"CAS N° 005: CHOFERES - CAMIONES Si es un MEDIO DE COMUNICACIÓN";https://empleosperuhoy.blogspot.com/2026/09/fuente-httpswww.html;"oferta laboral individual completa"
3061556542264839872;A;CONSERVAR;CONSERVADO;0;"Redactor De Tesis- Contabilidad-Remoto";https://empleosperuhoy.blogspot.com/2026/10/redactor-de-tesis-contabilidad-remoto.html;"oferta laboral individual completa"
3072439365607623257;A;CONSERVAR;CONSERVADO;0;"PODER JUDICIAL: CAS N° 094 - CÓDIGO 01463: ASISTENTE JUDICIAL";https://empleosperuhoy.blogspot.com/2026/10/poder-judicial-cas-n-094-codigo-01463_0.html;"oferta laboral individual completa"
3072613000707183;A;CONSERVAR;CONSERVADO;0;"UNIVERSIDAD DE CAÑETE(UNDC): CAS N° 003- N° Plaza 101: ASISTENTE ADMINISTRATIVO";https://empleosperuhoy.blogspot.com/2026/10/oportunidad-laboral-cas-003-plaza-101-asistente-administrativo-univers.html;"oferta laboral individual completa"
3075341702406511563;A;CONSERVAR;CONSERVADO;0;"PODER JUDICIAL: CAS N° 035 - CÓDIGO 01525: Especialista Legal";https://empleosperuhoy.blogspot.com/2026/10/poder-judicial-cas-n-035-codigo-01525_0.html;"oferta laboral individual completa"
3092471392481034902;A;CONSERVAR;CONSERVADO;0;"INEI: OPERADOR DE MANTENIMIENTO DE LOCAL DE EVALUACIÓN - CAJAMARCA";https://empleosperuhoy.blogspot.com/2026/10/oportunidad-laboral-operador-mantenimiento-local-evaluacion-cajamarca-.html;"oferta laboral individual completa"
3107972405085361068;A;CONSERVAR;CONSERVADO;0;"UNIVERSIDAD DE CAÑETE(UNDC): CAS N° 003- N° Plaza 033: SECRETARIA III";https://empleosperuhoy.blogspot.com/2026/10/universidad-de-caneteundc-cas-n-003-n_36.html;"oferta laboral individual completa"
311730455943497432;A;CONSERVAR;CONSERVADO;0;"UGEL CHUPACA: Especialista en Monitoreo de Evaluaciones Docentes y de Estudiantes";https://empleosperuhoy.blogspot.com/2026/10/ugel-chupaca-especialista-en-monitoreo_0.html;"oferta laboral individual completa"
3119627361353582559;A;CONSERVAR;CONSERVADO;0;"MINISTERIO DE VIVIENDA: Especialista en ciberseguridad";https://empleosperuhoy.blogspot.com/2026/09/ministerio-de-vivienda-especialista-en_01466717706.html;"oferta laboral individual completa"
3135127322858400818;A;CONSERVAR;CONSERVADO;0;"AUTORIDAD NACIONAL DE INFRAESTRUCTURA: Experto legal en infraestructura";https://empleosperuhoy.blogspot.com/2026/10/autoridad-nacional-de-infraestructura_7.html;"oferta laboral individual completa"
3146551735170420457;A;CONSERVAR;CONSERVADO;0;"INGLÉS BÁSICO PARA EL TRABAJO (NIVEL A1)";https://empleosperuhoy.blogspot.com/2026/09/ingles-basico-para-el-trabajo-nivel-a1.html;"oferta laboral individual completa"
3160522954090985581;A;CONSERVAR;CONSERVADO;0;"CTS, EsSalud y AFP: qué te descuentan realmente de tu sueldo";https://empleosperuhoy.blogspot.com/2026/10/cts-essalud-y-afp-que-te-descuentan.html;"oferta laboral individual completa"
3180648899172340066;A;CONSERVAR;CONSERVADO;0;"UGEL CASTROVIRREYNA: 276 N° 002: AUXILIAR DE LABORATORIO";https://empleosperuhoy.blogspot.com/2026/10/ugel-castrovirreyna-276-n-002-auxiliar.html;"oferta laboral individual completa"
3187915941290952738;A;CONSERVAR;CONSERVADO;0;"EXCEL INTERMEDIO";https://empleosperuhoy.blogspot.com/2026/09/excel-intermedio.html;"oferta laboral individual completa"
3206475073630547080;A;CONSERVAR;CONSERVADO;0;"UGEL LA MAR: Coordinador (a) de Innovación y Soporte Tecnológico";https://empleosperuhoy.blogspot.com/2026/10/ugel-la-mar-coordinador-de-innovacion-y_0690041527.html;"oferta laboral individual completa | duplicados conservados: 1"
3206798502511429375;A;CONSERVAR;CONSERVADO;0;"EJÉRCITO DEL PERÚ: EJÉRCITO DEL PERÚ: (218) Técnicos, Artesanos, Oficinistas y otros cargos";https://empleosperuhoy.blogspot.com/2026/10/oferta-de-empleo-ejercito-del-peru-218-tecnicos-artesanos-oficin-7153.html;"oferta laboral individual completa"
3222271969115386617;A;CONSERVAR;CONSERVADO;0;"DIRESA CAJAMARCA: DIRESA CAJAMARCA: (28) Médicos, Enfermeras, Especialistas y otros cargos";https://empleosperuhoy.blogspot.com/2026/10/oferta-de-empleo-diresa-cajamarca-medicos-enfermeras-especialist-e881.html;"oferta laboral individual completa"
3237305079553011739;A;CONSERVAR;CONSERVADO;0;"RED DE SALUD VIRU: RED DE SALUD VIRU: (64) Médicos, Enfermeras, Técnicos y otros cargos";https://empleosperuhoy.blogspot.com/2026/10/red-de-salud-viru-red-de-salud-viru-64_6.html;"oferta laboral individual completa"
3237436605379501306;A;CONSERVAR;CONSERVADO;0;"MUNICIPALIDAD DE SAN RAMÓN: ASISTENTE ADMINISTRATIVO";https://empleosperuhoy.blogspot.com/2026/10/municipalidad-de-san-ramon-asistente.html;"oferta laboral individual completa"
324625846830038819;A;CONSERVAR;CONSERVADO;0;"INEI: AUXILIAR DE SALUD DE LOCAL DE EVALUACIÓN - CALLAO";https://empleosperuhoy.blogspot.com/2026/10/inei-auxiliar-de-salud-de-local-de_24.html;"oferta laboral individual completa"
326135343996638878;A;CONSERVAR;CONSERVADO;0;"SAT LIMA: N° 017-2026: Practicante para la Oficina de Modernización";https://empleosperuhoy.blogspot.com/2026/10/oportunidad-laboral-practicas-sat-lima-ingenieria-industrial-administr.html;"oferta laboral individual completa"
3271098087408260247;A;CONSERVAR;CONSERVADO;0;"WORD Y EXCEL PARA EL TRABAJO – NIVEL BÁSICO";https://empleosperuhoy.blogspot.com/2026/09/word-y-excel-para-el-trabajo-nivel.html;"oferta laboral individual completa"
328688552774387014;A;CONSERVAR;CONSERVADO;0;"MINISTERIO PÚBLICO - FISCALÍA: MINISTERIO PÚBLICO - FISCALÍA: (50) Asistentes, Peritos, Operador y otros cargos";https://empleosperuhoy.blogspot.com/2026/10/oferta-de-empleo-ministerio-publico-fiscalia-asistentes-peritos-cfce.html;"oferta laboral individual completa"
3293872017893981370;A;CONSERVAR;CONSERVADO;0;"PODER JUDICIAL: N° 02 - CÓDIGO 00301: ASISTENTE ADMINISTRATIVO II";https://empleosperuhoy.blogspot.com/2026/10/oportunidad-laboral-codigo-asistente-administrativo-poder-judicial-lim.html;"oferta laboral individual completa"
3294766110761613545;A;CONSERVAR;CONSERVADO;0;"UNIVERSIDAD DE CAÑETE(UNDC): CAS N° 003- N° Plaza 086: ASISTENTE DE SOPORTE INFORMÁTICO Y MESA DE AYUDA";https://empleosperuhoy.blogspot.com/2026/10/universidad-de-caneteundc-cas-n-003-n_50.html;"oferta laboral individual completa"
3295566551935300746;A;CONSERVAR;CONSERVADO;0;"INEI: AUXILIAR DE SALUD DE LOCAL DE EVALUACIÓN - HUANCAVELICA";https://empleosperuhoy.blogspot.com/2026/10/oportunidad-laboral-auxiliar-salud-local-evaluacion-huancavelica-inei-.html;"oferta laboral individual completa"
3319324415572510861;A;CONSERVAR;CONSERVADO;0;"UNIVERSIDAD DE HUANTA: Psicóloga II";https://empleosperuhoy.blogspot.com/2026/10/universidad-de-huanta-psicologa-ii_1.html;"oferta laboral individual completa"
3333538654198786459;A;CONSERVAR;CONSERVADO;0;"INABIF: INABIF: (36) Asistentes, coordinadores, educadores y otros";https://empleosperuhoy.blogspot.com/2026/10/inabif-inabif-36-asistentes_2.html;"oferta laboral individual completa"
336259772031818430;A;CONSERVAR;CONSERVADO;0;"HOSPITAL REGIONAL DE MOQUEGUA: HOSPITAL REGIONAL DE MOQUEGUA: (25) Médicos, Enfermeras y otros cargos";https://empleosperuhoy.blogspot.com/2026/10/oferta-de-empleo-hospital-regional-moquegua-medicos-enfermeras-c-3741.html;"oferta laboral individual completa"
3371305700603229633;A;CONSERVAR;CONSERVADO;0;"MINISTERIO DE LA PRODUCCIÓN (PRODUCE): Especialista y auxiliar coactivo";https://empleosperuhoy.blogspot.com/2026/10/ministerio-de-la-produccion-produce_5.html;"oferta laboral individual completa"
3374284434702883786;A;CONSERVAR;CONSERVADO;0;"Pintor Industrial Metalmecánica";https://empleosperuhoy.blogspot.com/2026/09/pintor-industrial-metalmecanica.html;"oferta laboral individual completa"
3391947721315838580;A;CONSERVAR;CONSERVADO;0;"Redactor De Tesis-Gestión Publica-Remoto";https://empleosperuhoy.blogspot.com/2026/10/redactor-de-tesis-gestion-publica-remoto.html;"oferta laboral individual completa"
3397225648530680069;A;CONSERVAR;CONSERVADO;0;"INDECOPI: N° 056-2026: Practicante para la Dirección de Atención al Ciudadano y Gestión de Ofic. Reg. - ORI";https://empleosperuhoy.blogspot.com/2026/10/oportunidad-laboral-practicas-indecopi-derecho-octubre-2026-631143.html;"oferta laboral individual completa"
3406326729520891750;A;CONSERVAR;CONSERVADO;0;"HOSPITAL GENERAL DE JAÉN: CAS N° 002 : ENFERMERA/O ESPECIALISTA EN NEONATOLOGÍA - CUIDADOS INTENSIVOS NEONATALES";https://empleosperuhoy.blogspot.com/2026/10/hospital-general-de-jaen-cas-n-002_76.html;"oferta laboral individual completa"
3409409212348067730;A;CONSERVAR;CONSERVADO;0;"MUNICIPALIDAD DE MAZAMARI: CAS N° 004 - ITEM N° 01: ESPECIALISTA EN SISTEMA DE CONTROL INTERNO";https://empleosperuhoy.blogspot.com/2026/10/municipalidad-de-mazamari-cas-n-004_73.html;"oferta laboral individual completa"
3414992587586707031;A;CONSERVAR;CONSERVADO;0;"UGEL CASMA: UGEL CASMA: Solicita Personal de Mantenimiento";https://empleosperuhoy.blogspot.com/2026/10/ugel-casma-ugel-casma-solicita-personal.html;"oferta laboral individual completa"
3435380337195924247;A;CONSERVAR;CONSERVADO;0;"Buscamos Redactor De Tesis - Derecho Ambiental";https://empleosperuhoy.blogspot.com/2026/10/buscamos-redactor-de-tesis-derecho.html;"oferta laboral individual completa"
34362257305482375;A;CONSERVAR;CONSERVADO;0;"SERNANP: ASISTENTES OPERATIVOS DE GESTIÓN EN ANP";https://empleosperuhoy.blogspot.com/2026/10/sernanp-asistentes-operativos-de_7.html;"oferta laboral individual completa"
3449001537166820739;A;CONSERVAR;CONSERVADO;0;"WORD BÁSICO";https://empleosperuhoy.blogspot.com/2026/09/word-basico.html;"oferta laboral individual completa"
3509410304628559760;A;CONSERVAR;CONSERVADO;0;"AGROBANCO: 13 practicantes";https://empleosperuhoy.blogspot.com/2026/10/agrobanco-13-practicantes_9.html;"oferta laboral individual completa"
3565318174437213204;A;CONSERVAR;CONSERVADO;0;"HOSPITAL DE QUILLABAMBA: 276 N° 004: MEDICO ESPECIALISTA (GINECOLOGIA)";https://empleosperuhoy.blogspot.com/2026/10/hospital-de-quillabamba-276-n-004_0995825782.html;"oferta laboral individual completa"
358342261511412289;A;CONSERVAR;CONSERVADO;0;"UNIVERSIDAD AGRARIA DE LA SELVA: 276 N° 048: TECNICO III";https://empleosperuhoy.blogspot.com/2026/10/universidad-agraria-de-la-selva-276-n_6.html;"oferta laboral individual completa"
360688797525946570;A;CONSERVAR;CONSERVADO;0;"MINISTERIO PÚBLICO - FISCALÍA: N° 044 - CÓDIGO PSC-01: PSICOLOGO";https://empleosperuhoy.blogspot.com/2026/10/oportunidad-laboral-044-codigo-psc-psicologo-ministerio-publico-fiscal.html;"oferta laboral individual completa"
362041449918546914;A;CONSERVAR;CONSERVADO;0;"UNIVERSIDAD DE CAÑETE(UNDC): CAS N° 003- N° Plaza 053: ASISTENTE DE LABORATORIO DE DISEÑO Y SIMULACIÓN DE SISTEMAS";https://empleosperuhoy.blogspot.com/2026/10/universidad-de-caneteundc-cas-n-003-n_97.html;"oferta laboral individual completa"
3643441619161805103;A;CONSERVAR;CONSERVADO;0;"DEFENSORIA DEL PUEBLO: DEFENSORIA DEL PUEBLO: (7) Analistas y Especialistas";https://empleosperuhoy.blogspot.com/2026/10/oferta-de-empleo-defensoria-del-pueblo-analistas-especialistas-c-bebc.html;"oferta laboral individual completa"
364732869491453508;A;CONSERVAR;CONSERVADO;0;"MINISTERIO DE TRABAJO(MTPE): ASESOR/A";https://empleosperuhoy.blogspot.com/2026/10/oportunidad-laboral-cas-126-asesor-ministerio-trabajo-mtpe-lima-633021.html;"oferta laboral individual completa"
3656021876917549145;A;CONSERVAR;CONSERVADO;0;"MINISTERIO DE ENERGÍA Y MINAS (MINEM): N° 006-2026: Practicante para el Consejo de Minería";https://empleosperuhoy.blogspot.com/2026/10/ministerio-de-energia-y-minas-minem-n_7.html;"oferta laboral individual completa"
3677676773744416986;A;CONSERVAR;CONSERVADO;0;"N° 076-2026: Practicante para la Oficina Desconcentrada de Junín - OEFA";https://empleosperuhoy.blogspot.com/2026/09/n-076-2026-practicante-para-la-oficina.html;"oferta laboral individual completa"
3681985232556664526;A;CONSERVAR;CONSERVADO;0;"HOSPITAL DE QUILLABAMBA: 276 N° 004: ESPECIALISTA ADMINISTRATIVO - UNIDAD DE ECONOMÍA";https://empleosperuhoy.blogspot.com/2026/10/hospital-de-quillabamba-276-n-004.html;"oferta laboral individual completa"
3685502841038259780;A;CONSERVAR;CONSERVADO;0;"Nº004 - 2026: Practicante para el Instituto de Investigación - UNT";https://empleosperuhoy.blogspot.com/2026/09/practicante-para-el-instituto-de.html;"oferta laboral individual completa"
3690640181850567616;A;CONSERVAR;CONSERVADO;0;"GERENCIA TERRITORIAL BAJO MAYO: GERENCIA TERRITORIAL BAJO MAYO: Solicita Especialista de Área Funcional";https://empleosperuhoy.blogspot.com/2026/10/gerencia-territorial-bajo-mayo-gerencia.html;"oferta laboral individual completa"
369733648958579681;A;CONSERVAR;CONSERVADO;0;"HOSPITAL DE QUILLABAMBA: HOSPITAL DE QUILLABAMBA: (8) Médicos, Obstetras, Técnicos administrativos y otros cargos";https://empleosperuhoy.blogspot.com/2026/10/hospital-de-quillabamba-hospital-de.html;"oferta laboral individual completa"
3710310671348376290;A;CONSERVAR;CONSERVADO;0;"Redactor De Tesis Doctorado En Ing Civil - Remoto";https://empleosperuhoy.blogspot.com/2026/10/redactor-de-tesis-doctorado-en-ing_0390448679.html;"oferta laboral individual completa"
3719251158808077405;A;CONSERVAR;CONSERVADO;0;"Vendedora";https://empleosperuhoy.blogspot.com/2026/10/vendedora.html;"oferta laboral individual completa"
3725644412085624502;A;CONSERVAR;CONSERVADO;0;"PAE - PROGRAMA DE ALIMENTACIÓN ESCOLAR: SUPERVISOR DE COMITÉ DE COMPRAS";https://empleosperuhoy.blogspot.com/2026/10/pae-programa-de-alimentacion-escolar_18.html;"oferta laboral individual completa"
3736792956229525656;A;CONSERVAR;CONSERVADO;0;"SIS: Especialista en Organización";https://empleosperuhoy.blogspot.com/2026/10/sis-especialista-en-organizacion_6.html;"oferta laboral individual completa"
3742057987841022136;A;CONSERVAR;CONSERVADO;0;"MINISTERIO PÚBLICO - FISCALÍA: CAS N° 135 - CÓDIGO AFF-16: ASISTENTE EN FUNCIÓN FISCAL";https://empleosperuhoy.blogspot.com/2026/10/oportunidad-laboral-cas-135-codigo-aff-asistente-funcion-fiscal-2ff9.html;"oferta laboral individual completa"
3743795619632635832;A;CONSERVAR;CONSERVADO;0;"CUNA MÁS: Acompañante Técnico para el Servicio de Acompañamiento a Familias";https://empleosperuhoy.blogspot.com/2026/10/cuna-mas-acompanante-tecnico-para-el_71.html;"oferta laboral individual completa"
3747164277718925823;A;CONSERVAR;CONSERVADO;0;"Practicante Asistente De Gerencia Rr.Hh. - Remoto";https://empleosperuhoy.blogspot.com/2026/10/practicante-asistente-de-gerencia-rrhh.html;"oferta laboral individual completa"
3748673726658986997;A;CONSERVAR;CONSERVADO;0;"UGEL SAN MARTÍN: PROFESIONAL II PARA EQUIPO ITINERANTE DE CONVIVENCIA ESCOLAR";https://empleosperuhoy.blogspot.com/2026/10/ugel-san-martin-profesional-ii-para_9.html;"oferta laboral individual completa"
3750552759044935154;A;CONSERVAR;CONSERVADO;0;"MUNICIPALIDAD SURQUILLO: Jefe/a de Sector";https://empleosperuhoy.blogspot.com/2026/10/oportunidad-laboral-cas-130-jefe-sector-municipalidad-surquillo-lima-6.html;"oferta laboral individual completa"
3756677990722448222;A;CONSERVAR;CONSERVADO;0;"UGEL-1: ESPECIALISTA EN CONTRATACIONES Y ADQUISICIONES";https://empleosperuhoy.blogspot.com/2026/10/ugel-1-especialista-en-contrataciones-y_1.html;"oferta laboral individual completa"
3760987226352062569;A;CONSERVAR;CONSERVADO;0;"SIS: Analista en Gestión por Procesos";https://empleosperuhoy.blogspot.com/2026/10/sis-analista-en-gestion-por-procesos_8.html;"oferta laboral individual completa"
3763448285631438615;A;CONSERVAR;CONSERVADO;0;"MINISTERIO DE VIVIENDA: Coordinador/a del Equipo de Procedimientos de Selección";https://empleosperuhoy.blogspot.com/2026/09/ministerio-de-vivienda-coordinadora-del.html;"oferta laboral individual completa"
3764548627778357708;A;CONSERVAR;CONSERVADO;0;"UNIVERSIDAD HERMILIO VALDIZAN: UNIVERSIDAD HERMILIO VALDIZAN: (12) Profesionales, técnicos, nutricionista y otros";https://empleosperuhoy.blogspot.com/2026/10/universidad-hermilio-valdizan.html;"oferta laboral individual completa"
3786879349217298043;A;CONSERVAR;CONSERVADO;0;"MINISTERIO DE ECONOMÍA (MEF): 12 practicantes";https://empleosperuhoy.blogspot.com/2026/10/ministerio-de-economia-mef-12_7.html;"oferta laboral individual completa"
3796973343094013918;A;CONSERVAR;CONSERVADO;0;"PROCURADURÍA DEL ESTADO: ANALISTA II DE MODERNIZACIÓN";https://empleosperuhoy.blogspot.com/2026/10/oportunidad-laboral-cas-107-analista-modernizacion-procuraduria-del-es.html;"oferta laboral individual completa"
379718038501032933;A;CONSERVAR;CONSERVADO;0;"UGEL VIRÚ: UGEL VIRÚ: Solicita Personal de Limpieza y Mantenimiento";https://empleosperuhoy.blogspot.com/2026/10/ugel-viru-ugel-viru-solicita-personal_5.html;"oferta laboral individual completa"
3797389932942174658;A;CONSERVAR;CONSERVADO;0;"MINISTERIO PÚBLICO - FISCALÍA: CAS N° 135 - CÓDIGO AFF-01: ASISTENTE EN FUNCIÓN FISCAL";https://empleosperuhoy.blogspot.com/2026/10/ministerio-publico-fiscalia-cas-n-135_94.html;"oferta laboral individual completa"
3801432819988002797;A;CONSERVAR;CONSERVADO;0;"UNIVERSIDAD TECNOLOGICA LIMA SUR(UNTELS): PERSONAL DE LIMPIEZA";https://empleosperuhoy.blogspot.com/2026/10/universidad-tecnologica-lima-suruntels_01520461811.html;"oferta laboral individual completa"
3802573168567344790;A;CONSERVAR;CONSERVADO;0;"SIS: GESTORES IPRESS";https://empleosperuhoy.blogspot.com/2026/10/sis-gestores-ipress_3.html;"oferta laboral individual completa"
3808812796027482036;A;CONSERVAR;CONSERVADO;0;"GERENCIA SUB REGIONAL HUAYTARÁ: Técnico Administrativo I (Numeración y Archivo)";https://empleosperuhoy.blogspot.com/2026/10/gerencia-sub-regional-huaytara-tecnico.html;"oferta laboral individual completa"
3817254298326227307;A;CONSERVAR;CONSERVADO;0;"UGEL CORONEL PORTILLO: UGEL CORONEL PORTILLO: (8) Técnicos, especialista, auxiliar y otros";https://empleosperuhoy.blogspot.com/2026/10/ugel-coronel-portillo-ugel-coronel.html;"oferta laboral individual completa"
3818678781171896884;A;CONSERVAR;CONSERVADO;0;"Redactor De Tesis En Ing Ambiental - Remoto";https://empleosperuhoy.blogspot.com/2026/10/redactor-de-tesis-en-ing-ambiental_0952188241.html;"oferta laboral individual completa"
3823795752003345151;A;CONSERVAR;CONSERVADO;0;"CAS N° 029: ESPECIALISTA SENIOR EN PLANEAMIENTO Y MODERNIZACIÓN";https://empleosperuhoy.blogspot.com/2026/09/cas-n-029-especialista-senior-en.html;"oferta laboral individual completa"
3837696094737261861;A;CONSERVAR;CONSERVADO;0;"PROMPERÚ: ESPECIALISTA EN TURISMO I";https://empleosperuhoy.blogspot.com/2026/10/oportunidad-laboral-cas-072-especialista-turismo-promperu-lima-633185.html;"oferta laboral individual completa"
384930618337105897;A;CONSERVAR;CONSERVADO;0;"OEFA: OEFA: (12) Especialistas, Auxiliares, Asistente, Economista y otros cargos";https://empleosperuhoy.blogspot.com/2026/10/oefa-oefa-12-especialistas-auxiliares_6.html;"oferta laboral individual completa"
3852163877180261300;A;CONSERVAR;CONSERVADO;0;"MUNICIPALIDAD DE SAN RAMÓN: ASISTENTE PARA LA SUB. GERENCIA DE CATASTRO PLANEAMIENTO Y CONTROL URBANO";https://empleosperuhoy.blogspot.com/2026/10/municipalidad-de-san-ramon-asistente_02088475073.html;"oferta laboral individual completa"
3860370077230228067;A;CONSERVAR;CONSERVADO;0;"HOSPITAL VILLA EL SALVADOR: Técnico Administrativo I";https://empleosperuhoy.blogspot.com/2026/10/hospital-villa-el-salvador-tecnico_0.html;"oferta laboral individual completa"
3865763938176430875;A;CONSERVAR;CONSERVADO;0;"OSINFOR: SUPERVISOR FORESTAL I";https://empleosperuhoy.blogspot.com/2026/10/oportunidad-laboral-cas-073-supervisor-forestal-osinfor-lima-633622.html;"oferta laboral individual completa"
387891026335949924;A;CONSERVAR;CONSERVADO;0;"HOSPITAL VILLA EL SALVADOR: Enfermero/a Especialista en Cuidados Intensivos Adultos";https://empleosperuhoy.blogspot.com/2026/10/oportunidad-laboral-cas-006-2026-enfermero-especialista-cuidados-inten.html;"oferta laboral individual completa"
3879321263038405783;A;CONSERVAR;CONSERVADO;0;"HOSPITAL SICUANI: CAS N° 009 - ITEM 01: MEDICO ESPECIALISTA";https://empleosperuhoy.blogspot.com/2026/10/oportunidad-laboral-cas-009-item-medico-especialista-hospital-sicuani-.html;"oferta laboral individual completa"
3887607856867800988;A;CONSERVAR;CONSERVADO;0;"PAE - PROGRAMA DE ALIMENTACIÓN ESCOLAR: MONITOR DE GESTIÓN LOCAL";https://empleosperuhoy.blogspot.com/2026/10/oportunidad-laboral-cas-087-monitor-gestion-local-pae-programa-aliment.html;"oferta laboral individual completa"
3893900840438759261;A;CONSERVAR;CONSERVADO;0;"CUNA MÁS: Acompañante Técnico para el Servicio de Cuidado Diurno";https://empleosperuhoy.blogspot.com/2026/10/oportunidad-laboral-cas-321-acompanante-tecnico-servicio-cuidado-diurn.html;"oferta laboral individual completa"
3904572819631802053;A;CONSERVAR;CONSERVADO;0;"PAE - PROGRAMA DE ALIMENTACIÓN ESCOLAR: ESPECIALISTA EDUCATIVO/A";https://empleosperuhoy.blogspot.com/2026/10/oportunidad-laboral-cas-089-especialista-educativo-pae-programa-alimen.html;"oferta laboral individual completa"
3909730549224402472;A;CONSERVAR;CONSERVADO;0;"PROGRAMA SANEAMIENTO URBANO: ANALISTA I EN GESTIÓN DE PROYECTOS";https://empleosperuhoy.blogspot.com/2026/10/oportunidad-laboral-cas-041-analista-gestion-proyectos-programa-saneam.html;"oferta laboral individual completa"
3911492280859920780;A;CONSERVAR;CONSERVADO;0;"PAE - PROGRAMA DE ALIMENTACIÓN ESCOLAR: ASISTENTE ADMINISTRATIVO";https://empleosperuhoy.blogspot.com/2026/10/pae-programa-de-alimentacion-escolar_98.html;"oferta laboral individual completa"
3913397525574036524;A;CONSERVAR;CONSERVADO;0;"Trabajo remoto part-time sin experiencia en Perú: Guía paso a paso";https://empleosperuhoy.blogspot.com/2026/09/trabajo-remoto-part-time-sin.html;"oferta laboral individual completa"
392053127755400911;A;CONSERVAR;CONSERVADO;0;"UNIVERSIDAD DE CAÑETE(UNDC): CAS N° 003- N° Plaza 099: ESPECIALISTA DE MODERNIZACIÓN";https://empleosperuhoy.blogspot.com/2026/10/oportunidad-laboral-cas-003-plaza-099-especialista-modernizacion-unive.html;"oferta laboral individual completa"
3927209206873221573;A;CONSERVAR;CONSERVADO;0;"DIRESA CALLAO: Tecnólogos Médicos en Radiología";https://empleosperuhoy.blogspot.com/2026/10/oportunidad-laboral-cas-016-2026-tecnologos-medicos-radiologia-diresa-.html;"oferta laboral individual completa"
3934911577188801005;A;CONSERVAR;CONSERVADO;0;"SIS: ASISTENTE EN INFORMÁTICA";https://empleosperuhoy.blogspot.com/2026/10/sis-asistente-en-informatica_630.html;"oferta laboral individual completa"
3938738429227186500;A;CONSERVAR;CONSERVADO;0;"POLICÍA NACIONAL(PNP): CONSERVADOR DE AMBIENTE";https://empleosperuhoy.blogspot.com/2026/10/oportunidad-laboral-cas-024-conservador-ambiente-policia-nacional-pnp-.html;"oferta laboral individual completa"
3945550190343633436;A;CONSERVAR;CONSERVADO;0;"PODER JUDICIAL: CAS N° 070 - CÓDIGO 02877: ASISTENTE DE SISTEMAS";https://empleosperuhoy.blogspot.com/2026/10/poder-judicial-cas-n-070-codigo-02877_9.html;"oferta laboral individual completa"
3959547873218873103;A;CONSERVAR;CONSERVADO;0;"MINISTERIO PÚBLICO - FISCALÍA: CAS N° 138 - CÓDIGO AFF-01: ASISTENTE EN FUNCIÓN FISCAL";https://empleosperuhoy.blogspot.com/2026/10/ministerio-publico-fiscalia-cas-n-138_7.html;"oferta laboral individual completa"
3961069724289643711;A;CONSERVAR;CONSERVADO;0;"CUNA MÁS: Especialista en Gestión Comunitaria";https://empleosperuhoy.blogspot.com/2026/10/cuna-mas-especialista-en-gestion_5.html;"oferta laboral individual completa"
39620708599495525;A;CONSERVAR;CONSERVADO;0;"PODER JUDICIAL: N° 001 - CÓDIGO 00301: ASISTENTE ADMINISTRATIVO II";https://empleosperuhoy.blogspot.com/2026/10/poder-judicial-n-001-codigo-00301_2.html;"oferta laboral individual completa"
3967740776019408974;A;CONSERVAR;CONSERVADO;0;"SIS: PROFESIONAL MÉDICO DE EVALUACIÓN DE LAS PRESTACIONES";https://empleosperuhoy.blogspot.com/2026/10/sis-profesional-medico-de-evaluacion-de_74.html;"oferta laboral individual completa"
3971365114831731675;A;CONSERVAR;CONSERVADO;0;"MINISTERIO DE ENERGÍA Y MINAS (MINEM): Coordinador y especialista";https://empleosperuhoy.blogspot.com/2026/10/oferta-de-empleo-ministerio-energia-minas-minem-solicita-coordin-ab7f.html;"oferta laboral individual completa"
397924246026396055;A;CONSERVAR;CONSERVADO;0;"SUTRAN: ANALISTA I";https://empleosperuhoy.blogspot.com/2026/10/oportunidad-laboral-cas-240-analista-sutran-lima-633330.html;"oferta laboral individual completa"
3988299028627226083;A;CONSERVAR;CONSERVADO;0;"UNIVERSIDAD DE HUANTA: Asistente de Secretaria Técnica de Procedimientos Administrativos y Disciplinario";https://empleosperuhoy.blogspot.com/2026/10/universidad-de-huanta-asistente-de_3.html;"oferta laboral individual completa"
3993823978782770884;A;CONSERVAR;CONSERVADO;0;"MINISTERIO PÚBLICO - FISCALÍA: CAS N° 141 - CÓDIGO AAD-01: ASISTENTE ADMINISTRATIVO";https://empleosperuhoy.blogspot.com/2026/10/oportunidad-laboral-cas-141-codigo-aad-asistente-administrativo-minist.html;"oferta laboral individual completa"
3997325427228292879;A;CONSERVAR;CONSERVADO;0;"PODER JUDICIAL: CAS N° 076 - CÓDIGO 01525: SECRETARIO/A JUDICIAL";https://empleosperuhoy.blogspot.com/2026/10/poder-judicial-cas-n-076-codigo-01525_2.html;"oferta laboral individual completa"
4003058498983596505;A;CONSERVAR;CONSERVADO;0;"Docente Ingenieria - Todas Las Especialidades";https://empleosperuhoy.blogspot.com/2026/10/docente-ingenieria-todas-las.html;"oferta laboral individual completa"
4007652292166859507;A;CONSERVAR;CONSERVADO;0;"PAE - PROGRAMA DE ALIMENTACIÓN ESCOLAR: COORDINADOR TÉCNICO TERRITORIAL";https://empleosperuhoy.blogspot.com/2026/10/pae-programa-de-alimentacion-escolar_17.html;"oferta laboral individual completa"
4008367533183466915;A;CONSERVAR;CONSERVADO;0;"MINISTERIO PÚBLICO - FISCALÍA: CAS N° 134 - CÓDIGO AFF-01: ASISTENTE EN FUNCIÓN FISCAL";https://empleosperuhoy.blogspot.com/2026/10/oportunidad-laboral-cas-134-codigo-aff-asistente-funcion-fiscal-506b.html;"oferta laboral individual completa"
4009959380131181932;A;CONSERVAR;CONSERVADO;0;"Asistente Administrativo – Presencial / Pueblo Libre - Lima";https://empleosperuhoy.blogspot.com/2026/10/asistente-administrativo-presencial.html;"oferta laboral individual completa"
4014978635993283638;A;CONSERVAR;CONSERVADO;0;"DIRESA CALLAO: Médico";https://empleosperuhoy.blogspot.com/2026/10/diresa-callao-medico_4.html;"oferta laboral individual completa"
4026442372497832222;A;CONSERVAR;CONSERVADO;0;"UGEL-1: ESPECIALISTA DE PATRIMONIO";https://empleosperuhoy.blogspot.com/2026/10/oportunidad-laboral-cas-080-especialista-patrimonio-ugel-lima-632971.html;"oferta laboral individual completa"
4030259022829016450;A;CONSERVAR;CONSERVADO;0;"Pasantía Laboral / Marketing Digital";https://empleosperuhoy.blogspot.com/2026/10/pasantia-laboral-marketing-digital.html;"oferta laboral individual completa"
4038446426426317756;A;CONSERVAR;CONSERVADO;0;"SUNAFIL: AUXILIAR ADMINISTRATIVO";https://empleosperuhoy.blogspot.com/2026/10/sunafil-auxiliar-administrativo_7.html;"oferta laboral individual completa"
4050404259146527622;A;CONSERVAR;CONSERVADO;0;"PODER JUDICIAL: CAS N° 115 - CÓDIGO 01066:  AUXILIAR ADMINISTRATIVO";https://empleosperuhoy.blogspot.com/2026/10/poder-judicial-cas-n-115-codigo-01066_5.html;"oferta laboral individual completa"
4051267197113884499;A;CONSERVAR;CONSERVADO;0;"UNIVERSIDAD DE HUANTA: Técnico de mantenimiento";https://empleosperuhoy.blogspot.com/2026/10/oportunidad-laboral-cas-007-2026-tecnico-mantenimiento-universidad-hua.html;"oferta laboral individual completa"
4052073764272343565;A;CONSERVAR;CONSERVADO;0;"SIS: ASISTENTE ADMINISTRATIVO";https://empleosperuhoy.blogspot.com/2026/10/oportunidad-laboral-cas-132-asistente-administrativo-sis-huanuco-63090.html;"oferta laboral individual completa"
4062192268655518643;A;CONSERVAR;CONSERVADO;0;"SUCAMEC: INSPECTOR";https://empleosperuhoy.blogspot.com/2026/10/oportunidad-laboral-cas-090-inspector-sucamec-lima-633604.html;"oferta laboral individual completa"
406403948583112834;A;CONSERVAR;CONSERVADO;0;"DIRECCIÓN DE AGRICULTURA HUÁNUCO: ASISTENTE ADMINISTRATIVO - CODIGO AIRHSP:000648";https://empleosperuhoy.blogspot.com/2026/10/oportunidad-laboral-cas-004-2026-asistente-administrativo-codigo-2a0c.html;"oferta laboral individual completa"
4064436763631444024;A;CONSERVAR;CONSERVADO;0;"Auditor De Frabricacion De Cemento";https://empleosperuhoy.blogspot.com/2026/10/auditor-de-frabricacion-de-cemento.html;"oferta laboral individual completa"
4065595526998301180;A;CONSERVAR;CONSERVADO;0;"PODER JUDICIAL: CAS N° 032 - CÓDIGO 00723: ASISTENTE JURISDICCIONAL";https://empleosperuhoy.blogspot.com/2026/10/poder-judicial-cas-n-032-codigo-00723_7.html;"oferta laboral individual completa"
407095987036410514;A;CONSERVAR;CONSERVADO;0;"UGEL-1: PERSONAL DE LIMPIEZA Y MANTENIMIENTO";https://empleosperuhoy.blogspot.com/2026/10/oportunidad-laboral-cas-083-personal-limpieza-mantenimiento-ugel-lima-.html;"oferta laboral individual completa"
4074409318249261632;A;CONSERVAR;CONSERVADO;0;"PAE - PROGRAMA DE ALIMENTACIÓN ESCOLAR: ESPECIALISTA ALIMENTARIO";https://empleosperuhoy.blogspot.com/2026/10/pae-programa-de-alimentacion-escolar_03.html;"oferta laboral individual completa"
407818627783638260;A;CONSERVAR;CONSERVADO;0;"PAE - PROGRAMA DE ALIMENTACIÓN ESCOLAR: ADMINISTRADOR(A)";https://empleosperuhoy.blogspot.com/2026/10/pae-programa-de-alimentacion-escolar_74.html;"oferta laboral individual completa"
4078789834084295452;A;CONSERVAR;CONSERVADO;0;"DIRESA CALLAO: Obstetra";https://empleosperuhoy.blogspot.com/2026/10/diresa-callao-obstetra_2.html;"oferta laboral individual completa"
4079407804729335768;A;CONSERVAR;CONSERVADO;0;"OSIPTEL: ANALISTA II DE INSTRUCCIÓN";https://empleosperuhoy.blogspot.com/2026/10/oportunidad-laboral-cas-051-analista-instruccion-osiptel-lima-632835.html;"oferta laboral individual completa"
4081552494468486477;A;CONSERVAR;CONSERVADO;0;"PROGRAMA SANEAMIENTO URBANO: ANALISTA DE ALMACEN";https://empleosperuhoy.blogspot.com/2026/10/oportunidad-laboral-cas-031-analista-almacen-programa-saneamiento-urba.html;"oferta laboral individual completa"
4086345818110248388;A;CONSERVAR;CONSERVADO;0;"OSIPTEL: ASISTENTE TECNICO II";https://empleosperuhoy.blogspot.com/2026/10/osiptel-asistente-tecnico-ii_5.html;"oferta laboral individual completa"
4112588287779903121;A;CONSERVAR;CONSERVADO;0;"Cierre de ventas";https://empleosperuhoy.blogspot.com/2026/09/cierre-de-ventas.html;"oferta laboral individual completa"
4113348798320799996;A;CONSERVAR;CONSERVADO;0;"PROGRAMA SANEAMIENTO URBANO: ESPECIALISTA SENIOR EN PLANEAMIENTO Y MODERNIZACIÓN";https://empleosperuhoy.blogspot.com/2026/09/programa-saneamiento-urbano_01342360661.html;"oferta laboral individual completa"
4119588434850823923;A;CONSERVAR;CONSERVADO;0;"MUNICIPALIDAD LA ENCAÑADA: MUNICIPALIDAD LA ENCAÑADA: Solicita Jefes de unidad y Especialista en Contrataciones";https://empleosperuhoy.blogspot.com/2026/10/oferta-de-empleo-municipalidad-encanada-solicita-jefes-unidad-es-7cd9.html;"oferta laboral individual completa"
4120664926335189479;A;CONSERVAR;CONSERVADO;0;"MINISTERIO DE VIVIENDA: Coordinador/a del Equipo de Ejecución Contractual";https://empleosperuhoy.blogspot.com/2026/09/ministerio-de-vivienda-coordinadora-del_02058537749.html;"oferta laboral individual completa"
4121952672026500636;A;CONSERVAR;CONSERVADO;0;"HOSPITAL DE HUACHO: 276 N° 001-2026: Técnico/a en Enfermería I";https://empleosperuhoy.blogspot.com/2026/10/hospital-de-huacho-276-n-001-2026_81.html;"oferta laboral individual completa"
4125664094103350087;A;CONSERVAR;CONSERVADO;0;"EJÉRCITO DEL PERÚ: AUXILIAR DE ENFERMERÍA";https://empleosperuhoy.blogspot.com/2026/10/ejercito-del-peru-auxiliar-de-enfermeria_7.html;"oferta laboral individual completa"
4131827182470137164;A;CONSERVAR;CONSERVADO;0;"Asistente de Gestión Docente";https://empleosperuhoy.blogspot.com/2026/09/asistente-de-gestion-docente.html;"oferta laboral individual completa"
4136881458516455740;A;CONSERVAR;CONSERVADO;0;"RED DE SALUD JAUJA: 276 N° 002: ENFERMERA/O";https://empleosperuhoy.blogspot.com/2026/10/oportunidad-laboral-276-002-enfermera-red-salud-jauja-junin-633176.html;"oferta laboral individual completa"
4137400355742100377;A;CONSERVAR;CONSERVADO;0;"RED DE SALUD JAUJA: RED DE SALUD JAUJA: (31) Enfermeras, Médicos, Obstetras, Especialistas, Nutricionistas y otros";https://empleosperuhoy.blogspot.com/2026/10/red-de-salud-jauja-red-de-salud-jauja_0.html;"oferta laboral individual completa"
4140401181843271135;A;CONSERVAR;CONSERVADO;0;"MINISTERIO PÚBLICO - FISCALÍA: CAS N° 136 - CÓDIGO AAD-01: ASISTENTE ADMINISTRATIVO";https://empleosperuhoy.blogspot.com/2026/10/ministerio-publico-fiscalia-cas-n-136_9.html;"oferta laboral individual completa"
4144434859861666803;A;CONSERVAR;CONSERVADO;0;"HOSPITAL SAN JUAN BAUTISTA HUARAL: HOSPITAL SAN JUAN BAUTISTA HUARAL: (6) Obstetras, Contador, Medico, Auxiliar Asistencial";https://empleosperuhoy.blogspot.com/2026/10/oferta-de-empleo-hospital-san-juan-bautista-huaral-obstetra-cont-3a5d.html;"oferta laboral individual completa"
4147322695867442573;A;CONSERVAR;CONSERVADO;0;"RED DE SALUD JAUJA: 276 N° 002: TÉCNICO/A EN SERVICIO SOCIAL";https://empleosperuhoy.blogspot.com/2026/10/oportunidad-laboral-276-002-tecnico-servicio-social-red-salud-ja-00e6.html;"oferta laboral individual completa"
414901472984983872;A;CONSERVAR;CONSERVADO;0;"MINISTERIO PÚBLICO - FISCALÍA: CAS N° 141 - CÓDIGO AFF-02: ASISTENTE EN FUNCIÓN FISCAL";https://empleosperuhoy.blogspot.com/2026/10/oportunidad-laboral-cas-141-codigo-aff-asistente-funcion-fiscal-47f4.html;"oferta laboral individual completa"
4150450988444078796;A;CONSERVAR;CONSERVADO;0;"DIRESA CALLAO: Pilotos de Ambulancia";https://empleosperuhoy.blogspot.com/2026/10/diresa-callao-pilotos-de-ambulancia_3.html;"oferta laboral individual completa"
4154917722333037342;A;CONSERVAR;CONSERVADO;0;"PRONABEC: COORDINADOR(A) DE INCORPORACIÓN Y DESARROLLO DEL TALENTO";https://empleosperuhoy.blogspot.com/2026/10/pronabec-coordinadora-de-incorporacion_8.html;"oferta laboral individual completa"
4158854056068103430;A;CONSERVAR;CONSERVADO;0;"UNIVERSIDAD DE BAGUA: CAS N° 005 - ITEM N° 32: TÉCNICO LABORATORISTA - FACULTAD DE CIENCIAS NATURALES Y APLICADAS";https://empleosperuhoy.blogspot.com/2026/10/universidad-de-bagua-cas-n-005-item-n_94.html;"oferta laboral individual completa"
4159257232808372799;A;CONSERVAR;CONSERVADO;0;"PAE - PROGRAMA DE ALIMENTACIÓN ESCOLAR: CHOFER I";https://empleosperuhoy.blogspot.com/2026/10/oportunidad-laboral-cas-111-chofer-pae-programa-alimentacion-escolar-l.html;"oferta laboral individual completa"
4159286237008998118;A;CONSERVAR;CONSERVADO;0;"SIS: ADMINISTRADOR DE UDR";https://empleosperuhoy.blogspot.com/2026/10/sis-administrador-de-udr_8.html;"oferta laboral individual completa"
4159889459907039447;A;CONSERVAR;CONSERVADO;0;"PROGRAMA SANEAMIENTO URBANO: PROGRAMA SANEAMIENTO URBANO: (26) Especialistas, Analistas, Asistentes y otros cargos";https://empleosperuhoy.blogspot.com/2026/10/programa-saneamiento-urbano-programa_3.html;"oferta laboral individual completa"
4160362652174827427;A;CONSERVAR;CONSERVADO;0;"DIRESA CAJAMARCA: MÉDICO CIRUJANO";https://empleosperuhoy.blogspot.com/2026/10/diresa-cajamarca-medico-cirujano_5.html;"oferta laboral individual completa"
4161787468686033649;A;CONSERVAR;CONSERVADO;0;"HOSPITAL HIPOLITO UNANUE: Enfermera/o Especialista";https://empleosperuhoy.blogspot.com/2026/10/hospital-hipolito-unanue-enfermerao_37.html;"oferta laboral individual completa"
4162267511351109658;A;CONSERVAR;CONSERVADO;0;"DIRESA CALLAO: Tecnólogo Médico de Terapia de Lenguaje";https://empleosperuhoy.blogspot.com/2026/10/oportunidad-laboral-cas-015-2026-tecnologo-medico-terapia-lenguaje-dir.html;"oferta laboral individual completa"
4164726567479803228;A;CONSERVAR;CONSERVADO;0;"UNIVERSIDAD DE BAGUA: CAS N° 005 - ITEM N° 25: PROFESIONAL III - DIRECCION DE BIENESTAR UNIVERSITARIO-PSICÓLOGO";https://empleosperuhoy.blogspot.com/2026/10/oportunidad-laboral-cas-005-item-profesional-iii-direccion-bienestar-u.html;"oferta laboral individual completa"
4168008100381386333;A;CONSERVAR;CONSERVADO;0;"DIRESA CALLAO: Enfermero/a";https://empleosperuhoy.blogspot.com/2026/10/diresa-callao-enfermeroa_7.html;"oferta laboral individual completa"
4171099429160911977;A;CONSERVAR;CONSERVADO;0;"MINISTERIO DE CULTURA: ESPECIALISTA DE SISTEMAS DE INFORMACIÓN";https://empleosperuhoy.blogspot.com/2026/10/ministerio-de-cultura-especialista-de_4.html;"oferta laboral individual completa"
4173342957470651545;A;CONSERVAR;CONSERVADO;0;"PODER JUDICIAL: CAS N° 031 - CÓDIGO 01463: Asistente Judicial";https://empleosperuhoy.blogspot.com/2026/10/poder-judicial-cas-n-031-codigo-01463_6.html;"oferta laboral individual completa"
4176902945224607350;A;CONSERVAR;CONSERVADO;0;"RED DE SALUD VIRÚ: TECNÓLOGO MÉDICO EN TERAPIA FÍSICA Y REHABILITACIÓN";https://empleosperuhoy.blogspot.com/2026/10/red-de-salud-viru-tecnologo-medico-en_4.html;"oferta laboral individual completa"
4176951240408994076;A;CONSERVAR;CONSERVADO;0;"RED DE SALUD VIRÚ: MÉDICO AUDITOR";https://empleosperuhoy.blogspot.com/2026/10/oportunidad-laboral-cas-004-2026-medico-auditor-red-salud-viru-liberta.html;"oferta laboral individual completa"
4177610133742237994;A;CONSERVAR;CONSERVADO;0;"SIS: Coordinador de Gestión de Convenios y Seguros";https://empleosperuhoy.blogspot.com/2026/10/oportunidad-laboral-cas-161-coordinador-gestion-convenios-seguros-sis-.html;"oferta laboral individual completa"
4178250339165028935;A;CONSERVAR;CONSERVADO;0;"SERNANP: Analista, ingeniero y asistente";https://empleosperuhoy.blogspot.com/2026/10/sernanp-analista-ingeniero-y-asistente_1.html;"oferta laboral individual completa"
4180139544635382400;A;CONSERVAR;CONSERVADO;0;"MUNICIPALIDAD DE LARES: TÉCNICO ADMINISTRATIVO DE OGA";https://empleosperuhoy.blogspot.com/2026/10/oportunidad-laboral-cas-008-tecnico-administrativo-oga-municipalidad-l.html;"oferta laboral individual completa"
4180232512848248793;A;CONSERVAR;CONSERVADO;0;"UNIVERSIDAD DE CAÑETE(UNDC): CAS N° 003- N° Plaza 102: ESPECIALISTA EN ADMINISTRACIÓN Y GESTIÓN";https://empleosperuhoy.blogspot.com/2026/10/oportunidad-laboral-cas-003-plaza-102-especialista-administracion-gest.html;"oferta laboral individual completa"
4189831007186679638;A;CONSERVAR;CONSERVADO;0;"UGEL 03 - TRUJILLO NOR OESTE: SECRETARIA II";https://empleosperuhoy.blogspot.com/2026/10/oportunidad-laboral-cas-022-secretaria-ugel-trujillo-nor-oeste-liberta.html;"oferta laboral individual completa"
4190638511229187357;A;CONSERVAR;CONSERVADO;0;"OSINFOR: ESPECIALISTA EN ESTUDIOS Y EVALUACION FORESTAL Y DE FAUNA SILVESTRE";https://empleosperuhoy.blogspot.com/2026/10/oportunidad-laboral-cas-072-especialista-estudios-evaluacion-forestal-.html;"oferta laboral individual completa"
4193079271030498300;A;CONSERVAR;CONSERVADO;0;"UNIVERSIDAD DE HUANTA: UNIVERSIDAD DE HUANTA: (35) Auxiliares administrativos, Especialistas, Analistas, Asistente";https://empleosperuhoy.blogspot.com/2026/10/oferta-de-empleo-universidad-huanta-auxiliares-especialista-anal-da5c.html;"oferta laboral individual completa"
4195697903282227457;A;CONSERVAR;CONSERVADO;0;"DIRESA CAJAMARCA: BIOLOGO";https://empleosperuhoy.blogspot.com/2026/10/diresa-cajamarca-biologo_8.html;"oferta laboral individual completa"
4197185043313068572;A;CONSERVAR;CONSERVADO;0;"UNIVERSIDAD DE CAÑETE(UNDC): CAS N° 003- N° Plaza 013: ASISTENTE";https://empleosperuhoy.blogspot.com/2026/10/oportunidad-laboral-cas-003-plaza-013-asistente-universidad-canete-und.html;"oferta laboral individual completa"
4199591806356480853;A;CONSERVAR;CONSERVADO;0;"DIRESA CALLAO: Auxiliar Administrativo";https://empleosperuhoy.blogspot.com/2026/10/oportunidad-laboral-cas-036-2026-auxiliar-administrativo-diresa-callao.html;"oferta laboral individual completa"
4201311395061809976;A;CONSERVAR;CONSERVADO;0;"MINISTERIO PÚBLICO - FISCALÍA: CAS N° 135 - CÓDIGO AFF-14: ASISTENTE EN FUNCIÓN FISCAL";https://empleosperuhoy.blogspot.com/2026/10/ministerio-publico-fiscalia-cas-n-135_46.html;"oferta laboral individual completa"
4201930256246320173;A;CONSERVAR;CONSERVADO;0;"MINISTERIO PÚBLICO - FISCALÍA: CAS N° 134 - CÓDIGO AFF-02: ASISTENTE EN FUNCIÓN FISCAL";https://empleosperuhoy.blogspot.com/2026/10/oportunidad-laboral-cas-134-codigo-aff-asistente-funcion-fiscal-abf4.html;"oferta laboral individual completa"
4202169396492830499;A;CONSERVAR;CONSERVADO;0;"PAE - PROGRAMA DE ALIMENTACIÓN ESCOLAR: ESPECIALISTA INFORMÁTICO";https://empleosperuhoy.blogspot.com/2026/10/oportunidad-laboral-cas-103-especialista-informatico-pae-programa-alim.html;"oferta laboral individual completa"
4202829633068999056;A;CONSERVAR;CONSERVADO;0;"HOSPITAL DE HUACHO: 276 N° 001-2026: Nutricionista";https://empleosperuhoy.blogspot.com/2026/10/hospital-de-huacho-276-n-001-2026_08.html;"oferta laboral individual completa"
4203864861911287520;A;CONSERVAR;CONSERVADO;0;"UNIVERSIDAD DE HUANTA: Técnico en enfermería";https://empleosperuhoy.blogspot.com/2026/10/universidad-de-huanta-tecnico-en_4.html;"oferta laboral individual completa"
4205028274397797304;A;CONSERVAR;CONSERVADO;0;"UNIVERSIDAD DE CAÑETE(UNDC): CAS N° 003- N° Plaza 076: ESPECIALISTA DE SECRETARIA TÉCNICA PAD";https://empleosperuhoy.blogspot.com/2026/10/universidad-de-caneteundc-cas-n-003-n_533.html;"oferta laboral individual completa"
4206264833222635184;A;CONSERVAR;CONSERVADO;0;"CAS N° 009: ESPECIALISTA EN TECNOLOGÍAS DE LA INFORMACIÓN";https://empleosperuhoy.blogspot.com/2026/09/cas-n-009-especialista-en-tecnologias.html;"oferta laboral individual completa"
4208213313252069952;A;CONSERVAR;CONSERVADO;0;"UNIVERSIDAD MICAELA BASTIDAS: ASISTENTE ADMINISTRATIVO";https://empleosperuhoy.blogspot.com/2026/10/oportunidad-laboral-cas-006-asistente-administrativo-universidad-dc38.html;"oferta laboral individual completa"
4211993318489332691;A;CONSERVAR;CONSERVADO;0;"RED DE SALUD JAUJA: 276 N° 002: MEDICO";https://empleosperuhoy.blogspot.com/2026/10/red-de-salud-jauja-276-n-002-medico_7.html;"oferta laboral individual completa"
4213024910115287039;A;CONSERVAR;CONSERVADO;0;"PROMPERÚ: ASISTENTE DE MEDIOS DIGITALES";https://empleosperuhoy.blogspot.com/2026/10/promperu-asistente-de-medios-digitales_9.html;"oferta laboral individual completa"
4214190805773430240;A;CONSERVAR;CONSERVADO;0;"DIRESA CAJAMARCA: VIGILANTE";https://empleosperuhoy.blogspot.com/2026/10/oportunidad-laboral-cas-002-2026-vigilante-diresa-cajamarca-632697.html;"oferta laboral individual completa"
4214519826859735363;A;CONSERVAR;CONSERVADO;0;"PODER JUDICIAL: CAS N° 027 - CÓDIGO 01545: PROFESIONAL EN LOGISTICA";https://empleosperuhoy.blogspot.com/2026/10/poder-judicial-cas-n-027-codigo-01545_6.html;"oferta laboral individual completa"
421541828732961470;A;CONSERVAR;CONSERVADO;0;"GERENCIA DE SALUD LA LIBERTAD: GERENCIA DE SALUD LA LIBERTAD: (28) Enfermeras, Obstetras, Médicos, Digitador, Biologo y otros cargos";https://empleosperuhoy.blogspot.com/2026/10/oferta-de-empleo-gerencia-salud-libertad-enfermeras-obstetras-me-17aa.html;"oferta laboral individual completa"
4218552923437793344;A;CONSERVAR;CONSERVADO;0;"UGEL SAN MIGUEL: Especialista en PAD y Técnico en planillas";https://empleosperuhoy.blogspot.com/2026/10/oferta-de-empleo-ugel-san-miguel-requiere-especialista-pad-tecni-3b5b.html;"oferta laboral individual completa"
4218727606453438737;A;CONSERVAR;CONSERVADO;0;"RED DE SALUD JAUJA: 276 N° 002: TÉCNICO/A EN NUTRICIÓN II";https://empleosperuhoy.blogspot.com/2026/10/oportunidad-laboral-276-002-tecnico-nutricion-red-salud-jauja-ju-6c63.html;"oferta laboral individual completa"
4219352231700484437;A;CONSERVAR;CONSERVADO;0;"HOSPITAL HIPOLITO UNANUE: HOSPITAL HIPOLITO UNANUE: (25) Médicos, Enfermeras, Obstetra Ingeniero y otros";https://empleosperuhoy.blogspot.com/2026/10/oferta-de-empleo-hospital-hipolito-unanue-medicos-enfermeras-obs-4ce0.html;"oferta laboral individual completa"
4221289868257349263;A;CONSERVAR;CONSERVADO;0;"OSIPTEL: ANALISTA II EN INTEGRIDAD";https://empleosperuhoy.blogspot.com/2026/10/oportunidad-laboral-cas-057-analista-integridad-osiptel-lima-632838.html;"oferta laboral individual completa"
4227439483819586378;A;CONSERVAR;CONSERVADO;0;"HOSPITAL REGIONAL DE MOQUEGUA: CAS N° 003 - ITEM 21: TÉCNICO ASISTENCIAL - UNIDAD DE GESTIÓN DE LA CALIDAD";https://empleosperuhoy.blogspot.com/2026/09/hospital-regional-de-moquegua-cas-n-003_0354296255.html;"oferta laboral individual completa"
4228580652802224336;A;CONSERVAR;CONSERVADO;0;"SUTRAN: SUTRAN: (10) Resolutores, asistentes, supervisores y otros";https://empleosperuhoy.blogspot.com/2026/10/sutran-sutran-10-resolutores-asistentes_1.html;"oferta laboral individual completa"
4231084555750734914;A;CONSERVAR;CONSERVADO;0;"PODER JUDICIAL: PODER JUDICIAL: (138) Especialistas, asistentes, auxiliares y otros";https://empleosperuhoy.blogspot.com/2026/10/oferta-de-empleo-poder-judicial-especialistas-asistentes-auxilia-c1b0.html;"oferta laboral individual completa"
4235296057644120101;A;CONSERVAR;CONSERVADO;0;"Trabaja 6 Horas // 11Am A 5-30Pm // Descansa Domingos Y Feriados";https://empleosperuhoy.blogspot.com/2026/10/trabaja-6-horas-11am-5-30pm-descansa.html;"oferta laboral individual completa"
4237261316005404198;A;CONSERVAR;CONSERVADO;0;"MINISTERIO PÚBLICO - FISCALÍA: CAS N° 141 - CÓDIGO AFF-03: ASISTENTE EN FUNCIÓN FISCAL";https://empleosperuhoy.blogspot.com/2026/10/ministerio-publico-fiscalia-cas-n-141_95.html;"oferta laboral individual completa"
4238882971971969186;A;CONSERVAR;CONSERVADO;0;"PODER JUDICIAL: CAS N° 023 - CÓDIGO 1129: ESPECIALISTA JUDICIAL DE AUDIENCIA";https://empleosperuhoy.blogspot.com/2026/10/oportunidad-laboral-cas-023-codigo-1129-especialista-judicial-audienci.html;"oferta laboral individual completa"
4244050456149807930;A;CONSERVAR;CONSERVADO;0;"HOSPITAL SAN JUAN BAUTISTA HUARAL: N° 002: OBSTETRA";https://empleosperuhoy.blogspot.com/2026/10/oportunidad-laboral-002-obstetra-hospital-san-juan-bautista-huaral-lim.html;"oferta laboral individual completa"
4247079263891633876;A;CONSERVAR;CONSERVADO;0;"UNIVERSIDAD DE CAÑETE(UNDC): CAS N° 003- N° Plaza 106: ESPECIALISTA AMBIENTAL";https://empleosperuhoy.blogspot.com/2026/10/universidad-de-caneteundc-cas-n-003-n_40.html;"oferta laboral individual completa"
4250344064163845661;A;CONSERVAR;CONSERVADO;0;"PROGRAMA A COMER PESCADO: PROGRAMA A COMER PESCADO: (7) Especialistas, Analistas, Choferes y Ejecutivo";https://empleosperuhoy.blogspot.com/2026/10/oferta-de-empleo-programa-comer-pescado-especialistas-analistas-8c82.html;"oferta laboral individual completa"
4250721600412213735;A;CONSERVAR;CONSERVADO;0;"HOSPITAL GENERAL DE JAÉN: CAS N° 002 - Código AIRHSP 003571: TECNOLOGO MEDICO EN RADIOLOGIA";https://empleosperuhoy.blogspot.com/2026/10/oportunidad-laboral-cas-002-codigo-airhsp-tecnologo-medico-radio-6d47.html;"oferta laboral individual completa"
4252366699350610466;A;CONSERVAR;CONSERVADO;0;"OSIPTEL: Especialista y Abogado";https://empleosperuhoy.blogspot.com/2026/10/oferta-de-empleo-osiptel-busca-especialista-abogado-convocatoria-a4f1.html;"oferta laboral individual completa"
4253547369891832067;A;CONSERVAR;CONSERVADO;0;"CAS N° 003 - ITEM 23: PROFESIONAL ADMINISTRATIVO - AREA DE COMUNICACIONES";https://empleosperuhoy.blogspot.com/2026/09/cas-n-003-item-23-profesional.html;"oferta laboral individual completa"
4259460372891534664;A;CONSERVAR;CONSERVADO;0;"DIRECCION DE EDUCACION(DRE) ANCASH: Abogado";https://empleosperuhoy.blogspot.com/2026/10/oportunidad-laboral-cas-027-abogado-direccion-educacion-dre-anca-7510.html;"oferta laboral individual completa"
4260652857232521220;A;CONSERVAR;CONSERVADO;0;"Ejecutivos De Ventas / Sueldo + Comisiones Ilimitadas";https://empleosperuhoy.blogspot.com/2026/10/ejecutivos-de-ventas-sueldo-comisiones.html;"oferta laboral individual completa"
426233147498512827;A;CONSERVAR;CONSERVADO;0;"COPESCO CUSCO: COPESCO CUSCO: requiere Abogado y Asistente";https://empleosperuhoy.blogspot.com/2026/10/copesco-cusco-copesco-cusco-requiere_3.html;"oferta laboral individual completa"
4264311276835186971;A;CONSERVAR;CONSERVADO;0;"MINISTERIO PÚBLICO - FISCALÍA: N° 044 - CÓDIGO TNEC-01: TÉCNICO NECROPSIADOR";https://empleosperuhoy.blogspot.com/2026/10/ministerio-publico-fiscalia-n-044_82.html;"oferta laboral individual completa"
4270497932410573639;A;CONSERVAR;CONSERVADO;0;"HOSPITAL HIPOLITO UNANUE: Técnico en Enfermería";https://empleosperuhoy.blogspot.com/2026/10/hospital-hipolito-unanue-tecnico-en_2.html;"oferta laboral individual completa"
4273307880585890957;A;CONSERVAR;CONSERVADO;0;"PROMPERÚ: ESPECIALISTA EN PRODUCCIÓN DE EVENTOS I";https://empleosperuhoy.blogspot.com/2026/10/promperu-especialista-en-produccion-de_0.html;"oferta laboral individual completa"
4275632395107642898;A;CONSERVAR;CONSERVADO;0;"Caja Y Atención Al Cliente / Santa Anita";https://empleosperuhoy.blogspot.com/2026/10/caja-y-atencion-al-cliente-santa-anita.html;"oferta laboral individual completa"
4279619069094434289;A;CONSERVAR;CONSERVADO;0;"Maestro lubricador / Mineria /14x7";https://empleosperuhoy.blogspot.com/2026/09/maestro-lubricador-mineria-14x7.html;"oferta laboral individual completa"
4281456775529147394;A;CONSERVAR;CONSERVADO;0;"SUNEDU: Especialistas y profesional en contenido web institucional";https://empleosperuhoy.blogspot.com/2026/10/sunedu-especialistas-y-profesional-en_6.html;"oferta laboral individual completa"
4282361946510268509;A;CONSERVAR;CONSERVADO;0;"RED DE SALUD HUAMALÍES: Médico pediatra, enfermería y Cirujano Dentista";https://empleosperuhoy.blogspot.com/2026/10/oferta-de-empleo-red-salud-huamalies-medico-pediatra-enfermeria-dc9e.html;"oferta laboral individual completa"
428329263896499746;A;CONSERVAR;CONSERVADO;0;"EJÉRCITO DEL PERÚ: TÉCNICO EN PERIODISMO";https://empleosperuhoy.blogspot.com/2026/10/ejercito-del-peru-tecnico-en-periodismo_6.html;"oferta laboral individual completa"
4285537069477485072;A;CONSERVAR;CONSERVADO;0;"MINISTERIO PÚBLICO - FISCALÍA: CAS N° 134 - CÓDIGO OP.LIMP-01: OPERARIO DE LIMPIEZA";https://empleosperuhoy.blogspot.com/2026/10/oportunidad-laboral-cas-134-codigo-oplimp-operario-limpieza-ministerio.html;"oferta laboral individual completa"
4286584866678041683;A;CONSERVAR;CONSERVADO;0;"UNIVERSIDAD DE CAÑETE(UNDC): UNIVERSIDAD DE CAÑETE(UNDC): (87) Analistas, Asistente, Especialistas, y otros cargos";https://empleosperuhoy.blogspot.com/2026/10/universidad-de-caneteundc-universidad_3.html;"oferta laboral individual completa"
4288236998998316123;A;CONSERVAR;CONSERVADO;0;"MINISTERIO DEL INTERIOR(MININTER): ANALISTA II EN CONTRATACIONES PÚBLICAS";https://empleosperuhoy.blogspot.com/2026/10/oportunidad-laboral-cas-080-analista-contrataciones-publicas-ministeri.html;"oferta laboral individual completa"
4290881225746951312;A;CONSERVAR;CONSERVADO;0;"HOSPITAL SICUANI: CAS N° 009 - ITEM 05: ENFERMERA";https://empleosperuhoy.blogspot.com/2026/10/hospital-sicuani-cas-n-009-item-05_5.html;"oferta laboral individual completa"
4294934280544548857;A;CONSERVAR;CONSERVADO;0;"PODER JUDICIAL: N° 001 - CÓDIGO 00309-13-14: SECRETARIO JUDICIAL";https://empleosperuhoy.blogspot.com/2026/10/oportunidad-laboral-001-codigo-secretario-judicial-poder-arequip-ebef.html;"oferta laboral individual completa"
4297649137140529565;A;CONSERVAR;CONSERVADO;0;"UNIVERSIDAD DE CAÑETE(UNDC): CAS N° 003- N° Plaza 084: ASISTENTE DE PROGRAMACIÓN E INTEGRACIÓN DE SISTEMAS";https://empleosperuhoy.blogspot.com/2026/10/universidad-de-caneteundc-cas-n-003-n_84.html;"oferta laboral individual completa"
4302099100843543317;A;CONSERVAR;CONSERVADO;0;"SIS: Especialista en Integracion Contable";https://empleosperuhoy.blogspot.com/2026/10/sis-especialista-en-integracion-contable_7.html;"oferta laboral individual completa"
4304376540657605447;A;CONSERVAR;CONSERVADO;0;"SUNAFIL: ASISTENTE EN CONTRATACIONES DEL ESTADO";https://empleosperuhoy.blogspot.com/2026/10/oportunidad-laboral-cas-115-asistente-contrataciones-del-estado-sunafi.html;"oferta laboral individual completa"
4307077332478182408;A;CONSERVAR;CONSERVADO;0;"PODER JUDICIAL: N° 001 - CÓDIGO 00347-1: TECNICO JUDICIAL";https://empleosperuhoy.blogspot.com/2026/10/poder-judicial-n-001-codigo-00347-1_8.html;"oferta laboral individual completa"
4307619773793016826;A;CONSERVAR;CONSERVADO;0;"PROINNÓVATE: 2 Ejecutivos y Especialista";https://empleosperuhoy.blogspot.com/2026/10/oferta-de-empleo-proinnovate-busca-ejecutivos-especialista-convo-e52e.html;"oferta laboral individual completa"
4309663036935736515;A;CONSERVAR;CONSERVADO;0;"INEI: AUXILIAR DE SALUD DE LOCAL DE EVALUACIÓN - CUSCO";https://empleosperuhoy.blogspot.com/2026/10/inei-auxiliar-de-salud-de-local-de_05.html;"oferta laboral individual completa"
4311602280525839589;A;CONSERVAR;CONSERVADO;0;"CENTRO VACACIONAL HUAMPANI: ANALISTA CONTABLE";https://empleosperuhoy.blogspot.com/2026/10/centro-vacacional-huampani-analista_1.html;"oferta laboral individual completa"
4315000641770420928;A;CONSERVAR;CONSERVADO;0;"UGEL HUÁNUCO: UGEL HUÁNUCO: (4) Especialistas y Asistente administrativos y otros cargos";https://empleosperuhoy.blogspot.com/2026/10/ugel-huanuco-ugel-huanuco-4_5.html;"oferta laboral individual completa"
431995947648928724;A;CONSERVAR;CONSERVADO;0;"INEI: OPERADOR DE MANTENIMIENTO DE LOCAL DE EVALUACIÓN - APURÍMAC";https://empleosperuhoy.blogspot.com/2026/10/inei-operador-de-mantenimiento-de-local_80.html;"oferta laboral individual completa"
4321345775654490144;A;CONSERVAR;CONSERVADO;0;"Practicante De Mantenimiento Preventivo En Ascensores";https://empleosperuhoy.blogspot.com/2026/10/practicante-de-mantenimiento-preventivo.html;"oferta laboral individual completa"
4321616800589196258;A;CONSERVAR;CONSERVADO;0;"SUNEDU: ESPECIALISTA EN INTEGRIDAD PÚBLICA";https://empleosperuhoy.blogspot.com/2026/10/sunedu-especialista-en-integridad_0.html;"oferta laboral individual completa"
4322249833636311261;A;CONSERVAR;CONSERVADO;0;"EJÉRCITO DEL PERÚ: ASISTENTE ADMINISTRATIVO";https://empleosperuhoy.blogspot.com/2026/10/oportunidad-laboral-asistente-administrativo-ejercito-del-peru-loreto-.html;"oferta laboral individual completa"
4325044090671275631;A;CONSERVAR;CONSERVADO;0;"INVERMET: CAJERO(A)";https://empleosperuhoy.blogspot.com/2026/10/invermet-cajeroa_3.html;"oferta laboral individual completa"
4331861314955696134;A;CONSERVAR;CONSERVADO;0;"UGEL HUÁNUCO: CAS N° 014 - CÓDIGO AIRHPS 001985: ESPECIALISTA ADMINISTRATIVO - ESTADISTICA";https://empleosperuhoy.blogspot.com/2026/10/ugel-huanuco-cas-n-014-codigo-airhps_7.html;"oferta laboral individual completa"
4336101024966806514;A;CONSERVAR;CONSERVADO;0;"PODER JUDICIAL: PODER JUDICIAL: (27) Secretarios, asistentes, especialista y otros";https://empleosperuhoy.blogspot.com/2026/10/poder-judicial-poder-judicial-27_5.html;"oferta laboral individual completa"
4336665589923863393;A;CONSERVAR;CONSERVADO;0;"PODER JUDICIAL: CAS N° 115 - CÓDIGO 03269: TECNICO EN CONTRATACIONES";https://empleosperuhoy.blogspot.com/2026/10/oportunidad-laboral-cas-115-codigo-tecnico-contrataciones-poder-judici.html;"oferta laboral individual completa"
4339470171252778232;A;CONSERVAR;CONSERVADO;0;"RED DE SALUD CHANCHAMAYO: Abogado Asistente";https://empleosperuhoy.blogspot.com/2026/10/oportunidad-laboral-cas-004-2026-abogado-asistente-red-salud-chanchama.html;"oferta laboral individual completa"
4340041156674311797;A;CONSERVAR;CONSERVADO;0;"MINISTERIO DE LA MUJER (MIMP): MINISTERIO DE LA MUJER (MIMP): (23) Abogados, Educadores, Psicólogos y otros cargos";https://empleosperuhoy.blogspot.com/2026/10/ministerio-de-la-mujer-mimp-ministerio_0.html;"oferta laboral individual completa"
4350463605680616129;A;CONSERVAR;CONSERVADO;0;"Redactor De Tesis Doctorado En Ing Industrial - Remoto";https://empleosperuhoy.blogspot.com/2026/10/redactor-de-tesis-doctorado-en-ing_01519976267.html;"oferta laboral individual completa"
4355628626692950436;A;CONSERVAR;CONSERVADO;0;"DIRESA CALLAO: Tecnólogos Médicos en Terapia Física y Rehabilitación";https://empleosperuhoy.blogspot.com/2026/10/diresa-callao-tecnologos-medicos-en_5.html;"oferta laboral individual completa"
4364624120903815674;A;CONSERVAR;CONSERVADO;0;"HOSPITAL DE HUACHO: 276 N° 001-2026: Auxiliar Administrativo";https://empleosperuhoy.blogspot.com/2026/10/oportunidad-laboral-276-001-2026-auxiliar-administrativo-hospital-huac.html;"oferta laboral individual completa"
4370838694711710188;A;CONSERVAR;CONSERVADO;0;"DIRECCIÓN DE EDUCACIÓN(DRE) APURÍMAC: DIRECCIÓN DE EDUCACIÓN(DRE) APURÍMAC: Requiere Coordinador de Recursos Humanos";https://empleosperuhoy.blogspot.com/2026/10/oferta-de-empleo-direccion-educacion-dre-apurimac-requiere-coord-5836.html;"oferta laboral individual completa"
4374008651875089861;A;CONSERVAR;CONSERVADO;0;"HOSPITAL SICUANI: CAS N° 009 - ITEM 06: TECNOLOGO MEDICO EN MEDICINA FISICA Y REHABILITACION";https://empleosperuhoy.blogspot.com/2026/10/hospital-sicuani-cas-n-009-item-06_1.html;"oferta laboral individual completa"
4374870065731420795;A;CONSERVAR;CONSERVADO;0;"UNIVERSIDAD DE HUANTA: Especialista de Escalafón";https://empleosperuhoy.blogspot.com/2026/10/universidad-de-huanta-especialista-de_6.html;"oferta laboral individual completa"
4375554292111407218;A;CONSERVAR;CONSERVADO;0;"HOSPITAL REGIONAL DE MOQUEGUA: CAS N° 003 - ITEM 13: MÉDICO AUDITOR- UNIDAD DE SEGUROS";https://empleosperuhoy.blogspot.com/2026/10/hospital-regional-de-moquegua-cas-n-003_08.html;"oferta laboral individual completa"
4376529602876699139;A;CONSERVAR;CONSERVADO;0;"MINISTERIO DE CULTURA: ESPECIALISTA EN ARQUEOLOGÍA";https://empleosperuhoy.blogspot.com/2026/10/oportunidad-laboral-cas-170-especialista-arqueologia-ministerio-cultur.html;"oferta laboral individual completa"
4381532143863131174;A;CONSERVAR;CONSERVADO;0;"RED DE SALUD CHANCHAMAYO: Vigilante";https://empleosperuhoy.blogspot.com/2026/10/oportunidad-laboral-cas-004-2026-vigilante-red-salud-chanchamayo-0b33.html;"oferta laboral individual completa"
4384096167095023333;A;CONSERVAR;CONSERVADO;0;"UNIVERSIDAD DE CAÑETE(UNDC): CAS N° 003- N° Plaza 064: ESPECIALISTA BIM";https://empleosperuhoy.blogspot.com/2026/10/universidad-de-caneteundc-cas-n-003-n_01.html;"oferta laboral individual completa"
4384781224727410056;A;CONSERVAR;CONSERVADO;0;"MINISTERIO DEL AMBIENTE (MINAM): ASESOR/A LEGAL ADMINISTRATIVO";https://empleosperuhoy.blogspot.com/2026/10/ministerio-del-ambiente-minam-asesora_7.html;"oferta laboral individual completa"
4388559700722496780;A;CONSERVAR;CONSERVADO;0;"MINISTERIO PÚBLICO - FISCALÍA: CAS N° 138 - CÓDIGO PER-01: PERITO";https://empleosperuhoy.blogspot.com/2026/10/oportunidad-laboral-cas-138-codigo-per-perito-ministerio-publico-3d69.html;"oferta laboral individual completa"
4391077783984992001;A;CONSERVAR;CONSERVADO;0;"HOSPITAL DE HUACHO: 276 N° 001-2026: Auxiliar Asistencial";https://empleosperuhoy.blogspot.com/2026/10/oportunidad-laboral-276-001-2026-auxiliar-asistencial-hospital-h-8a8c.html;"oferta laboral individual completa"
4391363548058462307;A;CONSERVAR;CONSERVADO;0;"UNIVERSIDAD DE BAGUA: CAS N° 005 - ITEM N° 09: PROFESIONAL III - UNIDAD DE SOPORTE TÉCNICO INFORMÁTICO";https://empleosperuhoy.blogspot.com/2026/10/oportunidad-laboral-cas-005-item-profesional-iii-unidad-soporte-tecnic.html;"oferta laboral individual completa"
4391695042684627530;A;CONSERVAR;CONSERVADO;0;"SIS: ANALISTAS DE SERVICIO AL ASEGURADO UDR";https://empleosperuhoy.blogspot.com/2026/10/oportunidad-laboral-cas-135-analistas-servicio-asegurado-udr-sis-arequ.html;"oferta laboral individual completa"
4393036685290546863;A;CONSERVAR;CONSERVADO;0;"RED DE SALUD CHANCHAMAYO: Asistente Administrativo";https://empleosperuhoy.blogspot.com/2026/10/oportunidad-laboral-cas-004-2026-asistente-administrativo-red-salud-ch.html;"oferta laboral individual completa"
4394315788562784259;A;CONSERVAR;CONSERVADO;0;"UGEL-3: Personal de vigilancia";https://empleosperuhoy.blogspot.com/2026/10/ugel-3-personal-de-vigilancia_0.html;"oferta laboral individual completa"
4399269111438149019;A;CONSERVAR;CONSERVADO;0;"MINISTERIO PÚBLICO - FISCALÍA: N° 044 - CÓDIGO TNEC-02: TÉCNICO NECROPSIADOR";https://empleosperuhoy.blogspot.com/2026/10/oportunidad-laboral-044-codigo-tnec-tecnico-necropsiador-ministe-793d.html;"oferta laboral individual completa"
4404550731489537971;A;CONSERVAR;CONSERVADO;0;"Ejecutivo de Cobranzas Call Center";https://empleosperuhoy.blogspot.com/2026/09/ejecutivo-de-cobranzas-call-center.html;"oferta laboral individual completa"
4405212184667027810;A;CONSERVAR;CONSERVADO;0;"PROCURADURÍA DEL ESTADO: ESPECIALISTA II DE DESARROLLO DE SISTEMAS";https://empleosperuhoy.blogspot.com/2026/10/procuraduria-del-estado-especialista-ii_8.html;"oferta laboral individual completa"
4406314278978067113;A;CONSERVAR;CONSERVADO;0;"SIS: GESTOR IPRESS";https://empleosperuhoy.blogspot.com/2026/10/sis-gestor-ipress_2.html;"oferta laboral individual completa"
4407845086146849395;A;CONSERVAR;CONSERVADO;0;"HOSPITAL GENERAL DE JAÉN: TÉCNICO EN ENFERMERÍA";https://empleosperuhoy.blogspot.com/2026/10/oportunidad-laboral-cas-002-tecnico-enfermeria-hospital-general-jaen-c.html;"oferta laboral individual completa"
4408715250450996181;A;CONSERVAR;CONSERVADO;0;"OSIPTEL: CAP N° 008: ABOGADO ESPECIALISTA EN TEMAS DE REGULATORIOS";https://empleosperuhoy.blogspot.com/2026/10/oportunidad-laboral-cap-008-abogado-especialista-temas-regulatorios-os.html;"oferta laboral individual completa"
4410304781091164417;A;CONSERVAR;CONSERVADO;0;"HOSPITAL GENERAL DE JAÉN: CAS N° 002 - Código AIRHSP 003544: MÉDICO ESPECIALISTA EN CIRUGÍA ONCOLÓGICA";https://empleosperuhoy.blogspot.com/2026/10/hospital-general-de-jaen-cas-n-002_9.html;"oferta laboral individual completa"
4412233837917422345;A;CONSERVAR;CONSERVADO;0;"HOSPITAL GENERAL DE JAÉN: CAS N° 002 - Código AIRHSP 003547: MÉDICO ESPECIALISTA EN NEFROLOGIA";https://empleosperuhoy.blogspot.com/2026/10/oportunidad-laboral-cas-002-codigo-airhsp-medico-especialista-nefrolog.html;"oferta laboral individual completa"
4413500403850420670;A;CONSERVAR;CONSERVADO;0;"MUNICIPALIDAD DE CHORRILLOS: MUNICIPALIDAD DE CHORRILLOS: Solicita Supervisor y Asistente administrativo";https://empleosperuhoy.blogspot.com/2026/10/municipalidad-de-chorrillos_3.html;"oferta laboral individual completa"
4417637270032600858;A;CONSERVAR;CONSERVADO;0;"EJÉRCITO DEL PERÚ: ASISTENTE EN SERVICIOS DE EDUCACIÓN Y CULTURA";https://empleosperuhoy.blogspot.com/2026/10/oportunidad-laboral-asistente-servicios-educacion-cultura-ejerci-73d5.html;"oferta laboral individual completa"
4417767106339637000;A;CONSERVAR;CONSERVADO;0;"HOSPITAL DE HUACHO: 276 N° 001-2026: Tecnólogo Médico en Laboratorio Clínico y Anatomía Patológica";https://empleosperuhoy.blogspot.com/2026/10/hospital-de-huacho-276-n-001-2026_14.html;"oferta laboral individual completa"
4421557881855572019;A;CONSERVAR;CONSERVADO;0;"HOSPITAL GENERAL DE JAÉN: CAS N° 002 - Código AIRHSP 003553, 003554, 003555 y 003556: MÉDICO ESPECIALISTA EN CIRUGÍA GENERAL";https://empleosperuhoy.blogspot.com/2026/10/oportunidad-laboral-cas-002-codigo-airhsp-medico-especialista-ci-a1c7.html;"oferta laboral individual completa"
4422086735763971406;A;CONSERVAR;CONSERVADO;0;"DIRECCIÓN DE AGRICULTURA HUÁNUCO: CHOFER - CODIGO AIRHSP:000656";https://empleosperuhoy.blogspot.com/2026/10/oportunidad-laboral-cas-004-2026-chofer-codigo-airhsp-direccion-agricu.html;"oferta laboral individual completa"
4425977247872223819;A;CONSERVAR;CONSERVADO;0;"Redactor De Tesis- Secretario Ejecutivo- Remoto";https://empleosperuhoy.blogspot.com/2026/10/redactor-de-tesis-secretario-ejecutivo.html;"oferta laboral individual completa"
4427663641762034967;A;CONSERVAR;CONSERVADO;0;"SUTRAN: RESOLUTOR/A";https://empleosperuhoy.blogspot.com/2026/10/oportunidad-laboral-cas-235-resolutor-sutran-lima-631666.html;"oferta laboral individual completa"
4427911091553018057;A;CONSERVAR;CONSERVADO;0;"HOSPITAL JULIO CESAR DEMARINI CARO: Médico Especialista en Nefrología (001-PCAS04/2026)";https://empleosperuhoy.blogspot.com/2026/10/oportunidad-laboral-cas-004-2026-medico-especialista-nefrologia-001-pc.html;"oferta laboral individual completa"
442848623418089713;A;CONSERVAR;CONSERVADO;0;"PROMPERÚ: ESPECIALISTA EN INVESTIGACIÓN DE MERCADOS";https://empleosperuhoy.blogspot.com/2026/10/promperu-especialista-en-investigacion_8.html;"oferta laboral individual completa"
4431018613101501527;A;CONSERVAR;CONSERVADO;0;"UNIVERSIDAD DE CAÑETE(UNDC): CAS N° 003- N° Plaza 051: ASISTENTE DE LABORATORIO DE ANALÍTICA DE DATOS E INMERSIVO DE REALIDAD";https://empleosperuhoy.blogspot.com/2026/10/universidad-de-caneteundc-cas-n-003-n_634.html;"oferta laboral individual completa"
4432266103822831710;A;CONSERVAR;CONSERVADO;0;"UNIVERSIDAD DE BAGUA: CAS N° 005 - ITEM N° 04: PROFESIONAL III - DIRECCIÓN DE INCUBADORA DE EMPRESAS";https://empleosperuhoy.blogspot.com/2026/10/oportunidad-laboral-cas-005-item-profesional-iii-direccion-incubadora-.html;"oferta laboral individual completa"
4432618786462898385;A;CONSERVAR;CONSERVADO;0;"MINISTERIO DE ENERGÍA Y MINAS (MINEM): ANALISTA III EN GESTION DE RECURSOS HUMANOS";https://empleosperuhoy.blogspot.com/2026/10/oportunidad-laboral-cas-082-analista-iii-gestion-recursos-humanos-mini.html;"oferta laboral individual completa"
4432842297244740105;A;CONSERVAR;CONSERVADO;0;"DIRESA CALLAO: Trabajador/a Social";https://empleosperuhoy.blogspot.com/2026/10/diresa-callao-trabajadora-social_5.html;"oferta laboral individual completa"
4437550051973952628;A;CONSERVAR;CONSERVADO;0;"SIS: ANALISTA DE SERVICIO AL ASEGURADO GMR";https://empleosperuhoy.blogspot.com/2026/10/oportunidad-laboral-cas-120-analista-servicio-asegurado-gmr-sis-ayacuc.html;"oferta laboral individual completa"
4438746459274053303;A;CONSERVAR;CONSERVADO;0;"ELECTROSUR: Analista contable";https://empleosperuhoy.blogspot.com/2026/10/electrosur-analista-contable_4.html;"oferta laboral individual completa"
4441931042927451580;A;CONSERVAR;CONSERVADO;0;"UNIVERSIDAD DE CAÑETE(UNDC): CAS N° 003- N° Plaza 025: PROFESIONAL II ESPECIALISTA DE ALMACÉN Y CONTROL PATRIMONIAL";https://empleosperuhoy.blogspot.com/2026/10/universidad-de-caneteundc-cas-n-003-n_731.html;"oferta laboral individual completa"
4453182514983312487;A;CONSERVAR;CONSERVADO;0;"HOSPITAL DE HUACHO: 276 N° 001-2026: Obstetra";https://empleosperuhoy.blogspot.com/2026/10/oportunidad-laboral-276-001-2026-obstetra-hospital-huacho-lima-632990.html;"oferta laboral individual completa"
4453603852220787893;A;CONSERVAR;CONSERVADO;0;"HOSPITAL DEPARTAMENTAL DE HUANCAVELICA: CAS N° 010 - ITEM 01: PROFESIONAL DE LA SALUD (ENFERMERO, OBSTETRA, CIRUJANO DENTISTA)";https://empleosperuhoy.blogspot.com/2026/10/oportunidad-laboral-cas-010-item-profesional-salud-enfermero-obstetra-.html;"oferta laboral individual completa"
4453615105872329030;A;CONSERVAR;CONSERVADO;0;"SENCICO: ESPECIALISTA EN GOBIERNO, TRANSFORMACIÓN E INNOVACIÓN DIGITAL";https://empleosperuhoy.blogspot.com/2026/10/sencico-especialista-en-gobierno_1.html;"oferta laboral individual completa"
4453845553332729840;A;CONSERVAR;CONSERVADO;0;"PODER JUDICIAL: N° 001 - CÓDIGO 00312-2: ANALISTA II";https://empleosperuhoy.blogspot.com/2026/10/poder-judicial-n-001-codigo-00312-2_4.html;"oferta laboral individual completa"
4455295806595180974;A;CONSERVAR;CONSERVADO;0;"CAS N° 007: ANALISTA EN CONTRATOS MENORES";https://empleosperuhoy.blogspot.com/2026/09/cas-n-007-analista-en-contratos-menores.html;"oferta laboral individual completa"
4456948793342083758;A;CONSERVAR;CONSERVADO;0;"UNIVERSIDAD DE FRONTERA DE SULLANA: Especialista en Medio Ambiente";https://empleosperuhoy.blogspot.com/2026/10/universidad-de-frontera-de-sullana_14.html;"oferta laboral individual completa"
4457250076272924098;A;CONSERVAR;CONSERVADO;0;"MINISTERIO PÚBLICO - FISCALÍA: CAS N° 135 - CÓDIGO AAD-01: ASISTENTE ADMINISTRATIVO";https://empleosperuhoy.blogspot.com/2026/10/ministerio-publico-fiscalia-cas-n-135_71.html;"oferta laboral individual completa"
4458695900758048840;A;CONSERVAR;CONSERVADO;0;"MINISTERIO DEL AMBIENTE (MINAM): Especialista Legal";https://empleosperuhoy.blogspot.com/2026/10/oportunidad-laboral-cas-065-especialista-legal-ministerio-del-ambiente.html;"oferta laboral individual completa"
4463702754036807018;A;CONSERVAR;CONSERVADO;0;"MUNICIPALIDAD DE HUACHÓN: OPERADOR DE SISTEMA DE AGUA POTABLE (C.P. LUCMA)";https://empleosperuhoy.blogspot.com/2026/10/municipalidad-de-huachon-operador-de_9.html;"oferta laboral individual completa"
4469641815720347412;A;CONSERVAR;CONSERVADO;0;"MINISTERIO DEL AMBIENTE (MINAM): MINISTERIO DEL AMBIENTE (MINAM): (6) Especialistas, Experto y Asesor";https://empleosperuhoy.blogspot.com/2026/10/oferta-de-empleo-ministerio-del-ambiente-minam-especialistas-exp-2465.html;"oferta laboral individual completa"
4478767479986537098;A;CONSERVAR;CONSERVADO;0;"PROMPERÚ: AUXILIAR ADMINISTRATIVO";https://empleosperuhoy.blogspot.com/2026/10/promperu-auxiliar-administrativo_6.html;"oferta laboral individual completa"
4479461087578397213;A;CONSERVAR;CONSERVADO;0;"UNIVERSIDAD DE HUANTA: Médico cirujano";https://empleosperuhoy.blogspot.com/2026/10/oportunidad-laboral-cas-007-2026-medico-cirujano-universidad-huanta-ay.html;"oferta laboral individual completa"
4481655135010125855;A;CONSERVAR;CONSERVADO;0;"RED DE SALUD CAJABAMBA: 276 N° 003: ENFERMERA/O";https://empleosperuhoy.blogspot.com/2026/10/oportunidad-laboral-276-003-enfermera-red-salud-cajabamba-cajama-f50b.html;"oferta laboral individual completa"
4487423269578903386;A;CONSERVAR;CONSERVADO;0;"SIS: ANALISTA DE SERVICIO AL ASEGURADO UDR";https://empleosperuhoy.blogspot.com/2026/10/sis-analista-de-servicio-al-asegurado_5.html;"oferta laboral individual completa"
4488274659136380303;A;CONSERVAR;CONSERVADO;0;"RED DE SALUD CHANCHAMAYO: Técnico/a en Laboratorio";https://empleosperuhoy.blogspot.com/2026/10/red-de-salud-chanchamayo-tecnicoa-en_1.html;"oferta laboral individual completa"
4490708123792479730;A;CONSERVAR;CONSERVADO;0;"Anfitriona Part Time O Full Tme";https://empleosperuhoy.blogspot.com/2026/10/anfitriona-part-time-o-full-tme.html;"oferta laboral individual completa"
4495017482732109916;A;CONSERVAR;CONSERVADO;0;"HOSPITAL JULIO CESAR DEMARINI CARO: Analista de Compensaciones (027-PCAS04/2026)";https://empleosperuhoy.blogspot.com/2026/10/oportunidad-laboral-cas-004-2026-analista-compensaciones-027-pcas04-ho.html;"oferta laboral individual completa"
4495078337501719547;A;CONSERVAR;CONSERVADO;0;"UGEL-3: Personal de mantenimiento";https://empleosperuhoy.blogspot.com/2026/10/oportunidad-laboral-cas-103-personal-mantenimiento-ugel-lima-632402.html;"oferta laboral individual completa"
4506352150910815277;A;CONSERVAR;CONSERVADO;0;"PODER JUDICIAL: N° 02 - CÓDIGO 00306: ESPECIALISTA JUDICIAL DE JUZGADO";https://empleosperuhoy.blogspot.com/2026/10/poder-judicial-n-02-codigo-00306_7.html;"oferta laboral individual completa"
4509878022648417386;A;CONSERVAR;CONSERVADO;0;"UNIVERSIDAD DE HUANTA: Asistente Administrativo";https://empleosperuhoy.blogspot.com/2026/10/oportunidad-laboral-cas-007-2026-asistente-administrativo-univer-1924.html;"oferta laboral individual completa"
4509897926881756857;A;CONSERVAR;CONSERVADO;0;"DIRESA CAJAMARCA: ESPECIALISTA EN RECURSOS HUMANOS";https://empleosperuhoy.blogspot.com/2026/10/diresa-cajamarca-especialista-en_4.html;"oferta laboral individual completa"
4511391878519730111;A;CONSERVAR;CONSERVADO;0;"UNIVERSIDAD DE CAÑETE(UNDC): CAS N° 003- N° Plaza 092: ASISTENTE DE PROCESOS Y MONITOREO";https://empleosperuhoy.blogspot.com/2026/10/oportunidad-laboral-cas-003-plaza-092-asistente-procesos-monitoreo-uni.html;"oferta laboral individual completa"
4514688758931208805;A;CONSERVAR;CONSERVADO;0;"HOSPITAL GENERAL DE JAÉN: ENFERMERA/O GENERAL";https://empleosperuhoy.blogspot.com/2026/10/hospital-general-de-jaen-enfermerao_8.html;"oferta laboral individual completa"
4514713402336657267;A;CONSERVAR;CONSERVADO;0;"EJÉRCITO DEL PERÚ: AUXILIAR DE NUTRICIÓN";https://empleosperuhoy.blogspot.com/2026/10/oportunidad-laboral-auxiliar-nutricion-ejercito-del-peru-piura-627346.html;"oferta laboral individual completa"
4516413326756069542;A;CONSERVAR;CONSERVADO;0;"OSITRAN: 4 practicantes";https://empleosperuhoy.blogspot.com/2026/10/ositran-4-practicantes_1.html;"oferta laboral individual completa"
4521715290559399113;A;CONSERVAR;CONSERVADO;0;"PODER JUDICIAL: CAS N° 095 - CÓDIGO 01130: ASISTENTE JURISDICCIONAL DE JUZGADO";https://empleosperuhoy.blogspot.com/2026/10/poder-judicial-cas-n-095-codigo-01130_6.html;"oferta laboral individual completa"
4522769619098253878;A;CONSERVAR;CONSERVADO;0;"MUNICIPALIDAD DE MAZAMARI: CAS N° 004 - ITEM N° 08: ESPECIALISTA EN LIQUIDACION TÉCNICA";https://empleosperuhoy.blogspot.com/2026/10/municipalidad-de-mazamari-cas-n-004_55.html;"oferta laboral individual completa"
4524870876196395207;A;CONSERVAR;CONSERVADO;0;"PODER JUDICIAL: CAS N° 113 - CÓDIGO 02433: COORDINADOR DE PROYECTOS";https://empleosperuhoy.blogspot.com/2026/10/poder-judicial-cas-n-113-codigo-02433_3.html;"oferta laboral individual completa"
4524891744013527664;A;CONSERVAR;CONSERVADO;0;"SUNAFIL: EJECUTORES COACTIVOS";https://empleosperuhoy.blogspot.com/2026/10/sunafil-ejecutores-coactivos_8.html;"oferta laboral individual completa"
4525127612365028203;A;CONSERVAR;CONSERVADO;0;"RED DE SALUD CHANCHAMAYO: Especialista Administrativo - Unidad de Abastecimiento";https://empleosperuhoy.blogspot.com/2026/10/red-de-salud-chanchamayo-especialista_63.html;"oferta laboral individual completa"
4526325013664832409;A;CONSERVAR;CONSERVADO;0;"PODER JUDICIAL: N° 037 - CÓDIGO 00340-2: Asistente Judicial - Juzgado de Paz Letrado de La Coipa";https://empleosperuhoy.blogspot.com/2026/10/poder-judicial-n-037-codigo-00340-2_8.html;"oferta laboral individual completa"
4526372374667277333;A;CONSERVAR;CONSERVADO;0;"INEI: AUXILIAR DE SALUD DE LOCAL DE EVALUACIÓN - PUNO";https://empleosperuhoy.blogspot.com/2026/10/oportunidad-laboral-auxiliar-salud-local-evaluacion-puno-inei-627796.html;"oferta laboral individual completa"
4526766510894081595;A;CONSERVAR;CONSERVADO;0;"INEI: AUXILIAR DE SALUD DE LOCAL DE EVALUACIÓN - MADRE DE DIOS";https://empleosperuhoy.blogspot.com/2026/10/oportunidad-laboral-auxiliar-salud-local-evaluacion-madre-dios-inei-62.html;"oferta laboral individual completa"
4527353302358788111;A;CONSERVAR;CONSERVADO;0;"UNIVERSIDAD TECNOLOGICA LIMA SUR(UNTELS): ESPECIALISTA EN LA GESTIÓN DE LA INVESTIGACIÓN";https://empleosperuhoy.blogspot.com/2026/10/universidad-tecnologica-lima-suruntels_0264300674.html;"oferta laboral individual completa"
4529090695720767623;A;CONSERVAR;CONSERVADO;0;"SUNAFIL: ESPECIALISTA EN PREVENCIÓN Y PROMOCIÓN II";https://empleosperuhoy.blogspot.com/2026/10/sunafil-especialista-en-prevencion-y_4.html;"oferta laboral individual completa"
4530157465077729107;A;CONSERVAR;CONSERVADO;0;"HOSPITAL REGIONAL DE MOQUEGUA: CAS N° 003 - ITEM 07: MÉDICO INTENSIVISTA - SERVICIO DE CUIDADOS CRITICOS";https://empleosperuhoy.blogspot.com/2026/10/hospital-regional-de-moquegua-cas-n-003_200.html;"oferta laboral individual completa"
4537267827521354811;A;CONSERVAR;CONSERVADO;0;"SUNEDU: ESPECIALISTA LEGAL EN DENUNCIAS";https://empleosperuhoy.blogspot.com/2026/10/oportunidad-laboral-cas-064-especialista-legal-denuncias-sunedu-lima-6.html;"oferta laboral individual completa"
4537761805319729425;A;CONSERVAR;CONSERVADO;0;"SIS: Asistente en Gestión Documental";https://empleosperuhoy.blogspot.com/2026/10/sis-asistente-en-gestion-documental_6.html;"oferta laboral individual completa"
4537957156283857375;A;CONSERVAR;CONSERVADO;0;"MINISTERIO PÚBLICO - FISCALÍA: N° 044 - CÓDIGO TNEC-03: TÉCNICO NECROPSIADOR";https://empleosperuhoy.blogspot.com/2026/10/oportunidad-laboral-044-codigo-tnec-tecnico-necropsiador-ministe-e42c.html;"oferta laboral individual completa"
4539966027135437067;A;CONSERVAR;CONSERVADO;0;"RED DE SALUD JAUJA: RED DE SALUD JAUJA: (8) Técnico Biomédico, Medico cirujano, Asistente y otros cargo";https://empleosperuhoy.blogspot.com/2026/10/oferta-de-empleo-red-salud-jauja-tecnico-biomedico-medico-ciruja-3380.html;"oferta laboral individual completa"
4541379067988762975;A;CONSERVAR;CONSERVADO;0;"INEI: AUXILIAR DE SALUD DE LOCAL DE EVALUACIÓN - PASCO";https://empleosperuhoy.blogspot.com/2026/10/oportunidad-laboral-auxiliar-salud-local-evaluacion-pasco-inei-627794.html;"oferta laboral individual completa"
4547056236399407009;A;CONSERVAR;CONSERVADO;0;"RED DE SALUD JAUJA: 276 N° 002: TRABAJADOR / A SOCIAL";https://empleosperuhoy.blogspot.com/2026/10/oportunidad-laboral-276-002-trabajador-social-red-salud-jauja-ju-df4a.html;"oferta laboral individual completa"
4552053723243620802;A;CONSERVAR;CONSERVADO;0;"HOSPITAL DE HUARAZ: Químico Farmacéutico";https://empleosperuhoy.blogspot.com/2026/10/hospital-de-huaraz-quimico-farmaceutico_0.html;"oferta laboral individual completa"
4554620077636261205;A;CONSERVAR;CONSERVADO;0;"PROGRAMA SANEAMIENTO URBANO: ESPECIALISTA SENIOR EN INGENIERIA";https://empleosperuhoy.blogspot.com/2026/10/programa-saneamiento-urbano_13.html;"oferta laboral individual completa"
4555477279971813037;A;CONSERVAR;CONSERVADO;0;"INVERMET: ASISTENTE LOGÍSTICO";https://empleosperuhoy.blogspot.com/2026/10/invermet-asistente-logistico_3.html;"oferta laboral individual completa"
4557165805849486458;A;CONSERVAR;CONSERVADO;0;"PROCURADURÍA DEL ESTADO: ASISTENTE/A LEGAL";https://empleosperuhoy.blogspot.com/2026/10/procuraduria-del-estado-asistentea-legal_7.html;"oferta laboral individual completa"
4561753063972450922;A;CONSERVAR;CONSERVADO;0;"AUTORIDAD NACIONAL DE INFRAESTRUCTURA: 11 practicantes";https://empleosperuhoy.blogspot.com/2026/10/oferta-de-empleo-octubre-2026-89556.html;"oferta laboral individual completa"
4563794223046968020;A;CONSERVAR;CONSERVADO;0;"MINISTERIO DE CULTURA: 6 practicantes";https://empleosperuhoy.blogspot.com/2026/10/oferta-de-empleo-ministerio-cultura-requiere-practicantes-convoc-b63f.html;"oferta laboral individual completa"
4570322344538636902;A;CONSERVAR;CONSERVADO;0;"SERNANP: ANALISTA";https://empleosperuhoy.blogspot.com/2026/10/oportunidad-laboral-cas-006-analista-sernanp-piura-632843.html;"oferta laboral individual completa"
4570967479498611421;A;CONSERVAR;CONSERVADO;0;"RED DE SALUD CAÑETE YAUYOS: RED DE SALUD CAÑETE YAUYOS: (5) Técnicos, Médico, Enfermera y otros cargos";https://empleosperuhoy.blogspot.com/2026/10/oferta-de-empleo-red-salud-canete-yauyos-tecnicos-medico-enferme-7ce7.html;"oferta laboral individual completa"
4574653252640013456;A;CONSERVAR;CONSERVADO;0;"UGEL HUANTA: UGEL HUANTA: (4) Coordinadores, Personal de Vigilancia";https://empleosperuhoy.blogspot.com/2026/10/ugel-huanta-ugel-huanta-4-coordinadores_3.html;"oferta laboral individual completa"
4575005292514533703;A;CONSERVAR;CONSERVADO;0;"MINISTERIO DE TRANSPORTES (MTC): ANALISTA DE PRESUPUESTO";https://empleosperuhoy.blogspot.com/2026/10/oportunidad-laboral-cas-010-analista-presupuesto-ministerio-transporte.html;"oferta laboral individual completa"
4575394370469070966;A;CONSERVAR;CONSERVADO;0;"RED DE SALUD JAUJA: 276 N° 002: TÉCNICO/A EN LABORATORIO II";https://empleosperuhoy.blogspot.com/2026/10/red-de-salud-jauja-276-n-002-tecnicoa_02.html;"oferta laboral individual completa"
4576567418882033513;A;CONSERVAR;CONSERVADO;0;"UGEL ILO: Trabajador de servicios";https://empleosperuhoy.blogspot.com/2026/10/ugel-ilo-trabajador-de-servicios_4.html;"oferta laboral individual completa"
4581302539808683325;A;CONSERVAR;CONSERVADO;0;"RED DE SALUD CHANCHAMAYO: Técnico/a en Enfermería";https://empleosperuhoy.blogspot.com/2026/10/red-de-salud-chanchamayo-tecnicoa-en_5.html;"oferta laboral individual completa"
4582009055701865313;A;CONSERVAR;CONSERVADO;0;"RED DE SALUD VIRÚ: MÉDICO ANESTESIÓLOGO";https://empleosperuhoy.blogspot.com/2026/10/oportunidad-laboral-cas-004-2026-medico-anestesiologo-red-salud-viru-l.html;"oferta laboral individual completa"
4582839344560561960;A;CONSERVAR;CONSERVADO;0;"INEI: AUXILIAR DE SALUD DE LOCAL DE EVALUACIÓN - SAN MARTÍN";https://empleosperuhoy.blogspot.com/2026/10/inei-auxiliar-de-salud-de-local-de_618.html;"oferta laboral individual completa"
458364807156861775;A;CONSERVAR;CONSERVADO;0;"HOSPITAL VILLA EL SALVADOR: Médico Especialista en Nefrología";https://empleosperuhoy.blogspot.com/2026/10/hospital-villa-el-salvador-medico_099.html;"oferta laboral individual completa"
4586082816447318901;A;CONSERVAR;CONSERVADO;0;"HOSPITAL SICUANI: CAS N° 003 - ITEM 02: TÉCNICO ADMINISTRATIVO I";https://empleosperuhoy.blogspot.com/2026/10/oportunidad-laboral-cas-003-item-tecnico-administrativo-hospital-3ef8.html;"oferta laboral individual completa"
4598936793269287182;A;CONSERVAR;CONSERVADO;0;"MUNICIPALIDAD DE MARAS: MUNICIPALIDAD DE MARAS: (3) Gerentes";https://empleosperuhoy.blogspot.com/2026/10/municipalidad-de-maras-municipalidad-de_0.html;"oferta laboral individual completa"
4598990890775549737;A;CONSERVAR;CONSERVADO;0;"SENASA: Analista en Sanidad Vegetal";https://empleosperuhoy.blogspot.com/2026/10/senasa-analista-en-sanidad-vegetal_4.html;"oferta laboral individual completa"
4599323173964359058;A;CONSERVAR;CONSERVADO;0;"HOSPITAL JULIO CESAR DEMARINI CARO: Médico Especialista Neurocirujano (012-PCAS04/2026)";https://empleosperuhoy.blogspot.com/2026/10/oportunidad-laboral-cas-004-2026-medico-especialista-neurocirujano-012.html;"oferta laboral individual completa"
4601280029507918044;A;CONSERVAR;CONSERVADO;0;"HOSPITAL DE HUARAZ: Trabajadora Social y/o Asistenta Social";https://empleosperuhoy.blogspot.com/2026/10/hospital-de-huaraz-trabajadora-social_8.html;"oferta laboral individual completa"
4601803766431286723;A;CONSERVAR;CONSERVADO;0;"UNIVERSIDAD DE HUANTA: Analista en Gestión por procesos";https://empleosperuhoy.blogspot.com/2026/10/universidad-de-huanta-analista-en_6.html;"oferta laboral individual completa"
4604148480511576326;A;CONSERVAR;CONSERVADO;0;"MUNICIPALIDAD DE MAZAMARI: CAS N° 004 - ITEM N° 06: ESPECIALISTA TECNICO DE OBRAS";https://empleosperuhoy.blogspot.com/2026/10/municipalidad-de-mazamari-cas-n-004_97.html;"oferta laboral individual completa"
4604506129473948682;A;CONSERVAR;CONSERVADO;0;"DEFENSORÍA DEL PUEBLO: Analista Legal";https://empleosperuhoy.blogspot.com/2026/10/defensoria-del-pueblo-analista-legal_1.html;"oferta laboral individual completa"
4609017555206101772;A;CONSERVAR;CONSERVADO;0;"HOSPITAL REGIONAL DE MOQUEGUA: HOSPITAL REGIONAL DE MOQUEGUA: (20) Médicos, Enfermeras, Asistentes y otros cargos";https://empleosperuhoy.blogspot.com/2026/10/oferta-de-empleo-hospital-regional-moquegua-medicos-enfermeras-a-4e45.html;"oferta laboral individual completa"
4612153278099451308;A;CONSERVAR;CONSERVADO;0;"HOSPITAL SICUANI: CAS N° 009 - ITEM 07: PILOTO DE AMBULANCIA";https://empleosperuhoy.blogspot.com/2026/10/hospital-sicuani-cas-n-009-item-07_7.html;"oferta laboral individual completa"
4621013426142147205;A;CONSERVAR;CONSERVADO;0;"CORPAC: CAP N° 062: OPERADOR DE EQUIPO DE ESTACION - PTO. MALDONADO";https://empleosperuhoy.blogspot.com/2026/10/oportunidad-laboral-cap-062-operador-equipo-estacion-pto-maldonado-cor.html;"oferta laboral individual completa"
4621923441338114660;A;CONSERVAR;CONSERVADO;0;"RED DE SALUD JAUJA: 276 N° 002: TECNICO/A EN NUTRICIÓN II";https://empleosperuhoy.blogspot.com/2026/10/red-de-salud-jauja-276-n-002-tecnicoa_1.html;"oferta laboral individual completa"
4626449726402781724;A;CONSERVAR;CONSERVADO;0;"UNIVERSIDAD DE BAGUA: CAS N° 005 - ITEM N° 34: PROFESIONAL III - DIRECCIÓN DE PROYECCION SOCIAL Y EXTENSION CULTURAL";https://empleosperuhoy.blogspot.com/2026/10/oportunidad-laboral-cas-005-item-profesional-iii-direccion-proyeccion-.html;"oferta laboral individual completa"
4629848504681666745;A;CONSERVAR;CONSERVADO;0;"Redactor De Tesis- Veterinaria";https://empleosperuhoy.blogspot.com/2026/10/redactor-de-tesis-veterinaria.html;"oferta laboral individual completa"
4630450402343295760;A;CONSERVAR;CONSERVADO;0;"UNIVERSIDAD TECNOLOGICA LIMA SUR(UNTELS): Especialista Administrativo";https://empleosperuhoy.blogspot.com/2026/10/universidad-tecnologica-lima-suruntels_0951327058.html;"oferta laboral individual completa"
4632009749115736537;A;CONSERVAR;CONSERVADO;0;"RED DE SALUD CHANCHAMAYO: Enfermero/a";https://empleosperuhoy.blogspot.com/2026/10/oportunidad-laboral-cas-004-2026-enfermero-red-salud-chanchamayo-a71e.html;"oferta laboral individual completa"
4633230936348304641;A;CONSERVAR;CONSERVADO;0;"EJÉRCITO DEL PERÚ: TRABAJADOR DE SERVICIOS (LIMPIEZA)";https://empleosperuhoy.blogspot.com/2026/10/oportunidad-laboral-trabajador-servicios-limpieza-ejercito-del-peru-pi.html;"oferta laboral individual completa"
4640603982913201899;A;CONSERVAR;CONSERVADO;0;"RED DE SALUD VIRÚ: Médico Pediatra";https://empleosperuhoy.blogspot.com/2026/10/oportunidad-laboral-cas-003-2026-medico-pediatra-red-salud-viru-libert.html;"oferta laboral individual completa"
4643956141745986830;A;CONSERVAR;CONSERVADO;0;"DEFENSORIA DEL PUEBLO: Especialista Legal";https://empleosperuhoy.blogspot.com/2026/10/oferta-de-empleo-defensoria-del-pueblo-busca-especialista-legal-60f2.html;"oferta laboral individual completa"
4646090358169847645;A;CONSERVAR;CONSERVADO;0;"UGEL HUÁNUCO: CAS N° 015 - CÓDIGO AIRHPS 001981: ASISTENTE ADMINISTRATIVO - PATRIMONIO";https://empleosperuhoy.blogspot.com/2026/10/oportunidad-laboral-cas-015-codigo-airhps-asistente-administrati-0352.html;"oferta laboral individual completa"
4649362631125616528;A;CONSERVAR;CONSERVADO;0;"DIRESA CAJAMARCA: ANALISTA EN CONTRATACIONES";https://empleosperuhoy.blogspot.com/2026/10/oportunidad-laboral-cas-002-2026-analista-contrataciones-diresa-cajama.html;"oferta laboral individual completa"
4650650094306639375;A;CONSERVAR;CONSERVADO;0;"UNIVERSIDAD DE BAGUA: CAS N° 005 - ITEM N° 11: PROFESIONAL III - OFICINA DE PLANEAMIENTO Y PRESUPUESTO";https://empleosperuhoy.blogspot.com/2026/10/universidad-de-bagua-cas-n-005-item-n_51.html;"oferta laboral individual completa"
4651952630516102278;A;CONSERVAR;CONSERVADO;0;"MINISTERIO PÚBLICO - FISCALÍA: CAS N° 134 - CÓDIGO AFF-03: ASISTENTE EN FUNCIÓN FISCAL";https://empleosperuhoy.blogspot.com/2026/10/oportunidad-laboral-cas-134-codigo-aff-asistente-funcion-fiscal-0d5b.html;"oferta laboral individual completa"
4662565756621846723;A;CONSERVAR;CONSERVADO;0;"SUTRAN: SUPERVISORES/AS LEGALES I";https://empleosperuhoy.blogspot.com/2026/10/oportunidad-laboral-cas-236-supervisores-legales-sutran-lima-631667.html;"oferta laboral individual completa"
4663521412332256971;A;CONSERVAR;CONSERVADO;0;"HOSPITAL VILLA EL SALVADOR: Médico Especialista en Anestesiología";https://empleosperuhoy.blogspot.com/2026/10/oportunidad-laboral-cas-006-2026-medico-especialista-anestesiologia-ho.html;"oferta laboral individual completa"
4664950155293726711;A;CONSERVAR;CONSERVADO;0;"DIRESA CALLAO: Chofer";https://empleosperuhoy.blogspot.com/2026/10/oportunidad-laboral-cas-059-2026-chofer-diresa-callao-633692.html;"oferta laboral individual completa"
4669134903302943238;A;CONSERVAR;CONSERVADO;0;"HOSPITAL REGIONAL DE MOQUEGUA: CAS N° 003 - ITEM 19: TÉCNICO EN LABORATORIO - SERVICIO DE LABORATORIO";https://empleosperuhoy.blogspot.com/2026/10/oportunidad-laboral-cas-003-item-tecnico-laboratorio-servicio-hospital.html;"oferta laboral individual completa"
4672048545187317137;A;CONSERVAR;CONSERVADO;0;"MINISTERIO PÚBLICO - FISCALÍA: N° 044 - CÓDIGO MED-01: MÉDICO";https://empleosperuhoy.blogspot.com/2026/10/ministerio-publico-fiscalia-n-044_35.html;"oferta laboral individual completa"
4672335395719645297;A;CONSERVAR;CONSERVADO;0;"HOSPITAL JULIO CESAR DEMARINI CARO: Médico Especialista en Neonatología (009-PCAS04/2026)";https://empleosperuhoy.blogspot.com/2026/10/hospital-julio-cesar-demarini-caro_83.html;"oferta laboral individual completa"
4674255357136937633;A;CONSERVAR;CONSERVADO;0;"SUNAFIL: SUNAFIL: (25) Especialistas, Auxiliares, Analistas, Asistentes y otros cargos";https://empleosperuhoy.blogspot.com/2026/10/oferta-de-empleo-sunafil-especialistas-auxiliares-analistas-asis-d763.html;"oferta laboral individual completa"
4675251999119251591;A;CONSERVAR;CONSERVADO;0;"Analistas de crédito Mype Oficina Viru";https://empleosperuhoy.blogspot.com/2026/09/analistas-de-credito-mype-oficina-viru.html;"oferta laboral individual completa"
4676174981480110874;A;CONSERVAR;CONSERVADO;0;"UNIVERSIDAD DE CAÑETE(UNDC): CAS N° 003- N° Plaza 082: ASISTENTE DE PROGRAMACIÓN Y DESARROLLO WEB";https://empleosperuhoy.blogspot.com/2026/10/oportunidad-laboral-cas-003-plaza-082-asistente-programacion-desarroll.html;"oferta laboral individual completa"
4677013091164433552;A;CONSERVAR;CONSERVADO;0;"UNIVERSIDAD DE CAÑETE(UNDC): CAS N° 003- N° Plaza 058: ANALISTA DE LABORATORIO";https://empleosperuhoy.blogspot.com/2026/10/oportunidad-laboral-cas-003-plaza-058-analista-laboratorio-universidad.html;"oferta laboral individual completa"
4679060234147654873;A;CONSERVAR;CONSERVADO;0;"FONCODES: SUPERVISOR SOCIAL";https://empleosperuhoy.blogspot.com/2026/10/oportunidad-laboral-cas-028-supervisor-social-foncodes-lima-632876.html;"oferta laboral individual completa"
4682549017430724594;A;CONSERVAR;CONSERVADO;0;"CORPAC: CORPAC: (21) Oficiales de seguridad y operador de equipo";https://empleosperuhoy.blogspot.com/2026/10/oferta-de-empleo-corpac-oficiales-seguridad-operador-equipo-conv-1a35.html;"oferta laboral individual completa"
4684290703322047250;A;CONSERVAR;CONSERVADO;0;"MINISTERIO PÚBLICO - FISCALÍA: N° 044 - CÓDIGO AUXA-03: AUXILIAR ADMINISTRATIVO";https://empleosperuhoy.blogspot.com/2026/10/ministerio-publico-fiscalia-n-044_43.html;"oferta laboral individual completa"
4686346876286401105;A;CONSERVAR;CONSERVADO;0;"INVERMET: ESPECIALISTA EN SERVICIOS GENERALES E INFRAESTRUCTURA";https://empleosperuhoy.blogspot.com/2026/10/oportunidad-laboral-cas-056-especialista-servicios-generales-infraestr.html;"oferta laboral individual completa"
4687202685327978659;A;CONSERVAR;CONSERVADO;0;"PROMPERÚ: JEFE DE LA UNIDAD DE PLANEAMIENTO Y PRESUPUESTO";https://empleosperuhoy.blogspot.com/2026/10/oportunidad-laboral-cas-069-jefe-unidad-planeamiento-presupuesto-promp.html;"oferta laboral individual completa"
4690262523728694247;A;CONSERVAR;CONSERVADO;0;"HOSPITAL DE HUACHO: 276 N° 001-2026: Enfermera/o";https://empleosperuhoy.blogspot.com/2026/10/oportunidad-laboral-276-001-2026-enfermera-hospital-huacho-lima-632994.html;"oferta laboral individual completa"
4692136380352195668;A;CONSERVAR;CONSERVADO;0;"RED DE SALUD JAUJA: 276 N° 002: OBSTETRA";https://empleosperuhoy.blogspot.com/2026/10/red-de-salud-jauja-276-n-002-obstetra_1.html;"oferta laboral individual completa"
4692628327662199146;A;CONSERVAR;CONSERVADO;0;"UNIVERSIDAD DE CAÑETE(UNDC): CAS N° 003- N° Plaza 008: JEFE (A) DE LA UNIDAD DE TESORERÍA";https://empleosperuhoy.blogspot.com/2026/10/oportunidad-laboral-cas-003-plaza-008-jefe-unidad-tesoreria-universida.html;"oferta laboral individual completa"
4694508504400884468;A;CONSERVAR;CONSERVADO;0;"PODER JUDICIAL: N° 001 - CÓDIGO 00312-3: ANALISTA II";https://empleosperuhoy.blogspot.com/2026/10/poder-judicial-n-001-codigo-00312-3_3.html;"oferta laboral individual completa"
4702108353530967754;A;CONSERVAR;CONSERVADO;0;"RED DE SALUD CHANCHAMAYO: Médico Cirujano";https://empleosperuhoy.blogspot.com/2026/10/red-de-salud-chanchamayo-medico-cirujano_76.html;"oferta laboral individual completa"
4703310266240996451;A;CONSERVAR;CONSERVADO;0;"PODER JUDICIAL: CAS N° 017 - CÓDIGO 01129: ESPECIALISTA JUDICIAL DE AUDIENCIA";https://empleosperuhoy.blogspot.com/2026/10/poder-judicial-cas-n-017-codigo-01129_2.html;"oferta laboral individual completa"
4705290606447395714;A;CONSERVAR;CONSERVADO;0;"UGEL HUÁNUCO: CAS N° 014 - CÓDIGO AIRHPS 001984: ESPECIALISTA ADMINISTRATIVO - SIAGIE";https://empleosperuhoy.blogspot.com/2026/10/oportunidad-laboral-cas-014-codigo-airhps-especialista-administr-5217.html;"oferta laboral individual completa"
4714472350227023229;A;CONSERVAR;CONSERVADO;0;"MINISTERIO PÚBLICO - FISCALÍA: CAS N° 135 - CÓDIGO AFF-13: ASISTENTE EN FUNCIÓN FISCAL";https://empleosperuhoy.blogspot.com/2026/10/ministerio-publico-fiscalia-cas-n-135_56.html;"oferta laboral individual completa"
471532074609474742;A;CONSERVAR;CONSERVADO;0;"ELECTROPERU: para Practicante de Compensaciones";https://empleosperuhoy.blogspot.com/2026/10/oportunidad-laboral-practicas-electroperu-administracion-ingenieria-in.html;"oferta laboral individual completa"
4719401535115735648;A;CONSERVAR;CONSERVADO;0;"GOBIERNO REGIONAL APURIMAC: Gerencia de Cotabamas solicita Especialista en Comunicaciones e instalaciones";https://empleosperuhoy.blogspot.com/2026/10/oferta-de-empleo-gerencia-cotabamas-solicita-especialista-comuni-d86c.html;"oferta laboral individual completa"
4723051084551632054;A;CONSERVAR;CONSERVADO;0;"SIS: SIS: (8) Asistentes, Administrador, Gestor, Médico y Director";https://empleosperuhoy.blogspot.com/2026/10/sis-sis-8-asistentes-administrador_8.html;"oferta laboral individual completa"
4725070067332297939;A;CONSERVAR;CONSERVADO;0;"HOSPITAL SAN JUAN BAUTISTA HUARAL: N° 002: AUXILIAR ASISTENCIAL";https://empleosperuhoy.blogspot.com/2026/10/hospital-san-juan-bautista-huaral-n-002_1.html;"oferta laboral individual completa"
4729938181015569635;A;CONSERVAR;CONSERVADO;0;"MINISTERIO PÚBLICO - FISCALÍA: CAS N° 135 - CÓDIGO AFF-05: ASISTENTE EN FUNCIÓN FISCAL";https://empleosperuhoy.blogspot.com/2026/10/oportunidad-laboral-cas-135-codigo-aff-asistente-funcion-fiscal-1ec3.html;"oferta laboral individual completa"
4734997861863387402;A;CONSERVAR;CONSERVADO;0;"RED DE SALUD CHANCHAMAYO: Nutricionista";https://empleosperuhoy.blogspot.com/2026/10/oportunidad-laboral-cas-004-2026-nutricionista-red-salud-chanchamayo-j.html;"oferta laboral individual completa"
4738864728289326174;A;CONSERVAR;CONSERVADO;0;"MINISTERIO DE CULTURA: APOYO ADMINISTRATIVO";https://empleosperuhoy.blogspot.com/2026/10/oportunidad-laboral-cas-174-apoyo-administrativo-ministerio-cultura-li.html;"oferta laboral individual completa"
4739847232282731853;A;CONSERVAR;CONSERVADO;0;"HOSPITAL GENERAL DE JAÉN: CAS N° 002 - Código AIRHSP 003537: MÉDICO CIRUJANO";https://empleosperuhoy.blogspot.com/2026/10/hospital-general-de-jaen-cas-n-002_96.html;"oferta laboral individual completa"
4750518213298912779;A;CONSERVAR;CONSERVADO;0;"MINISTERIO DE COMERCIO(MINCETUR): Integrador contable";https://empleosperuhoy.blogspot.com/2026/10/ministerio-de-comerciomincetur_51.html;"oferta laboral individual completa"
4751464295472509822;A;CONSERVAR;CONSERVADO;0;"PROCURADURÍA DEL ESTADO: ANALISTA EN GESTIÓN DEL EMPLEO";https://empleosperuhoy.blogspot.com/2026/10/oportunidad-laboral-cas-115-analista-gestion-del-empleo-procuraduria-e.html;"oferta laboral individual completa"
4753477703143917013;A;CONSERVAR;CONSERVADO;0;"UNIVERSIDAD DE CAÑETE(UNDC): CAS N° 003- N° Plaza 060: ANALISTA";https://empleosperuhoy.blogspot.com/2026/10/universidad-de-caneteundc-cas-n-003-n_832.html;"oferta laboral individual completa"
4754689727754036996;A;CONSERVAR;CONSERVADO;0;"UNIVERSIDAD DE BAGUA: CAS N° 005 - ITEM N° 12: PROFESIONAL III - OFICINA DE COOPERACIÓN Y RELACIONES INTERNACIONALES";https://empleosperuhoy.blogspot.com/2026/10/universidad-de-bagua-cas-n-005-item-n_50.html;"oferta laboral individual completa"
4756576696876597544;A;CONSERVAR;CONSERVADO;0;"GERENCIA TERRITORIAL BAJO MAYO: 276 N° 011: ESPECIALISTA DE AREA FUNCIONAL";https://empleosperuhoy.blogspot.com/2026/10/gerencia-territorial-bajo-mayo-276-n.html;"oferta laboral individual completa"
4758718964802689462;A;CONSERVAR;CONSERVADO;0;"AUTORIDAD NACIONAL DE INFRAESTRUCTURA: ESPECIALISTA LEGAL";https://empleosperuhoy.blogspot.com/2026/10/oportunidad-laboral-cas-134-especialista-legal-autoridad-naciona-c5eb.html;"oferta laboral individual completa"
4760555492533634230;A;CONSERVAR;CONSERVADO;0;"MINISTERIO PÚBLICO - FISCALÍA: CAS N° 135 - CÓDIGO AFF-12: ASISTENTE EN FUNCIÓN FISCAL";https://empleosperuhoy.blogspot.com/2026/10/ministerio-publico-fiscalia-cas-n-135_20.html;"oferta laboral individual completa"
4764014373072799154;A;CONSERVAR;CONSERVADO;0;"SUNAFIL: ANALISTA LEGAL";https://empleosperuhoy.blogspot.com/2026/10/sunafil-analista-legal_0.html;"oferta laboral individual completa"
4765571102018637777;A;CONSERVAR;CONSERVADO;0;"SIS: Analista en Comunicación y Protocolo";https://empleosperuhoy.blogspot.com/2026/10/oportunidad-laboral-cas-149-analista-comunicacion-protocolo-sis-lima-6.html;"oferta laboral individual completa"
4771584610651879880;A;CONSERVAR;CONSERVADO;0;"SUNAFIL: ESPECIALISTA LEGAL EN INSTRUCCIÓN Y ORIENTACIÓN";https://empleosperuhoy.blogspot.com/2026/10/oportunidad-laboral-cas-217-especialista-legal-instruccion-orientacion.html;"oferta laboral individual completa"
4775293020874131630;A;CONSERVAR;CONSERVADO;0;"DIRESA CALLAO: Médico Especialista en Ginecología y Obstetricia";https://empleosperuhoy.blogspot.com/2026/10/oportunidad-laboral-cas-002-2026-medico-especialista-ginecologia-obste.html;"oferta laboral individual completa"
4775987348736008447;A;CONSERVAR;CONSERVADO;0;"HOSPITAL JULIO CESAR DEMARINI CARO: Técnico en Enfermería (017-PCAS04/2026)";https://empleosperuhoy.blogspot.com/2026/10/oportunidad-laboral-cas-004-2026-tecnico-enfermeria-017-pcas04-hospita.html;"oferta laboral individual completa"
4779482152855338208;A;CONSERVAR;CONSERVADO;0;"HOSPITAL GENERAL DE JAÉN: CAS N° 002 - Código AIRHSP 003551, 003552: MÉDICO ESPECIALISTA EN MEDICINA FISICA Y REHABILITACION";https://empleosperuhoy.blogspot.com/2026/10/oportunidad-laboral-cas-002-codigo-airhsp-medico-medicina-fisica-rehab.html;"oferta laboral individual completa"
478386251863247391;A;CONSERVAR;CONSERVADO;0;"UGEL ANGARAES: UGEL ANGARAES: solicita Coordinador";https://empleosperuhoy.blogspot.com/2026/10/ugel-angaraes-ugel-angaraes-solicita.html;"oferta laboral individual completa"
478872455910119957;A;CONSERVAR;CONSERVADO;0;"RED DE SALUD CONCHUCOS NORTE - POMABAMBA: CAS N° 003 - CODIGO N° 001916: QUIMICO FARMACEUTICO";https://empleosperuhoy.blogspot.com/2026/10/red-de-salud-conchucos-norte-pomabamba_0881556310.html;"oferta laboral individual completa"
479346705939497113;A;CONSERVAR;CONSERVADO;0;"DIRESA CALLAO: Médico Especialista en Radiología";https://empleosperuhoy.blogspot.com/2026/10/oportunidad-laboral-cas-001-2026-medico-especialista-radiologia-diresa.html;"oferta laboral individual completa"
4793775448297097060;A;CONSERVAR;CONSERVADO;0;"MINISTERIO PÚBLICO - FISCALÍA: CAS N° 138 - CÓDIGO AADC-01: ASISTENTE ADMINISTRATIVO(CONDUCTOR)";https://empleosperuhoy.blogspot.com/2026/10/ministerio-publico-fiscalia-cas-n-138_2.html;"oferta laboral individual completa"
4795488389202935417;A;CONSERVAR;CONSERVADO;0;"MINISTERIO PÚBLICO - FISCALÍA: CAS N° 141 - CÓDIGO AFF-04: ASISTENTE EN FUNCIÓN FISCAL";https://empleosperuhoy.blogspot.com/2026/10/ministerio-publico-fiscalia-cas-n-141_1.html;"oferta laboral individual completa"
4797317273666084012;A;CONSERVAR;CONSERVADO;0;"DIRESA CALLAO: Especialista Administrativo";https://empleosperuhoy.blogspot.com/2026/10/oportunidad-laboral-cas-031-2026-especialista-administrativo-diresa-ca.html;"oferta laboral individual completa"
4804947519819110715;A;CONSERVAR;CONSERVADO;0;"UNIVERSIDAD DE BAGUA: CAS N° 005 - ITEM N° 18: PROFESIONAL I - OFICINA DE ASESORÍA JURÍDICA";https://empleosperuhoy.blogspot.com/2026/10/oportunidad-laboral-cas-005-item-profesional-oficina-asesoria-ju-0906.html;"oferta laboral individual completa"
4806902134852339731;A;CONSERVAR;CONSERVADO;0;"DIRESA CAJAMARCA: OBSTETRA";https://empleosperuhoy.blogspot.com/2026/10/oportunidad-laboral-cas-002-2026-obstetra-diresa-cajamarca-632705.html;"oferta laboral individual completa"
4807360924547614067;A;CONSERVAR;CONSERVADO;0;"DIRESA CALLAO: Auxiliar Asistencial";https://empleosperuhoy.blogspot.com/2026/10/diresa-callao-auxiliar-asistencial_5.html;"oferta laboral individual completa"
4808166899822495229;A;CONSERVAR;CONSERVADO;0;"DIRESA CALLAO: Tecnólogo Médico en Terapia Ocupacional";https://empleosperuhoy.blogspot.com/2026/10/oportunidad-laboral-cas-013-2026-tecnologo-medico-terapia-ocupacional-.html;"oferta laboral individual completa"
4809573266470672936;A;CONSERVAR;CONSERVADO;0;"FONCODES: CONTROL DE CALIDAD DE EXPEDIENTES DE TRANSFERENCIAS, COORDINACIÓN Y SEGUIMIENTO";https://empleosperuhoy.blogspot.com/2026/10/foncodes-control-de-calidad-de_2.html;"oferta laboral individual completa"
4815951943426692251;A;CONSERVAR;CONSERVADO;0;"PLAN MERISS: PLAN MERISS: (58) Especialistas, Asistentes y otros cargos";https://empleosperuhoy.blogspot.com/2026/10/oferta-de-empleo-plan-meriss-octubre-2026-89517.html;"oferta laboral individual completa"
481728342611471699;A;CONSERVAR;CONSERVADO;0;"HOSPITAL DEPARTAMENTAL DE HUANCAVELICA: CAS N° 010 - ITEM 06: MEDICO ESPECIALISTA EN GINECOLOGÍA ONCOLOGICA/CIRUJANO ONCOLÓGICO";https://empleosperuhoy.blogspot.com/2026/10/oportunidad-laboral-cas-010-item-medico-especialista-ginecologia-oncol.html;"oferta laboral individual completa"
4823382080558419383;A;CONSERVAR;CONSERVADO;0;"PODER JUDICIAL: CAS N° 024 - CÓDIGO 01129: ESPECIALISTA JUDICIAL DE AUDIENCIA";https://empleosperuhoy.blogspot.com/2026/10/oportunidad-laboral-cas-024-codigo-especialista-judicial-audiencia-pod.html;"oferta laboral individual completa"
4827937468378104137;A;CONSERVAR;CONSERVADO;0;"UGEL SAN MARTÍN: UGEL SAN MARTÍN: (8) Coordinadores, Profesionales, Tutor y otros cargos";https://empleosperuhoy.blogspot.com/2026/10/oferta-de-empleo-ugel-san-martin-coordinadores-profesionales-tut-df39.html;"oferta laboral individual completa"
4829062682616478721;A;CONSERVAR;CONSERVADO;0;"HOSPITAL VILLA EL SALVADOR: Coordinador";https://empleosperuhoy.blogspot.com/2026/10/hospital-villa-el-salvador-coordinador_2.html;"oferta laboral individual completa"
4830581712031699403;A;CONSERVAR;CONSERVADO;0;"PODER JUDICIAL: N° 001 - CÓDIGO 00306-1-2: ESPECIALISTA JUDICIAL DE JUZGADO";https://empleosperuhoy.blogspot.com/2026/10/oportunidad-laboral-001-codigo-especialista-judicial-juzgado-poder-are.html;"oferta laboral individual completa"
4831376501321064930;A;CONSERVAR;CONSERVADO;0;"HOSPITAL SAN JUAN BAUTISTA HUARAL: N° 002: MEDICO TRAUMATOLOGO";https://empleosperuhoy.blogspot.com/2026/10/hospital-san-juan-bautista-huaral-n-002_6.html;"oferta laboral individual completa"
4832240743228766318;A;CONSERVAR;CONSERVADO;0;"UNIVERSIDAD DE CAÑETE(UNDC): CAS N° 003- N° Plaza 087: ASISTENTE DE SISTEMAS Y BASE DE DATOS";https://empleosperuhoy.blogspot.com/2026/10/oportunidad-laboral-cas-003-plaza-087-asistente-sistemas-base-datos-un.html;"oferta laboral individual completa"
4833759692309164255;A;CONSERVAR;CONSERVADO;0;"Nº 014-2026: Practicante para la Oficina de Planeamiento - MINISTERIO DE CULTURA";https://empleosperuhoy.blogspot.com/2026/09/n-014-2026-practicante-para-la-oficina.html;"oferta laboral individual completa"
4835468411595533594;A;CONSERVAR;CONSERVADO;0;"CAS N° 004-2026: Enfermera/o Especialista (Especialidad en Oncología)";https://empleosperuhoy.blogspot.com/2026/09/cas-n-004-2026-enfermerao-especialista_0918698275.html;"oferta laboral individual completa"
4838256140509531410;A;CONSERVAR;CONSERVADO;0;"DIRESA CAJAMARCA: TECNICO ADMINISTRATIVO";https://empleosperuhoy.blogspot.com/2026/10/diresa-cajamarca-tecnico-administrativo_4.html;"oferta laboral individual completa"
4844612423209107342;A;CONSERVAR;CONSERVADO;0;"INEI: AUXILIAR DE SALUD DE LOCAL DE EVALUACIÓN - ÁNCASH";https://empleosperuhoy.blogspot.com/2026/10/inei-auxiliar-de-salud-de-local-de_68.html;"oferta laboral individual completa"
4847333219763167952;A;CONSERVAR;CONSERVADO;0;"SUTRAN: RESOLUTORES/AS";https://empleosperuhoy.blogspot.com/2026/10/sutran-resolutoresas_6.html;"oferta laboral individual completa"
4847993281803771381;A;CONSERVAR;CONSERVADO;0;"INSTITUTO DE REHABILITACIÓN(INR): TECNOLOGO MEDICO EN TERAPIA FISICA Y REHABILITACION";https://empleosperuhoy.blogspot.com/2026/10/oportunidad-laboral-cas-002-instituto-rehabilitacion-inr-lima-633405.html;"oferta laboral individual completa"
4853454996342389292;A;CONSERVAR;CONSERVADO;0;"MINISTERIO DE LA MUJER(MIMP): ASISTENTE ADMINISTRATIVO - CAJERO";https://empleosperuhoy.blogspot.com/2026/10/oportunidad-laboral-cas-108-asistente-administrativo-cajero-ministerio.html;"oferta laboral individual completa"
4859962760165533654;A;CONSERVAR;CONSERVADO;0;"DIRECCIÓN DE AGRICULTURA HUÁNUCO: ESPECIALISTA EN ESTADISTICA - CODIGO AIRHSP:000639";https://empleosperuhoy.blogspot.com/2026/10/oportunidad-laboral-cas-004-2026-especialista-estadistica-codigo-bd62.html;"oferta laboral individual completa"
4862242437065291119;A;CONSERVAR;CONSERVADO;0;"Abogado Penal Junior";https://empleosperuhoy.blogspot.com/2026/09/abogado-penal-junior.html;"oferta laboral individual completa"
4862310905356003455;A;CONSERVAR;CONSERVADO;0;"MUNICIPALIDAD DE LINCE: MUNICIPALIDAD DE LINCE: (10) Serenos de pie Operador o Supervisor de Seguridad y Vigilancia";https://empleosperuhoy.blogspot.com/2026/10/oferta-de-empleo-municipalidad-lince-serenos-pie-operador-superv-9a0e.html;"oferta laboral individual completa"
4865024013493565323;A;CONSERVAR;CONSERVADO;0;"DIRESA CALLAO: Digitador";https://empleosperuhoy.blogspot.com/2026/10/diresa-callao-digitador_4.html;"oferta laboral individual completa"
4867753495025994550;A;CONSERVAR;CONSERVADO;0;"HOSPITAL DE HUARAZ: Médico Especialista en Ginecología y Obstetricia";https://empleosperuhoy.blogspot.com/2026/10/oportunidad-laboral-cas-001-medico-especialista-ginecologia-obstetrici.html;"oferta laboral individual completa"
4876070625138484911;A;CONSERVAR;CONSERVADO;0;"Beneficios laborales en Perú: conoce tus principales derechos como trabajador";https://empleosperuhoy.blogspot.com/2026/09/beneficios-laborales-en-peru-conoce-tus.html;"oferta laboral individual completa"
4880033894675708767;A;CONSERVAR;CONSERVADO;0;"PODER JUDICIAL: N° 001 - CÓDIGO 00347-3: TECNICO JUDICIAL";https://empleosperuhoy.blogspot.com/2026/10/oportunidad-laboral-001-codigo-tecnico-judicial-poder-arequipa-632295.html;"oferta laboral individual completa"
4880736420890726269;A;CONSERVAR;CONSERVADO;0;"MUNICIPALIDAD DE MAZAMARI: CAS N° 004 - ITEM N° 07: ANALISTA TECNICO EN REVISION Y EVALUACION DE EXPEDIENTES TECNICOS";https://empleosperuhoy.blogspot.com/2026/10/oportunidad-laboral-cas-004-item-analista-tecnico-revision-evalu-5051.html;"oferta laboral individual completa"
4882128951417448862;A;CONSERVAR;CONSERVADO;0;"PODER JUDICIAL: CAS N° 015 - CÓDIGO 02660-1: SECRETARIO/A JUDICIAL";https://empleosperuhoy.blogspot.com/2026/10/poder-judicial-cas-n-015-codigo-02660-1_5.html;"oferta laboral individual completa"
4897852629610162682;A;CONSERVAR;CONSERVADO;0;"MUNICIPALIDAD DE MARAS: 276 N° 008: INGENIERO ESPECIALISTA EN SISTEMA DE RIEGO POR ASPERSIÓN";https://empleosperuhoy.blogspot.com/2026/10/municipalidad-de-maras-276-n-008_0.html;"oferta laboral individual completa"
4898577638523029018;A;CONSERVAR;CONSERVADO;0;"N° 078-2026: Practicante para la Oficina Desconcentrada de Junín - OEFA";https://empleosperuhoy.blogspot.com/2026/09/n-078-2026-practicante-para-la-oficina.html;"oferta laboral individual completa"
4900060118692396817;A;CONSERVAR;CONSERVADO;0;"MINISTERIO DE ENERGÍA Y MINAS (MINEM): ESPECIALISTA II DE PREVENCION DE CONFLICTOS SOCIALES";https://empleosperuhoy.blogspot.com/2026/10/ministerio-de-energia-y-minas-minem_370.html;"oferta laboral individual completa"
4903704600935160783;A;CONSERVAR;CONSERVADO;0;"HOSPITAL GENERAL DE JAÉN: CAS N° 002 - Código AIRHSP 003618 y 003619: ENFERMERA/O ESPECIALISTA EN CENTRAL DE ESTERILIZACIÓN";https://empleosperuhoy.blogspot.com/2026/10/oportunidad-laboral-cas-002-codigo-airhsp-enfermera-especialista-3ae4.html;"oferta laboral individual completa"
4909516530212450574;A;CONSERVAR;CONSERVADO;0;"HOSPITAL HIPOLITO UNANUE: Tecnólogo Médico en Lab. Clínico y Anatomía Patológica";https://empleosperuhoy.blogspot.com/2026/10/oportunidad-laboral-cas-003-2026-tecnologo-medico-lab-clinico-anatomia.html;"oferta laboral individual completa"
4912809727539612997;A;CONSERVAR;CONSERVADO;0;"Redactor De Tesis Cosmiatria/ Cosmetologia- Remoto";https://empleosperuhoy.blogspot.com/2026/10/redactor-de-tesis-cosmiatria.html;"oferta laboral individual completa"
4913515655652579425;A;CONSERVAR;CONSERVADO;0;"INSTITUTO DE REHABILITACION(INR): INSTITUTO DE REHABILITACION(INR): (9) Técnicos, tecnólogo médico, especialista, y otros";https://empleosperuhoy.blogspot.com/2026/10/instituto-de-rehabilitacioninr_3.html;"oferta laboral individual completa"
4915914697482463421;A;CONSERVAR;CONSERVADO;0;"POLICÍA NACIONAL(PNP): TECNÓLOGO MÉDICO EN LABORATORIO CLÍNICO Y ANATOMÍA PATOLÓGICA";https://empleosperuhoy.blogspot.com/2026/10/policia-nacionalpnp-tecnologo-medico-en_9.html;"oferta laboral individual completa"
4919856567910468682;A;CONSERVAR;CONSERVADO;0;"DIRESA CALLAO: Técnico/a en Enfermería";https://empleosperuhoy.blogspot.com/2026/10/oportunidad-laboral-cas-024-2026-tecnico-enfermeria-diresa-callao-6336.html;"oferta laboral individual completa"
4919990866791654583;A;CONSERVAR;CONSERVADO;0;"UNIVERSIDAD DE CAÑETE(UNDC): CAS N° 003- N° Plaza 103: ANALISTA DE LA OFICINA DE COOPERACION Y RELACIONES INTERNACIONALES";https://empleosperuhoy.blogspot.com/2026/10/oportunidad-laboral-cas-003-plaza-103-analista-oficina-cooperacion-rel.html;"oferta laboral individual completa"
4923235521444450694;A;CONSERVAR;CONSERVADO;0;"RED DE SALUD VIRÚ: MÉDICO FAMILIAR";https://empleosperuhoy.blogspot.com/2026/10/red-de-salud-viru-medico-familiar_6.html;"oferta laboral individual completa"
4930626296097329336;A;CONSERVAR;CONSERVADO;0;"HOSPITAL GENERAL DE JAÉN: CAS N° 002 - Código AIRHSP 003588 y 003589: TECNICA/O EN LABORATORIO CLINICO";https://empleosperuhoy.blogspot.com/2026/10/oportunidad-laboral-cas-002-codigo-airhsp-tecnica-laboratorio-clinico-.html;"oferta laboral individual completa"
4940546802201093290;A;CONSERVAR;CONSERVADO;0;"UNIVERSIDAD DE BAGUA: CAS N° 005 - ITEM N° 06: PROFESIONAL III - DEFENSORIA UNIVERSITARIA";https://empleosperuhoy.blogspot.com/2026/10/oportunidad-laboral-cas-005-item-profesional-iii-defensoria-universita.html;"oferta laboral individual completa"
4942959756421797409;A;CONSERVAR;CONSERVADO;0;"PODER JUDICIAL: PODER JUDICIAL: (47) Asistentes, analistas, especialistas, y otros";https://empleosperuhoy.blogspot.com/2026/10/oferta-de-empleo-poder-judicial-asistentes-analistas-especialist-bc24.html;"oferta laboral individual completa"
4945524811193931357;A;CONSERVAR;CONSERVADO;0;"HOSPITAL JULIO CESAR DEMARINI CARO: Especialista en Inversión (023-PCAS04/2026)";https://empleosperuhoy.blogspot.com/2026/10/oportunidad-laboral-cas-004-2026-especialista-inversion-023-pcas04-hos.html;"oferta laboral individual completa"
4950759944946372518;A;CONSERVAR;CONSERVADO;0;"Redactor De Tesis- Economía -Remoto";https://empleosperuhoy.blogspot.com/2026/10/redactor-de-tesis-economia-remoto.html;"oferta laboral individual completa"
4956264334996173746;A;CONSERVAR;CONSERVADO;0;"UNIVERSIDAD DE BAGUA: CAS N° 005 - ITEM N° 19: PROFESIONAL II - UNIDAD DE ABASTECIMIENTO/ALMACÉN";https://empleosperuhoy.blogspot.com/2026/10/universidad-de-bagua-cas-n-005-item-n_99.html;"oferta laboral individual completa"
4963757699733154627;A;CONSERVAR;CONSERVADO;0;"PROCURADURÍA DEL ESTADO: ANALISTA LEGAL DE DEFENSA JURÍDICA DEL ESTADO DESCENTRALIZADO";https://empleosperuhoy.blogspot.com/2026/10/oportunidad-laboral-cas-113-analista-legal-defensa-juridica-del-estado.html;"oferta laboral individual completa"
4963954947473026976;A;CONSERVAR;CONSERVADO;0;"UGEL ACOMAYO: UGEL ACOMAYO: (4) Especialista Administrativo, Personal de servicio y Conductor";https://empleosperuhoy.blogspot.com/2026/10/ugel-acomayo-ugel-acomayo-4_0.html;"oferta laboral individual completa"
4964321634262378232;A;CONSERVAR;CONSERVADO;0;"MUNICIPALIDAD DE MARAS: 276 N° 008: INGENIERO DE SEGURIDAD, SALUD OCUPACIONAL Y MEDIO AMBIENTE";https://empleosperuhoy.blogspot.com/2026/10/municipalidad-de-maras-276-n-008_6.html;"oferta laboral individual completa"
4965920457001797268;A;CONSERVAR;CONSERVADO;0;"Auxiliar De Almacén";https://empleosperuhoy.blogspot.com/2026/10/auxiliar-de-almacen.html;"oferta laboral individual completa"
4970821764280194898;A;CONSERVAR;CONSERVADO;0;"UNIVERSIDAD MICAELA BASTIDAS: UNIVERSIDAD MICAELA BASTIDAS: Solicita Medico, Conductor, Asistente administrativos y Enfermera";https://empleosperuhoy.blogspot.com/2026/10/oferta-de-empleo-universidad-micaela-bastidas-solicita-medico-co-4c92.html;"oferta laboral individual completa"
4977958744847713557;A;CONSERVAR;CONSERVADO;0;"RED DE SALUD CHANCHAMAYO: Médico Cirujano Especialista en Pediatría";https://empleosperuhoy.blogspot.com/2026/10/red-de-salud-chanchamayo-medico_9.html;"oferta laboral individual completa"
4979438959502395419;A;CONSERVAR;CONSERVADO;0;"PODER JUDICIAL: CAS N° 182 - CÓDIGO 03058: ESPECIALISTA LEGAL DE SALA SUPREMA";https://empleosperuhoy.blogspot.com/2026/10/oportunidad-laboral-cas-182-codigo-especialista-legal-sala-suprema-pod.html;"oferta laboral individual completa"
4980647683746945983;A;CONSERVAR;CONSERVADO;0;"RED DE SALUD CAJABAMBA: 276 N° 003: MÉDICO";https://empleosperuhoy.blogspot.com/2026/10/oportunidad-laboral-276-003-medico-red-salud-cajabamba-cajamarca-1b9b.html;"oferta laboral individual completa"
4985531459964241428;A;CONSERVAR;CONSERVADO;0;"HOSPITAL REGIONAL DE MOQUEGUA: CAS N° 003 - ITEM 17: QUIMICO FARMACEUTICO - DEPARTAMENTO DE APOYO AL TRATAMIENTO";https://empleosperuhoy.blogspot.com/2026/10/oportunidad-laboral-cas-003-item-quimico-farmaceutico-departamento-apo.html;"oferta laboral individual completa"
4995765000948326957;A;CONSERVAR;CONSERVADO;0;"OSIPTEL: Analistas y Asistente";https://empleosperuhoy.blogspot.com/2026/10/osiptel-analistas-y-asistente_6.html;"oferta laboral individual completa"
4997299908308107956;A;CONSERVAR;CONSERVADO;0;"HOSPITAL GENERAL DE JAÉN: CAS N° 002 - Código AIRHSP 003574 y 003575: TRAJADOR/A SOCIAL";https://empleosperuhoy.blogspot.com/2026/10/oportunidad-laboral-cas-002-codigo-airhsp-trajador-social-hospital-gen.html;"oferta laboral individual completa"
4997404397148934735;A;CONSERVAR;CONSERVADO;0;"MUNICIPALIDAD LA ENCAÑADA: Jefe de la Unidad de Imagen Institucional y Relaciones Publicas.";https://empleosperuhoy.blogspot.com/2026/09/municipalidad-la-encanada-jefe-de-la.html;"oferta laboral individual completa"
5003720042421750047;A;CONSERVAR;CONSERVADO;0;"PROGRAMA JOVENES PRODUCTIVOS: Especialista y Monitor";https://empleosperuhoy.blogspot.com/2026/10/oferta-de-empleo-programa-jovenes-productivos-requiere-especiali-48ca.html;"oferta laboral individual completa"
5004649834416763611;A;CONSERVAR;CONSERVADO;0;"PODER JUDICIAL: CAS N° 115 - CÓDIGO 00156:  ESPECIALISTA EN CONTRATACIONES DEL ESTADO";https://empleosperuhoy.blogspot.com/2026/10/oportunidad-laboral-cas-115-codigo-especialista-contrataciones-del-est.html;"oferta laboral individual completa"
5009956625114896677;A;CONSERVAR;CONSERVADO;0;"PODER JUDICIAL: Especialista Legal - Ejecución";https://empleosperuhoy.blogspot.com/2026/10/oferta-de-empleo-poder-judicial-requiere-especialista-legal-ejec-c9ca.html;"oferta laboral individual completa"
5011096592945867557;A;CONSERVAR;CONSERVADO;0;"INEI: AUXILIAR DE SALUD DE LOCAL DE EVALUACIÓN - LIMA";https://empleosperuhoy.blogspot.com/2026/10/oportunidad-laboral-auxiliar-salud-local-evaluacion-inei-lima-627599.html;"oferta laboral individual completa"
5012911589917407455;A;CONSERVAR;CONSERVADO;0;"UNIVERSIDAD DE BAGUA: CAS N° 005 - ITEM N° 22: PROFESIONAL IV - UNIDAD EJECUTORA DE INVERSIONES";https://empleosperuhoy.blogspot.com/2026/10/oportunidad-laboral-cas-005-item-profesional-unidad-ejecutora-inversio.html;"oferta laboral individual completa"
5015017869766640612;A;CONSERVAR;CONSERVADO;0;"UNIVERSIDAD DE BAGUA: UNIVERSIDAD DE BAGUA: (43) Profesionales, Técnicos y otros cargos";https://empleosperuhoy.blogspot.com/2026/10/oferta-de-empleo-universidad-bagua-profesionales-tecnicos-cargos-94ca.html;"oferta laboral individual completa"
5020521103224980080;A;CONSERVAR;CONSERVADO;0;"MUNICIPALIDAD SURQUILLO: SUPERVISOR(A) DE OPERACIONES";https://empleosperuhoy.blogspot.com/2026/10/oportunidad-laboral-cas-131-supervisor-operaciones-municipalidad-surqu.html;"oferta laboral individual completa"
5020689551345097649;A;CONSERVAR;CONSERVADO;0;"GOBIERNO REGIONAL APURIMAC: GOBIERNO REGIONAL APURIMAC: (5) Asistentes, técnico, auxiliar y otros";https://empleosperuhoy.blogspot.com/2026/10/gobierno-regional-apurimac-gobierno_2.html;"oferta laboral individual completa"
5022521018030705382;A;CONSERVAR;CONSERVADO;0;"UNIVERSIDAD DE CAÑETE(UNDC): CAS N° 003- N° Plaza 024: INGENIERO (A) CIVIL ESPECIALISTA EN INVERSIONES";https://empleosperuhoy.blogspot.com/2026/10/oportunidad-laboral-cas-003-plaza-024-ingeniero-civil-especialista-inv.html;"oferta laboral individual completa"
5022933817846659366;A;CONSERVAR;CONSERVADO;0;"INVERMET: INVERMET: (19) Especialistas, Analistas, Auxiliares y otros cargos";https://empleosperuhoy.blogspot.com/2026/10/invermet-invermet-19-especialistas_0.html;"oferta laboral individual completa"
5023221663419744961;A;CONSERVAR;CONSERVADO;0;"SEDAPAL: OPERARIO ESPECIALIZADO DE OPERACIÓN DE MAQUINARIA PESADA Y OPERACIONES";https://empleosperuhoy.blogspot.com/2026/10/sedapal-operario-especializado-de_5.html;"oferta laboral individual completa"
5023349513501789173;A;CONSERVAR;CONSERVADO;0;"RED DE SALUD JAUJA: 276 N° 002: TECNICO/A EN LABORATORIO I";https://empleosperuhoy.blogspot.com/2026/10/red-de-salud-jauja-276-n-002-tecnicoa_04.html;"oferta laboral individual completa"
5025449244401487711;A;CONSERVAR;CONSERVADO;0;"RED DE SALUD VIRÚ: TÉCNICO EN LABORATORIO";https://empleosperuhoy.blogspot.com/2026/10/red-de-salud-viru-tecnico-en-laboratorio_7.html;"oferta laboral individual completa"
5026334768977344619;A;CONSERVAR;CONSERVADO;0;"UGEL SAN MARTÍN: TUTOR DEL PROGRAMA DE INTERVENCION TEMPRANA";https://empleosperuhoy.blogspot.com/2026/10/ugel-san-martin-tutor-del-programa-de_3.html;"oferta laboral individual completa"
5031935474831912143;A;CONSERVAR;CONSERVADO;0;"INVERMET: ANALISTA EN GESTIÓN ADMINISTRATIVA";https://empleosperuhoy.blogspot.com/2026/10/oportunidad-laboral-cas-049-analista-gestion-administrativa-invermet-l.html;"oferta laboral individual completa"
504088129666524168;A;CONSERVAR;CONSERVADO;0;"OSINFOR: ESPECIALISTA LEGAL II";https://empleosperuhoy.blogspot.com/2026/10/oportunidad-laboral-cas-075-especialista-legal-osinfor-lima-633624.html;"oferta laboral individual completa"
504822041395199805;A;CONSERVAR;CONSERVADO;0;"PODER JUDICIAL: N° 010 - CÓDIGO 00415: ASISTENTE JURISDICCIONAL";https://empleosperuhoy.blogspot.com/2026/10/poder-judicial-n-010-codigo-00415_0.html;"oferta laboral individual completa"
5050350719070988146;A;CONSERVAR;CONSERVADO;0;"PROGRAMA JOVENES PRODUCTIVOS: ESPECIALISTA LEGAL";https://empleosperuhoy.blogspot.com/2026/10/programa-jovenes-productivos_9.html;"oferta laboral individual completa"
5051056000790056630;A;CONSERVAR;CONSERVADO;0;"DIRECCIÓN DE AGRICULTURA HUÁNUCO: ESPECIALISTA EN ESTADISTICA - CODIGO AIRHSP:000641";https://empleosperuhoy.blogspot.com/2026/10/direccion-de-agricultura-huanuco_07.html;"oferta laboral individual completa"
5051975440111238241;A;CONSERVAR;CONSERVADO;0;"PODER JUDICIAL: N° 001 - CÓDIGO 00309-5-6-7-8-9-10-11-12: SECRETARIO JUDICIAL";https://empleosperuhoy.blogspot.com/2026/10/oportunidad-laboral-001-codigo-8-12-secretario-judicial-poder-arequipa.html;"oferta laboral individual completa"
5054868888724687798;A;CONSERVAR;CONSERVADO;0;"UGEL PARURO: Especialista Administrativo l- Apoyo Administrativo Área Gestión Pedagógica";https://empleosperuhoy.blogspot.com/2026/10/oportunidad-laboral-cas-018-especialista-administrativo-apoyo-area-ges.html;"oferta laboral individual completa"
5055189824632735104;A;CONSERVAR;CONSERVADO;0;"Realiza Tus Prácticas Pre Profesionales En Administracion";https://empleosperuhoy.blogspot.com/2026/10/realiza-tus-practicas-pre-profesionales.html;"oferta laboral individual completa"
5059620946185713569;A;CONSERVAR;CONSERVADO;0;"HOSPITAL JULIO CESAR DEMARINI CARO: Médico Cirujano (015-PCAS04/2026)";https://empleosperuhoy.blogspot.com/2026/10/hospital-julio-cesar-demarini-caro_72.html;"oferta laboral individual completa"
5064270127761175229;A;CONSERVAR;CONSERVADO;0;"UGEL SAN MARTÍN: PSICÓLOGO (A)";https://empleosperuhoy.blogspot.com/2026/10/ugel-san-martin-psicologo-a_1.html;"oferta laboral individual completa"
506515995202800018;A;CONSERVAR;CONSERVADO;0;"BCP Concurso de becas técnicas";https://empleosperuhoy.blogspot.com/2026/09/concurso-de-becas-tecnicas-2027.html;"oferta laboral individual completa"
5066393429577621961;A;CONSERVAR;CONSERVADO;0;"INEI: AUXILIAR DE SALUD DE LOCAL DE EVALUACIÓN - CAJAMARCA";https://empleosperuhoy.blogspot.com/2026/10/inei-auxiliar-de-salud-de-local-de_621.html;"oferta laboral individual completa"
5071042185961548298;A;CONSERVAR;CONSERVADO;0;"SUTRAN: SUTRAN: (5) Abogados, especialista, analista y otros";https://empleosperuhoy.blogspot.com/2026/10/oferta-de-empleo-sutran-abogados-especialista-analista-convocato-e760.html;"oferta laboral individual completa"
5072090979054496372;A;CONSERVAR;CONSERVADO;0;"CAS N° 027: PROFESIONAL SENIOR DE ASESORIA LEGAL";https://empleosperuhoy.blogspot.com/2026/09/cas-n-027-profesional-senior-de.html;"oferta laboral individual completa"
5072662330164342597;A;CONSERVAR;CONSERVADO;0;"HOSPITAL JULIO CESAR DEMARINI CARO: Médico Especialista Urología (011-PCAS04/2026)";https://empleosperuhoy.blogspot.com/2026/10/hospital-julio-cesar-demarini-caro_79.html;"oferta laboral individual completa"
5074332750795417554;A;CONSERVAR;CONSERVADO;0;"RED DE SALUD CHANCHAMAYO: Odontólogo";https://empleosperuhoy.blogspot.com/2026/10/red-de-salud-chanchamayo-odontologo_4.html;"oferta laboral individual completa"
5078596194045339878;A;CONSERVAR;CONSERVADO;0;"DIRESA CAJAMARCA: ENFERMERA/O";https://empleosperuhoy.blogspot.com/2026/10/diresa-cajamarca-enfermerao_51.html;"oferta laboral individual completa"
5080452935937090866;A;CONSERVAR;CONSERVADO;0;"RED DE SALUD CHANCHAMAYO: Trabajador de Servicios Generales";https://empleosperuhoy.blogspot.com/2026/10/oportunidad-laboral-cas-004-2026-trabajador-servicios-generales-2630.html;"oferta laboral individual completa"
5084574838255675294;A;CONSERVAR;CONSERVADO;0;"UGEL FERREÑAFE: Coordinador (a) de innovación y soporte tecnológico";https://empleosperuhoy.blogspot.com/2026/10/ugel-ferrenafe-coordinador-de_01721438573.html;"oferta laboral individual completa | duplicados conservados: 1"
5090969489170735095;A;CONSERVAR;CONSERVADO;0;"UGEL HUÁNUCO: CAS N° 014 - CÓDIGO AIRHPS 001989: ASISTENTE ADMINISTRATIVO - ASESORIA JURIDICA";https://empleosperuhoy.blogspot.com/2026/10/ugel-huanuco-cas-n-014-codigo-airhps_94.html;"oferta laboral individual completa"
5091082793981950958;A;CONSERVAR;CONSERVADO;0;"PROGRAMA SANEAMIENTO URBANO: ANALISTA DE RELACIONES HUMANAS Y SOCIALES";https://empleosperuhoy.blogspot.com/2026/10/programa-saneamiento-urbano-analista-de_8.html;"oferta laboral individual completa"
5092266541374161060;A;CONSERVAR;CONSERVADO;0;"RED DE SALUD CHANCHAMAYO: Especialista Administrativo";https://empleosperuhoy.blogspot.com/2026/10/red-de-salud-chanchamayo-especialista_40.html;"oferta laboral individual completa"
5092418489516583371;A;CONSERVAR;CONSERVADO;0;"UGEL HUÁNUCO: CAS N° 014 - CÓDIGO AIRHPS 001982: ESPECIALISTA ADMINISTRATIVO - CALIDAD DE LA INFORMACIÓN";https://empleosperuhoy.blogspot.com/2026/10/oportunidad-laboral-cas-014-codigo-airhps-especialista-administr-97ed.html;"oferta laboral individual completa"
5098835945868173567;A;CONSERVAR;CONSERVADO;0;"INVERMET: AUXILIAR ADMINISTRATIVO(A)";https://empleosperuhoy.blogspot.com/2026/10/oportunidad-laboral-cas-050-auxiliar-administrativo-invermet-lima-6332.html;"oferta laboral individual completa"
5100188555632408966;A;CONSERVAR;CONSERVADO;0;"MUNICIPALIDAD DE PICHACANI: MUNICIPALIDAD DE PICHACANI: (9) Asistentes, Responsable, Secretarias y Jefe";https://empleosperuhoy.blogspot.com/2026/10/municipalidad-de-pichacani_2.html;"oferta laboral individual completa"
5110644587725244350;A;CONSERVAR;CONSERVADO;0;"INSTITUTO DE REHABILITACIÓN(INR): CONDUCTOR DE AMBULANCIA";https://empleosperuhoy.blogspot.com/2026/10/instituto-de-rehabilitacioninr_4.html;"oferta laboral individual completa"
5121494792594338913;A;CONSERVAR;CONSERVADO;0;"HOSPITAL DE HUARAZ: Médico Intensivista";https://empleosperuhoy.blogspot.com/2026/10/hospital-de-huaraz-medico-intensivista_2.html;"oferta laboral individual completa"
51245880767592574;A;CONSERVAR;CONSERVADO;0;"INSTITUTO GEOFISICO(IGP): Nº 002-2026: Practicante para la Unidad Funcional de Infraestructura";https://empleosperuhoy.blogspot.com/2026/10/instituto-geofisicoigp-n-002-2026_3.html;"oferta laboral individual completa"
5125610203383334831;A;CONSERVAR;CONSERVADO;0;"RED DE SALUD CHANCHAMAYO: Obstetra";https://empleosperuhoy.blogspot.com/2026/10/red-de-salud-chanchamayo-obstetra_92.html;"oferta laboral individual completa"
5126493054135491704;A;CONSERVAR;CONSERVADO;0;"Redactor De Tesis Doctorado En Ing Civil - Remoto";https://empleosperuhoy.blogspot.com/2026/10/redactor-de-tesis-doctorado-en-ing_01830099513.html;"oferta laboral individual completa"
5134008376890623466;A;CONSERVAR;CONSERVADO;0;"INEI: OPERADOR DE MANTENIMIENTO DE LOCAL DE EVALUACIÓN - LAMBAYEQUE";https://empleosperuhoy.blogspot.com/2026/10/oportunidad-laboral-operador-mantenimiento-local-evaluacion-lambayeque.html;"oferta laboral individual completa"
5138704921107683780;A;CONSERVAR;CONSERVADO;0;"MINISTERIO DE VIVIENDA: Especialista en Confiabilidad de la Prestación de los Servicios";https://empleosperuhoy.blogspot.com/2026/10/ministerio-de-vivienda-especialista-en_94.html;"oferta laboral individual completa"
5138792095517738518;A;CONSERVAR;CONSERVADO;0;"DIRESA CALLAO: Médicos";https://empleosperuhoy.blogspot.com/2026/10/diresa-callao-medicos_39.html;"oferta laboral individual completa"
5142090138280693459;A;CONSERVAR;CONSERVADO;0;"MUNICIPALIDAD LA ENCAÑADA: Jefe de la Unidad de Tesorería.";https://empleosperuhoy.blogspot.com/2026/09/municipalidad-la-encanada-jefe-de-la_0217952818.html;"oferta laboral individual completa"
5145827595549611404;A;CONSERVAR;CONSERVADO;0;"INDECOPI: N° 062-2026: Practicante para la Oficina de Cooperación Técnica y Relaciones Institucionales";https://empleosperuhoy.blogspot.com/2026/10/indecopi-n-062-2026-practicante-para-la_1.html;"oferta laboral individual completa"
5147269513921100090;A;CONSERVAR;CONSERVADO;0;"UNIVERSIDAD DE BAGUA: CAS N° 005 - ITEM N° 10: SECRETARIA/O - OFICINA DE TECNOLOGÍAS DE LA INFORMACIÓN";https://empleosperuhoy.blogspot.com/2026/10/oportunidad-laboral-cas-005-item-secretaria-oficina-tecnologias-inform.html;"oferta laboral individual completa"
5149100201041478873;A;CONSERVAR;CONSERVADO;0;"OEFA: 4 practicantes";https://empleosperuhoy.blogspot.com/2026/10/oefa-4-practicantes_0.html;"oferta laboral individual completa"
5152394650343825715;A;CONSERVAR;CONSERVADO;0;"SERNANP: ANALISTA DE MONITOREO AMBIENTAL";https://empleosperuhoy.blogspot.com/2026/10/sernanp-analista-de-monitoreo-ambiental_1.html;"oferta laboral individual completa"
5155085876857937905;A;CONSERVAR;CONSERVADO;0;"UNIVERSIDAD DE HUANTA: Especialista en infraestructura";https://empleosperuhoy.blogspot.com/2026/10/oportunidad-laboral-cas-007-2026-especialista-infraestructura-universi.html;"oferta laboral individual completa"
5157168085800356286;A;CONSERVAR;CONSERVADO;0;"DIRECCIÓN DE AGRICULTURA HUÁNUCO: TECNICO ADMINISTRATIVO - CODIGO AIRHSP:000615";https://empleosperuhoy.blogspot.com/2026/10/oportunidad-laboral-cas-004-2026-tecnico-administrativo-codigo-a-7cb7.html;"oferta laboral individual completa"
5161088619186733181;A;CONSERVAR;CONSERVADO;0;"TRIBUNAL CONSTITUCIONAL(TC): TRIBUNAL CONSTITUCIONAL(TC): (8) Especialistas, Técnicos y Asesores";https://empleosperuhoy.blogspot.com/2026/10/tribunal-constitucionaltc-tribunal_7.html;"oferta laboral individual completa"
5162841492810654930;A;CONSERVAR;CONSERVADO;0;"CENTRO VACACIONAL HUAMPANI: CENTRO VACACIONAL HUAMPANI: Solicita Analista Contable";https://empleosperuhoy.blogspot.com/2026/10/centro-vacacional-huampani-centro_2.html;"oferta laboral individual completa"
5162890336736044551;A;CONSERVAR;CONSERVADO;0;"MINISTERIO DE TRABAJO(MTPE): ASISTENTE ADMINISTRATIVO";https://empleosperuhoy.blogspot.com/2026/10/ministerio-de-trabajomtpe-asistente_4.html;"oferta laboral individual completa"
5163285781670170899;A;CONSERVAR;CONSERVADO;0;"SUCAMEC: Analista de contrataciones";https://empleosperuhoy.blogspot.com/2026/10/sucamec-analista-de-contrataciones_1.html;"oferta laboral individual completa"
5167916134098772780;A;CONSERVAR;CONSERVADO;0;"MINISTERIO DE ENERGÍA Y MINAS (MINEM): ESPECIALISTA III EN GESTION DE INVERSIONES";https://empleosperuhoy.blogspot.com/2026/10/oportunidad-laboral-cas-078-especialista-iii-gestion-inversiones-minis.html;"oferta laboral individual completa"
5169019482476937568;A;CONSERVAR;CONSERVADO;0;"MUNICIPALIDAD DE OCORURO: MUNICIPALIDAD DE OCORURO: (5) Jefes y asistente administrativo";https://empleosperuhoy.blogspot.com/2026/10/oferta-de-empleo-municipalidad-ocoruro-jefes-asistente-administr-9634.html;"oferta laboral individual completa"
5169998612064336641;A;CONSERVAR;CONSERVADO;0;"CUNA MÁS: Especialista Integral";https://empleosperuhoy.blogspot.com/2026/10/cuna-mas-especialista-integral_80.html;"oferta laboral individual completa"
5177564748816766672;A;CONSERVAR;CONSERVADO;0;"PRONATEL: Coordinador de gestión de recursos humanos";https://empleosperuhoy.blogspot.com/2026/10/pronatel-coordinador-de-gestion-de_6.html;"oferta laboral individual completa"
5191178806014985464;A;CONSERVAR;CONSERVADO;0;"INVERMET: ANALISTAS DE CUENTAS";https://empleosperuhoy.blogspot.com/2026/10/invermet-analistas-de-cuentas_2.html;"oferta laboral individual completa"
5191973018288240907;A;CONSERVAR;CONSERVADO;0;"DIRECCIÓN DE AGRICULTURA HUÁNUCO: ESPECIALISTA EN PRESUPUESTO - CODIGO AIRHSP:000613";https://empleosperuhoy.blogspot.com/2026/10/direccion-de-agricultura-huanuco_21.html;"oferta laboral individual completa"
5196653466241517151;A;CONSERVAR;CONSERVADO;0;"UNIVERSIDAD DE FRONTERA DE SULLANA: AUXILIAR ADMINISTRATIVO";https://empleosperuhoy.blogspot.com/2026/10/oportunidad-laboral-cas-002-auxiliar-administrativo-universidad-fronte.html;"oferta laboral individual completa"
5205335937784299854;A;CONSERVAR;CONSERVADO;0;"PODER JUDICIAL: N° 001 - CÓDIGO 00413: ASISTENTE EN SERVICIOS DE COMUNICACIONES";https://empleosperuhoy.blogspot.com/2026/10/oportunidad-laboral-001-codigo-asistente-servicios-comunicaciones-pode.html;"oferta laboral individual completa"
5206363275527216832;A;CONSERVAR;CONSERVADO;0;"UNIVERSIDAD DE HUANTA: Auxiliar Administrativo - Unidad de Abastecimiento";https://empleosperuhoy.blogspot.com/2026/10/universidad-de-huanta-auxiliar_7.html;"oferta laboral individual completa"
5208507723506962310;A;CONSERVAR;CONSERVADO;0;"HOSPITAL DE HUACHO: 276 N° 001-2026: Médico – Cirugía Plástica y Reconstructiva";https://empleosperuhoy.blogspot.com/2026/10/oportunidad-laboral-276-001-2026-medico-cirugia-plastica-reconstructiv.html;"oferta laboral individual completa"
5208876951411196746;A;CONSERVAR;CONSERVADO;0;"DIRECCION DE EDUCACION(DRE) CALLAO: N° 001-2026: Practicante para el Área de Personal";https://empleosperuhoy.blogspot.com/2026/10/direccion-de-educaciondre-callao-n-001_39.html;"oferta laboral individual completa"
5212653877053165169;A;CONSERVAR;CONSERVADO;0;"HOSPITAL SICUANI: CAS N° 003 - ITEM 04: TÉCNICO ASISTENCIAL";https://empleosperuhoy.blogspot.com/2026/10/hospital-sicuani-cas-n-003-item-04_5.html;"oferta laboral individual completa"
5215057383996126268;A;CONSERVAR;CONSERVADO;0;"RED DE SALUD CONCHUCOS NORTE - POMABAMBA: CAS N° 003 - CODIGO N° 001614: MEDICO ESPECIALISTA EN GINECOLOGIA";https://empleosperuhoy.blogspot.com/2026/10/red-de-salud-conchucos-norte-pomabamba.html;"oferta laboral individual completa"
5217288244392796880;A;CONSERVAR;CONSERVADO;0;"UGEL-3: Analista en Estadística y Monitoreo";https://empleosperuhoy.blogspot.com/2026/10/oportunidad-laboral-cas-102-analista-estadistica-monitoreo-ugel-lima-6.html;"oferta laboral individual completa"
5218110376441833979;A;CONSERVAR;CONSERVADO;0;"INEI: AUXILIAR DE SALUD DE LOCAL DE EVALUACIÓN - AMAZONAS";https://empleosperuhoy.blogspot.com/2026/10/oportunidad-laboral-auxiliar-salud-local-evaluacion-amazonas-inei-6277.html;"oferta laboral individual completa"
5220285429348793115;A;CONSERVAR;CONSERVADO;0;"HOSPITAL GENERAL DE JAÉN: CAS N° 002 - Código AIRHSP 002958: MEDICO ESPECIALISTA EN RADIOLOGIA";https://empleosperuhoy.blogspot.com/2026/10/oportunidad-laboral-cas-002-codigo-airhsp-medico-especialista-radiolog.html;"oferta laboral individual completa"
5223954365669644712;A;CONSERVAR;CONSERVADO;0;"PROGRAMA SANEAMIENTO URBANO: ESPECIALISTA DE TESORERÍA";https://empleosperuhoy.blogspot.com/2026/10/programa-saneamiento-urbano_7.html;"oferta laboral individual completa"
5226457137119156995;A;CONSERVAR;CONSERVADO;0;"RED DE SALUD VIRÚ: TÉCNICO EN ENFERMERÍA";https://empleosperuhoy.blogspot.com/2026/10/red-de-salud-viru-tecnico-en-enfermeria_8.html;"oferta laboral individual completa"
5227730111930579464;A;CONSERVAR;CONSERVADO;0;"UGEL PARURO: Técnico Responsable en AIRHSP";https://empleosperuhoy.blogspot.com/2026/10/oportunidad-laboral-cas-018-tecnico-responsable-airhsp-ugel-paruro-cus.html;"oferta laboral individual completa"
5231485307323007771;A;CONSERVAR;CONSERVADO;0;"MINISTERIO DE VIVIENDA: Coordinador/a en Gestión y Ejecución de Intervenciones en Mejoramiento de Vivienda Rural";https://empleosperuhoy.blogspot.com/2026/10/ministerio-de-vivienda-coordinadora-en_2.html;"oferta laboral individual completa"
5236150050406843299;A;CONSERVAR;CONSERVADO;0;"HOSPITAL DE QUILLABAMBA: 276 N° 004: TÉCNICO ADMINISTRATIVO I";https://empleosperuhoy.blogspot.com/2026/10/hospital-de-quillabamba-276-n-004_01181165681.html;"oferta laboral individual completa"
5237531805096394781;A;CONSERVAR;CONSERVADO;0;"HOSPITAL VILLA EL SALVADOR: Médico";https://empleosperuhoy.blogspot.com/2026/10/oportunidad-laboral-cas-006-2026-medico-hospital-villa-salvador-dd90.html;"oferta laboral individual completa"
5237939102833946966;A;CONSERVAR;CONSERVADO;0;"UNIVERSIDAD DE BAGUA: CAS N° 005 - ITEM N° 13: PROFESIONAL IV - ORGANO DE CONTROL INSTITUCIONAL";https://empleosperuhoy.blogspot.com/2026/10/oportunidad-laboral-cas-005-item-profesional-organo-control-institucio.html;"oferta laboral individual completa"
5240383538004603736;A;CONSERVAR;CONSERVADO;0;"HOSPITAL HIPOLITO UNANUE: Obstetra";https://empleosperuhoy.blogspot.com/2026/10/hospital-hipolito-unanue-obstetra_7.html;"oferta laboral individual completa"
5243715576306342139;A;CONSERVAR;CONSERVADO;0;"HOSPITAL VILLA EL SALVADOR: Médico(a) Especialista en Radiología";https://empleosperuhoy.blogspot.com/2026/10/hospital-villa-el-salvador-medicoa_5.html;"oferta laboral individual completa"
5244048382333963841;A;CONSERVAR;CONSERVADO;0;"MINISTERIO PÚBLICO - FISCALÍA: N° 044 - CÓDIGO AUXA-01: AUXILIAR ADMINISTRATIVO";https://empleosperuhoy.blogspot.com/2026/10/ministerio-publico-fiscalia-n-044_73.html;"oferta laboral individual completa"
5244205111725823042;A;CONSERVAR;CONSERVADO;0;"EJÉRCITO DEL PERÚ: CIRUJANO DENTISTA";https://empleosperuhoy.blogspot.com/2026/10/ejercito-del-peru-cirujano-dentista_6.html;"oferta laboral individual completa"
524566260801398163;A;CONSERVAR;CONSERVADO;0;"CUNA MÁS: Especialista en Contrataciones menores a 8 UIT";https://empleosperuhoy.blogspot.com/2026/10/oportunidad-laboral-cas-415-especialista-contrataciones-menores-uit-cu.html;"oferta laboral individual completa"
5245874596652874223;A;CONSERVAR;CONSERVADO;0;"PROGRAMA JOVENES PRODUCTIVOS: ESPECIALISTA EN INTERVENCIONES ESPECIALES";https://empleosperuhoy.blogspot.com/2026/10/oportunidad-laboral-cas-038-especialista-intervenciones-especiales-pro.html;"oferta laboral individual completa"
5247360833654909767;A;CONSERVAR;CONSERVADO;0;"UNIVERSIDAD DE CAÑETE(UNDC): CAS N° 003- N° Plaza 045: ASISTENTE ADMINISTRATIVO";https://empleosperuhoy.blogspot.com/2026/10/oportunidad-laboral-cas-003-plaza-045-asistente-administrativo-univers.html;"oferta laboral individual completa"
5253708929361703193;A;CONSERVAR;CONSERVADO;0;"HOSPITAL JULIO CESAR DEMARINI CARO: Secretaria/o Ejecutivo (019-PCAS04/2026)";https://empleosperuhoy.blogspot.com/2026/10/hospital-julio-cesar-demarini-caro_1.html;"oferta laboral individual completa"
5255706011556737602;A;CONSERVAR;CONSERVADO;0;"RED DE SALUD VIRÚ: MÉDICO RADIÓLOGO";https://empleosperuhoy.blogspot.com/2026/10/red-de-salud-viru-medico-radiologo_1.html;"oferta laboral individual completa"
5262233985171648241;A;CONSERVAR;CONSERVADO;0;"MINISTERIO DE ENERGÍA Y MINAS (MINEM): ANALISTA I EVALUACIÓN EN ASUNTOS DE GESTIÓN MINERA (SUPLENCIA)";https://empleosperuhoy.blogspot.com/2026/10/oportunidad-laboral-cas-079-analista-evaluacion-asuntos-gestion-minera.html;"oferta laboral individual completa"
5262560553742499341;A;CONSERVAR;CONSERVADO;0;"SIS: Especialista en Inversiones Públicas";https://empleosperuhoy.blogspot.com/2026/10/oportunidad-laboral-cas-152-especialista-inversiones-publicas-sis-lima.html;"oferta laboral individual completa"
5262972440759364011;A;CONSERVAR;CONSERVADO;0;"INSTITUTO DE ENERGIA NUCLEAR(IPEN): INSTITUTO DE ENERGIA NUCLEAR(IPEN): 2 Especialistas";https://empleosperuhoy.blogspot.com/2026/10/oferta-de-empleo-instituto-energia-nuclear-ipen-especialistas-co-08ca.html;"oferta laboral individual completa"
5263008311069823974;A;CONSERVAR;CONSERVADO;0;"PODER JUDICIAL: CAS N° 015 - CÓDIGO 01129-2: ESPECIALISTA JUDICIAL DE AUDIENCIA";https://empleosperuhoy.blogspot.com/2026/10/poder-judicial-cas-n-015-codigo-01129-2_6.html;"oferta laboral individual completa"
5266276768746854508;A;CONSERVAR;CONSERVADO;0;"INSTITUTO DE REHABILITACIÓN(INR): ESPECIALISTA EN EDUCACIÓN";https://empleosperuhoy.blogspot.com/2026/10/oportunidad-laboral-cas-002-instituto-rehabilitacion-inr-lima-633398.html;"oferta laboral individual completa"
5267116789303384080;A;CONSERVAR;CONSERVADO;0;"DEFENSORÍA DEL PUEBLO: 728 N° 072: Especialista Legal I";https://empleosperuhoy.blogspot.com/2026/10/oportunidad-laboral-728-072-especialista-legal-defensoria-del-pueblo-s.html;"oferta laboral individual completa"
5270969071310399543;A;CONSERVAR;CONSERVADO;0;"HOSPITAL GENERAL DE JAÉN: CAS N° 002 - Código AIRHSP 003549, 003550: MÉDICO ESPECIALISTA EN MEDICINA INTERNA";https://empleosperuhoy.blogspot.com/2026/10/hospital-general-de-jaen-cas-n-002_36.html;"oferta laboral individual completa"
5273157980514970317;A;CONSERVAR;CONSERVADO;0;"DIRECCIÓN DE AGRICULTURA HUÁNUCO: ESPECIALISTA EN PROYECTOS DE INVERSION - CODIGO AIRHSP:000637";https://empleosperuhoy.blogspot.com/2026/10/oportunidad-laboral-cas-004-2026-especialista-proyectos-inversion-codi.html;"oferta laboral individual completa"
5275409500193099553;A;CONSERVAR;CONSERVADO;0;"EJÉRCITO DEL PERÚ: AUXILIAR DE ARTESANÍA";https://empleosperuhoy.blogspot.com/2026/10/ejercito-del-peru-auxiliar-de-artesania_1.html;"oferta laboral individual completa"
5275696074110400791;A;CONSERVAR;CONSERVADO;0;"INEI: OPERADOR DE MANTENIMIENTO DE LOCAL DE EVALUACIÓN - PUNO";https://empleosperuhoy.blogspot.com/2026/10/inei-operador-de-mantenimiento-de-local_78.html;"oferta laboral individual completa"
5281850489664549648;A;CONSERVAR;CONSERVADO;0;"PODER JUDICIAL: CAS N° 026 - CÓDIGO 01525: ESPECIALISTA LEGAL";https://empleosperuhoy.blogspot.com/2026/10/oportunidad-laboral-cas-026-codigo-especialista-legal-poder-judicial-l.html;"oferta laboral individual completa"
5283223644665351594;A;CONSERVAR;CONSERVADO;0;"HOSPITAL JULIO CESAR DEMARINI CARO: Médico Especialista en Psiquiatría (007-PCAS04/2026)";https://empleosperuhoy.blogspot.com/2026/10/oportunidad-laboral-cas-004-2026-medico-especialista-psiquiatria-007-p.html;"oferta laboral individual completa"
5285444328868245676;A;CONSERVAR;CONSERVADO;0;"PODER JUDICIAL: CAS N° 036 - CÓDIGO 01525: Especialista Legal";https://empleosperuhoy.blogspot.com/2026/10/oportunidad-laboral-cas-036-codigo-especialista-legal-poder-judicial-l.html;"oferta laboral individual completa"
5286082766047796857;A;CONSERVAR;CONSERVADO;0;"RED DE SALUD CAJABAMBA: 276 N° 003: PSICOLOGO";https://empleosperuhoy.blogspot.com/2026/10/oportunidad-laboral-276-003-psicologo-red-salud-cajabamba-cajamarca-63.html;"oferta laboral individual completa"
5288259862938611019;A;CONSERVAR;CONSERVADO;0;"RED DE SALUD VIRÚ: MÉDICO";https://empleosperuhoy.blogspot.com/2026/10/oportunidad-laboral-cas-004-2026-medico-red-salud-viru-libertad-633283.html;"oferta laboral individual completa"
5289860862666265713;A;CONSERVAR;CONSERVADO;0;"UNIVERSIDAD DE CAÑETE(UNDC): CAS N° 003- N° Plaza 093: ASISTENTE DE GESTIÓN EN PROCESOS ADMINISTRATIVOS";https://empleosperuhoy.blogspot.com/2026/10/oportunidad-laboral-cas-003-plaza-093-asistente-gestion-procesos-admin.html;"oferta laboral individual completa"
5292915591865591051;A;CONSERVAR;CONSERVADO;0;"RED DE SALUD JAUJA: 276 N° 002: TÉCNICO/A ADMINISTRATIVO I";https://empleosperuhoy.blogspot.com/2026/10/red-de-salud-jauja-276-n-002-tecnicoa_800.html;"oferta laboral individual completa"
5301694222222064291;A;CONSERVAR;CONSERVADO;0;"UNIVERSIDAD DE CAÑETE(UNDC): CAS N° 003- N° Plaza 065: ESPECIALISTA";https://empleosperuhoy.blogspot.com/2026/10/universidad-de-caneteundc-cas-n-003-n_25.html;"oferta laboral individual completa"
5302056988856259466;A;CONSERVAR;CONSERVADO;0;"MINISTERIO DE COMERCIO (MINCETUR): Analista y Asistente";https://empleosperuhoy.blogspot.com/2026/10/ministerio-de-comercio-mincetur_3.html;"oferta laboral individual completa"
5302110838845872168;A;CONSERVAR;CONSERVADO;0;"INVERMET: ANALISTA LOGÍSTICO";https://empleosperuhoy.blogspot.com/2026/10/invermet-analista-logistico_9.html;"oferta laboral individual completa"
5303204295859600566;A;CONSERVAR;CONSERVADO;0;"PODER JUDICIAL: N° 02 - CÓDIGO 00309-7: SECRETARIO JUDICIAL";https://empleosperuhoy.blogspot.com/2026/10/poder-judicial-n-02-codigo-00309-7_5.html;"oferta laboral individual completa"
5305133367192770622;A;CONSERVAR;CONSERVADO;0;"UNIVERSIDAD DE CAÑETE(UNDC): CAS N° 003- N° Plaza 031: ESPECIALISTA";https://empleosperuhoy.blogspot.com/2026/10/oportunidad-laboral-cas-003-plaza-031-especialista-universidad-canete-.html;"oferta laboral individual completa"
5305853502563149999;A;CONSERVAR;CONSERVADO;0;"MINISTERIO DE CULTURA: Nº 014-2026: Practicante para la Oficina de Planeamiento";https://empleosperuhoy.blogspot.com/2026/10/oportunidad-laboral-practicas-ministerio-cultura-economia-administraci.html;"oferta laboral individual completa"
5320450506661966452;A;CONSERVAR;CONSERVADO;0;"SINEACE: Analista en Gestión del Sistema de la Información de Certificación de Competencias";https://empleosperuhoy.blogspot.com/2026/10/oferta-de-empleo-sineace-analista-gestion-del-sistema-informacio-89ca.html;"oferta laboral individual completa"
5326148257964477732;A;CONSERVAR;CONSERVADO;0;"PROMPERÚ: PROMPERÚ: (13) Asistentes, Especialistas y Ejecutivos";https://empleosperuhoy.blogspot.com/2026/10/oferta-de-empleo-promperu-asistentes-especialistas-ejecutivos-co-57f3.html;"oferta laboral individual completa"
5329654427169103163;A;CONSERVAR;CONSERVADO;0;"OSIPTEL: N° 024-2026: Practicante para la Dirección de Atención y Protección al Usuario - ORS Madre de Dios";https://empleosperuhoy.blogspot.com/2026/10/osiptel-n-024-2026-practicante-para-la_2.html;"oferta laboral individual completa"
5333297470835837298;A;CONSERVAR;CONSERVADO;0;"CUNA MÁS: Especialista en Programación";https://empleosperuhoy.blogspot.com/2026/10/oportunidad-laboral-cas-414-especialista-programacion-cuna-mas-lima-63.html;"oferta laboral individual completa"
5336047499236861286;A;CONSERVAR;CONSERVADO;0;"MINISTERIO DE CULTURA: ANALISTA II EN PROYECTOS DE INVERSIÓN PÚBLICA";https://empleosperuhoy.blogspot.com/2026/10/ministerio-de-cultura-analista-ii-en_1.html;"oferta laboral individual completa"
5337926219016398220;A;CONSERVAR;CONSERVADO;0;"RED DE SALUD JAUJA: 276 N° 002: TECNICO/A EN SERVICIO SOCIAL";https://empleosperuhoy.blogspot.com/2026/10/oportunidad-laboral-276-002-tecnico-servicio-social-red-salud-ja-1331.html;"oferta laboral individual completa"
5339095587730250033;A;CONSERVAR;CONSERVADO;0;"UNIVERSIDAD DE CAÑETE(UNDC): CAS N° 003- N° Plaza 043: ASISTENTE DE SOPORTE INFORMÁTICO";https://empleosperuhoy.blogspot.com/2026/10/oportunidad-laboral-cas-003-plaza-043-asistente-soporte-informatico-un.html;"oferta laboral individual completa"
5339599420729047896;A;CONSERVAR;CONSERVADO;0;"SUNASS: SUNASS: (9) Especialistas, Asistentes, Choferes y Analista";https://empleosperuhoy.blogspot.com/2026/10/oferta-de-empleo-sunass-especialistas-asistentes-choferes-analis-8e59.html;"oferta laboral individual completa"
5344022234621284212;A;CONSERVAR;CONSERVADO;0;"MUNICIPALIDAD DE URUBAMBA: MUNICIPALIDAD DE URUBAMBA: solicita Especialista";https://empleosperuhoy.blogspot.com/2026/10/municipalidad-de-urubamba-municipalidad.html;"oferta laboral individual completa"
5345758629114315207;A;CONSERVAR;CONSERVADO;0;"SENCICO: ESPECIALISTA EN MARKETING Y GESTIÓN COMERCIAL";https://empleosperuhoy.blogspot.com/2026/10/oportunidad-laboral-cas-0016-especialista-marketing-gestion-comercial-.html;"oferta laboral individual completa"
5361616743877467557;A;CONSERVAR;CONSERVADO;0;"HOSPITAL VILLA EL SALVADOR: Enfermero/a Especialista en Emergencias";https://empleosperuhoy.blogspot.com/2026/10/hospital-villa-el-salvador-enfermeroa_7.html;"oferta laboral individual completa"
5362407463733509203;A;CONSERVAR;CONSERVADO;0;"PAE - PROGRAMA DE ALIMENTACIÓN ESCOLAR: ESPECIALISTA EN PROGRAMACIÓN DE COSTOS";https://empleosperuhoy.blogspot.com/2026/10/pae-programa-de-alimentacion-escolar_833.html;"oferta laboral individual completa"
5370220071700987549;A;CONSERVAR;CONSERVADO;0;"SERFOR: ESPECIALISTA FORESTAL";https://empleosperuhoy.blogspot.com/2026/10/serfor-especialista-forestal_4.html;"oferta laboral individual completa"
5373286204151763028;A;CONSERVAR;CONSERVADO;0;"RED DE SALUD VIRÚ: Especialista Administrativo (Oficina de Administración)";https://empleosperuhoy.blogspot.com/2026/10/oportunidad-laboral-cas-003-2026-especialista-administrativo-oficina-a.html;"oferta laboral individual completa"
5373988623740402208;A;CONSERVAR;CONSERVADO;0;"RED DE SALUD CAJABAMBA: RED DE SALUD CAJABAMBA: (10) Médicos, enfermeras, psicólogo y otros";https://empleosperuhoy.blogspot.com/2026/10/red-de-salud-cajabamba-red-de-salud_3.html;"oferta laboral individual completa"
5374843571442198504;A;CONSERVAR;CONSERVADO;0;"HOSPITAL HIPOLITO UNANUE: Enfermera/o";https://empleosperuhoy.blogspot.com/2026/10/oportunidad-laboral-cas-003-2026-enfermera-hospital-hipolito-una-baf1.html;"oferta laboral individual completa"
5376236035920626802;A;CONSERVAR;CONSERVADO;0;"GOBIERNO REGIONAL DE TACNA: GOBIERNO REGIONAL DE TACNA: solicita Técnico/a";https://empleosperuhoy.blogspot.com/2026/10/oferta-de-empleo-gobierno-regional-tacna-solicita-tecnico-convoc-3fe6.html;"oferta laboral individual completa"
5379313415564332198;A;CONSERVAR;CONSERVADO;0;"INGEMMET: N° 048-2026: Practicante para la Unidad de Logística";https://empleosperuhoy.blogspot.com/2026/10/oportunidad-laboral-practicas-ingemmet-archivistica-historia-administr.html;"oferta laboral individual completa"
5386255804782150098;A;CONSERVAR;CONSERVADO;0;"PODER JUDICIAL: CAS N° 027 - CÓDIGO 01128: ESPECIALISTA JUDICIAL DE JUZGADO";https://empleosperuhoy.blogspot.com/2026/10/oportunidad-laboral-cas-027-codigo-especialista-judicial-juzgado-poder.html;"oferta laboral individual completa"
5386568682456537462;A;CONSERVAR;CONSERVADO;0;"HOSPITAL VILLA EL SALVADOR: Técnico en Enfermería";https://empleosperuhoy.blogspot.com/2026/10/oportunidad-laboral-cas-006-2026-tecnico-enfermeria-hospital-vil-7294.html;"oferta laboral individual completa"
5386769504359720644;A;CONSERVAR;CONSERVADO;0;"EJÉRCITO DEL PERÚ: ESPECIALISTA EN FINANZAS";https://empleosperuhoy.blogspot.com/2026/10/ejercito-del-peru-especialista-en_1.html;"oferta laboral individual completa"
5389632007447413284;A;CONSERVAR;CONSERVADO;0;"PROGRAMA SUBSECTORIAL IRRIGACIONES(PSI): PROGRAMA SUBSECTORIAL IRRIGACIONES(PSI): (6) Especialistas, Analista y otros cargos";https://empleosperuhoy.blogspot.com/2026/10/programa-subsectorial-irrigacionespsi_8.html;"oferta laboral individual completa"
5389678791632386648;A;CONSERVAR;CONSERVADO;0;"INEI: AUXILIAR DE SALUD DE LOCAL DE EVALUACIÓN - HUÁNUCO";https://empleosperuhoy.blogspot.com/2026/10/oportunidad-laboral-auxiliar-salud-local-evaluacion-huanuco-inei-62778.html;"oferta laboral individual completa"
5406215530228081983;A;CONSERVAR;CONSERVADO;0;"HOSPITAL JULIO CESAR DEMARINI CARO: Médico Especialista Neumología (005-PCAS04/2026)";https://empleosperuhoy.blogspot.com/2026/10/hospital-julio-cesar-demarini-caro_05.html;"oferta laboral individual completa"
5406730943458328293;A;CONSERVAR;CONSERVADO;0;"MINISTERIO DE TRANSPORTES (MTC): ESPECIALISTA LEGAL EN PROCESOS ARBITRALES";https://empleosperuhoy.blogspot.com/2026/10/oportunidad-laboral-cas-012-especialista-legal-procesos-arbitrales-min.html;"oferta laboral individual completa"
5410895438083047320;A;CONSERVAR;CONSERVADO;0;"INDECOPI: N° 059-2026: Practicante para la Dirección de Signos Distintivos";https://empleosperuhoy.blogspot.com/2026/10/indecopi-n-059-2026-practicante-para-la_8.html;"oferta laboral individual completa"
5411103010480642560;A;CONSERVAR;CONSERVADO;0;"MINISTERIO DE VIVIENDA: Especialista Legal en Saneamiento";https://empleosperuhoy.blogspot.com/2026/10/oportunidad-laboral-cas-080-especialista-legal-saneamiento-ministerio-.html;"oferta laboral individual completa"
5417432125329287011;A;CONSERVAR;CONSERVADO;0;"PAE - PROGRAMA DE ALIMENTACIÓN ESCOLAR: SECRETARIO(A)";https://empleosperuhoy.blogspot.com/2026/10/pae-programa-de-alimentacion-escolar_42.html;"oferta laboral individual completa"
5418292951353384663;A;CONSERVAR;CONSERVADO;0;"MUNICIPALIDAD DE MAZAMARI: CAS N° 004 - ITEM N° 04: ANALISTA TECNICO EN LIQUIDACIONES";https://empleosperuhoy.blogspot.com/2026/10/oportunidad-laboral-cas-004-item-analista-tecnico-liquidaciones-bb39.html;"oferta laboral individual completa"
5432654967524229782;A;CONSERVAR;CONSERVADO;0;"EJÉRCITO DEL PERÚ: TÉCNICO EN CONTABILIDAD";https://empleosperuhoy.blogspot.com/2026/10/oportunidad-laboral-tecnico-contabilidad-ejercito-del-peru-arequipa-62.html;"oferta laboral individual completa"
5435884669625279303;A;CONSERVAR;CONSERVADO;0;"DIRECCIÓN DE AGRICULTURA HUÁNUCO: PSICOLOGO - CODIGO AIRHSP:000638";https://empleosperuhoy.blogspot.com/2026/10/oportunidad-laboral-cas-004-2026-psicologo-codigo-airhsp-direccion-agr.html;"oferta laboral individual completa"
5444217982698184218;A;CONSERVAR;CONSERVADO;0;"GOBIERNO REGIONAL DE TACNA: 276 N° 010: TÉCNICO/A EN EVALUACIÓN INDUSTRIAL I";https://empleosperuhoy.blogspot.com/2026/10/gobierno-regional-de-tacna-276-n-010_1.html;"oferta laboral individual completa"
5446779626783195193;A;CONSERVAR;CONSERVADO;0;"PRONABEC: ESPECIALISTA I EN GESTIÓN DEL SEGUIMIENTO Y EVALUACIÓN";https://empleosperuhoy.blogspot.com/2026/10/pronabec-especialista-i-en-gestion-del_4.html;"oferta laboral individual completa"
5450386999273234364;A;CONSERVAR;CONSERVADO;0;"INEI: OPERADOR DE MANTENIMIENTO DE LOCAL DE EVALUACIÓN - LA LIBERTAD";https://empleosperuhoy.blogspot.com/2026/10/inei-operador-de-mantenimiento-de-local_33.html;"oferta laboral individual completa"
5451214784575991916;A;CONSERVAR;CONSERVADO;0;"EJÉRCITO DEL PERÚ: MAYORDOMO";https://empleosperuhoy.blogspot.com/2026/10/ejercito-del-peru-mayordomo_0.html;"oferta laboral individual completa"
5452126199478112024;A;CONSERVAR;CONSERVADO;0;"Personal De Limpieza Y Mantenimiento";https://empleosperuhoy.blogspot.com/2026/10/personal-de-limpieza-y-mantenimiento.html;"oferta laboral individual completa"
5452455149108815838;A;CONSERVAR;CONSERVADO;0;"RED DE SALUD CHANCHAMAYO: Digitador/a";https://empleosperuhoy.blogspot.com/2026/10/oportunidad-laboral-cas-004-2026-digitador-red-salud-chanchamayo-ac78.html;"oferta laboral individual completa"
5454965999724423006;A;CONSERVAR;CONSERVADO;0;"PODER JUDICIAL: N° 02 - CÓDIGO 00309-5: SECRETARIO JUDICIAL";https://empleosperuhoy.blogspot.com/2026/10/poder-judicial-n-02-codigo-00309-5_2.html;"oferta laboral individual completa"
5456850917005016171;A;CONSERVAR;CONSERVADO;0;"HOSPITAL SICUANI: CAS N° 003 - ITEM 10: QUÍMICO FARMACEUTICO";https://empleosperuhoy.blogspot.com/2026/10/oportunidad-laboral-cas-003-item-quimico-farmaceutico-hospital-sicuani.html;"oferta laboral individual completa"
5457315010777306262;A;CONSERVAR;CONSERVADO;0;"SENCICO: SENCICO: (9) Especialistas, Coordinadores y Analista";https://empleosperuhoy.blogspot.com/2026/10/sencico-sencico-9-especialistas_0.html;"oferta laboral individual completa"
5459556801954081110;A;CONSERVAR;CONSERVADO;0;"MINISTERIO PÚBLICO - FISCALÍA: N° 044 - CÓDIGO AUXA-02: AUXILIAR ADMINISTRATIVO";https://empleosperuhoy.blogspot.com/2026/10/oportunidad-laboral-044-codigo-auxa-auxiliar-administrativo-mini-2bba.html;"oferta laboral individual completa"
5468478614623775728;A;CONSERVAR;CONSERVADO;0;"PROGRAMA SANEAMIENTO URBANO: ESPECIALISTA I EN ADMINISTRACIÓN DE CONTRATOS";https://empleosperuhoy.blogspot.com/2026/10/oportunidad-laboral-cas-038-especialista-administracion-contratos-prog.html;"oferta laboral individual completa"
5472317311441647925;A;CONSERVAR;CONSERVADO;0;"UGEL HUÁNUCO: CAS N° 014 - CÓDIGO AIRHPS 001987: ASISTENTE ADMINISTRATIVO - PATRIMONIO";https://empleosperuhoy.blogspot.com/2026/10/oportunidad-laboral-cas-014-codigo-airhps-asistente-administrati-b9a3.html;"oferta laboral individual completa"
5481850763803929072;A;CONSERVAR;CONSERVADO;0;"UNIVERSIDAD DE CAÑETE(UNDC): CAS N° 003- N° Plaza 059: ESPECIALISTA";https://empleosperuhoy.blogspot.com/2026/10/universidad-de-caneteundc-cas-n-003-n_37.html;"oferta laboral individual completa"
5481892918042828140;A;CONSERVAR;CONSERVADO;0;"MINISTERIO DE ENERGÍA Y MINAS (MINEM): ESPECIALISTA I DE PLANIFICACIÓN DE POLÍTICAS, ORGANIZACIÓN Y DISTRIBUCIÓN DEL TRABAJO";https://empleosperuhoy.blogspot.com/2026/10/oportunidad-laboral-cas-083-especialista-planificacion-politicas-organ.html;"oferta laboral individual completa"
5484106565924870260;A;CONSERVAR;CONSERVADO;0;"ESCUELA DE ARTE DRAMATICO: ESCUELA DE ARTE DRAMATICO: Solicita Analista de Términos de Referencia y Especificaciones Técnicas";https://empleosperuhoy.blogspot.com/2026/10/escuela-de-arte-dramatico-escuela-de.html;"oferta laboral individual completa"
5487629737137304291;A;CONSERVAR;CONSERVADO;0;"HOSPITAL GENERAL DE JAÉN: ENFERMERA ESPECIALISTA EN EMERGENCIA Y DESASTRES - CUIDADOS CRÍTICOS";https://empleosperuhoy.blogspot.com/2026/10/oportunidad-laboral-cas-002-enfermera-especialista-desastres-cuidados-.html;"oferta laboral individual completa"
5487712408161720576;A;CONSERVAR;CONSERVADO;0;"FONCODES: ASISTENTE ADMINISTRATIVO";https://empleosperuhoy.blogspot.com/2026/10/foncodes-asistente-administrativo_2.html;"oferta laboral individual completa"
5488003746608070829;A;CONSERVAR;CONSERVADO;0;"HOSPITAL JULIO CESAR DEMARINI CARO: Especialista en Logística (025-PCAS04/2026)";https://empleosperuhoy.blogspot.com/2026/10/oportunidad-laboral-cas-004-2026-especialista-logistica-025-pcas04-hos.html;"oferta laboral individual completa"
5501382335970698063;A;CONSERVAR;CONSERVADO;0;"RED DE SALUD VIRÚ: MÉDICO PATÓLOGO CLÍNICO";https://empleosperuhoy.blogspot.com/2026/10/oportunidad-laboral-cas-004-2026-medico-patologo-clinico-red-salud-vir.html;"oferta laboral individual completa"
5502558856104090503;A;CONSERVAR;CONSERVADO;0;"DIRECCION DE EDUCACION(DRE) CALLAO: N° 001-2026: Practicante para el Equipo de Planillas";https://empleosperuhoy.blogspot.com/2026/10/oportunidad-laboral-practicas-direccion-educacion-dre-callao-adm-6330.html;"oferta laboral individual completa"
5507922942367268447;A;CONSERVAR;CONSERVADO;0;"MINISTERIO PÚBLICO - FISCALÍA: CAS N° 140 - CÓDIGO AADC-01: ASISTENTE ADMINISTRATIVO(CONDUCTOR)";https://empleosperuhoy.blogspot.com/2026/10/ministerio-publico-fiscalia-cas-n-140_7.html;"oferta laboral individual completa"
5508435768275177477;A;CONSERVAR;CONSERVADO;0;"MINISTERIO DE LA MUJER (MIMP): 26 practicantes";https://empleosperuhoy.blogspot.com/2026/10/ministerio-de-la-mujer-mimp-26_7.html;"oferta laboral individual completa"
5509737065803070096;A;CONSERVAR;CONSERVADO;0;"UNCAR - UNIVERSIDAD DE CARABAYA: Jefe de la Unidad Ejecutora de Inversiones";https://empleosperuhoy.blogspot.com/2026/10/oportunidad-laboral-cas-011-jefe-unidad-ejecutora-inversiones-uncar-un.html;"oferta laboral individual completa"
5510719732414688910;A;CONSERVAR;CONSERVADO;0;"SUTRAN: JEFE/A DE UD MOQUEGUA";https://empleosperuhoy.blogspot.com/2026/10/oportunidad-laboral-cas-239-jefe-moquegua-sutran-631670.html;"oferta laboral individual completa"
5512154352495935803;A;CONSERVAR;CONSERVADO;0;"INEI: OPERADOR DE MANTENIMIENTO DE LOCAL DE EVALUACIÓN - SAN MARTÍN";https://empleosperuhoy.blogspot.com/2026/10/inei-operador-de-mantenimiento-de-local_651.html;"oferta laboral individual completa"
5513238411358357095;A;CONSERVAR;CONSERVADO;0;"MUNICIPALIDAD DE YAULI - HUANCAVELICA: MUNICIPALIDAD DE YAULI - HUANCAVELICA: (13) Secretaria, Asistente administrativo, Auxiliar y otros";https://empleosperuhoy.blogspot.com/2026/10/municipalidad-de-yauli-huancavelica_6.html;"oferta laboral individual completa"
5514841702874786361;A;CONSERVAR;CONSERVADO;0;"PROGRAMA SANEAMIENTO URBANO: PROFESIONAL SENIOR I DE PROCEDIMIENTO ADMINISTRATIVO DISCIPLINARIO";https://empleosperuhoy.blogspot.com/2026/10/oportunidad-laboral-cas-035-profesional-senior-procedimiento-administr.html;"oferta laboral individual completa"
5518266489655569114;A;CONSERVAR;CONSERVADO;0;"UNIVERSIDAD DE BAGUA: CAS N° 005 - ITEM N° 20: PROFESIONAL IV - UNIDAD DE ABASTECIMIENTO";https://empleosperuhoy.blogspot.com/2026/10/universidad-de-bagua-cas-n-005-item-n_65.html;"oferta laboral individual completa"
5522309283081548265;A;CONSERVAR;CONSERVADO;0;"RED DE SALUD JAUJA: 276 N° 002: ASISTENTE ADMINISTRATIVO II";https://empleosperuhoy.blogspot.com/2026/10/red-de-salud-jauja-276-n-002-asistente_7.html;"oferta laboral individual completa"
5522605137255882436;A;CONSERVAR;CONSERVADO;0;"INEI: OPERADOR DE MANTENIMIENTO DE LOCAL DE EVALUACIÓN - PIURA";https://empleosperuhoy.blogspot.com/2026/10/inei-operador-de-mantenimiento-de-local_273.html;"oferta laboral individual completa"
5524506327322390640;A;CONSERVAR;CONSERVADO;0;"DIRESA CALLAO: Trabajador de Servicios Generales - Mantenimiento";https://empleosperuhoy.blogspot.com/2026/10/oportunidad-laboral-cas-060-2026-trabajador-servicios-generales-manten.html;"oferta laboral individual completa"
5528804465405955733;A;CONSERVAR;CONSERVADO;0;"UNIVERSIDAD MICAELA BASTIDAS: INGENIERO CIVIL";https://empleosperuhoy.blogspot.com/2026/10/oportunidad-laboral-cas-006-ingeniero-civil-universidad-micaela-bastid.html;"oferta laboral individual completa"
5529092926124801532;A;CONSERVAR;CONSERVADO;0;"PROMPERÚ: 6 especialistas";https://empleosperuhoy.blogspot.com/2026/10/oferta-de-empleo-promperu-busca-especialistas-convocatoria-octub-dabd.html;"oferta laboral individual completa"
5532365355168717126;A;CONSERVAR;CONSERVADO;0;"MUNICIPALIDAD DE CACHIMAYO: MUNICIPALIDAD DE CACHIMAYO: (6) Asistente Técnico, Asistentes administrativos, Responsable de archivo";https://empleosperuhoy.blogspot.com/2026/10/oferta-de-empleo-municipalidad-cachimayo-asistente-tecnico-asist-b2b4.html;"oferta laboral individual completa"
5532384982655091449;A;CONSERVAR;CONSERVADO;0;"EJÉRCITO DEL PERÚ: MECÁNICO";https://empleosperuhoy.blogspot.com/2026/10/oportunidad-laboral-mecanico-ejercito-del-peru-piura-627336.html;"oferta laboral individual completa"
5534036946390312747;A;CONSERVAR;CONSERVADO;0;"INSTITUTO DE REHABILITACIÓN(INR): TECNICO/A EN BIOMECÁNICA";https://empleosperuhoy.blogspot.com/2026/10/oportunidad-laboral-cas-002-instituto-rehabilitacion-inr-lima-633402.html;"oferta laboral individual completa"
5534403405959551104;A;CONSERVAR;CONSERVADO;0;"RED DE SALUD CONCHUCOS NORTE - POMABAMBA: CAS N° 003 - CODIGO N° 000380: QUIMICO FARMACEUTICO I";https://empleosperuhoy.blogspot.com/2026/10/red-de-salud-conchucos-norte-pomabamba_0568452632.html;"oferta laboral individual completa"
553692137222890333;A;CONSERVAR;CONSERVADO;0;"SUTRAN: 5 practicantes";https://empleosperuhoy.blogspot.com/2026/10/sutran-5-practicantes_3.html;"oferta laboral individual completa"
5538142707190328753;A;CONSERVAR;CONSERVADO;0;"DIRECCION DE EDUCACION(DRE) ANCASH: DIRECCION DE EDUCACION(DRE) ANCASH: Solicita Abogados, Especialista y Contador";https://empleosperuhoy.blogspot.com/2026/10/direccion-de-educaciondre-ancash_9.html;"oferta laboral individual completa"
5543179214054386809;A;CONSERVAR;CONSERVADO;0;"SUTRAN: N° 014-2026: Practicante para la Gerencia de Prevención";https://empleosperuhoy.blogspot.com/2026/10/oportunidad-laboral-practicas-sutran-economia-octubre-2026-633443.html;"oferta laboral individual completa"
5544513040219710119;A;CONSERVAR;CONSERVADO;0;"MINISTERIO DE CULTURA: Nº 017-2026: Practicante para la Oficina General de Recursos Humanos";https://empleosperuhoy.blogspot.com/2026/10/ministerio-de-cultura-n-017-2026_8.html;"oferta laboral individual completa"
5550391611607101228;A;CONSERVAR;CONSERVADO;0;"UGEL HUÁNUCO: CAS N° 015 - CÓDIGO AIRHPS 001692: ESPECIALISTA ADMINISTRATIVO - ABASTECIMIENTO";https://empleosperuhoy.blogspot.com/2026/10/oportunidad-laboral-cas-015-codigo-airhps-especialista-administr-5add.html;"oferta laboral individual completa"
5554949646198419782;A;CONSERVAR;CONSERVADO;0;"INVERMET: ANALISTAS EN CONTRATOS MENORES";https://empleosperuhoy.blogspot.com/2026/10/oportunidad-laboral-cas-053-analistas-contratos-menores-invermet-lima-.html;"oferta laboral individual completa"
5561090631355307067;A;CONSERVAR;CONSERVADO;0;"MINISTERIO PÚBLICO - FISCALÍA: CAS N° 122 - CÓDIGO AAD-01: ASISTENTE ADMINISTRATIVO";https://empleosperuhoy.blogspot.com/2026/10/oportunidad-laboral-cas-122-codigo-aad-asistente-administrativo-minist.html;"oferta laboral individual completa"
5565339500455392966;A;CONSERVAR;CONSERVADO;0;"FONCODES: ESPECIALISTA EN ALIMENTOS Y NUTRICION";https://empleosperuhoy.blogspot.com/2026/10/oportunidad-laboral-cas-029-especialista-alimentos-nutricion-foncodes-.html;"oferta laboral individual completa"
5571155687457469365;A;CONSERVAR;CONSERVADO;0;"MINISTERIO DE ENERGÍA Y MINAS (MINEM): ESPECIALISTA I - EN PRODUCCIÓN DEL HIDRÓGENO VERDE";https://empleosperuhoy.blogspot.com/2026/10/oportunidad-laboral-cas-054-especialista-produccion-del-hidrogeno-verd.html;"oferta laboral individual completa"
5571834860874877674;A;CONSERVAR;CONSERVADO;0;"COPESCO CUSCO: DL 728 N° 034: ESPECIALISTA EN EXPLANACIONES I - LANGUI, LAYO Y KUNTURKANKI - SUPERVISIÓN";https://empleosperuhoy.blogspot.com/2026/10/copesco-cusco-dl-728-n-034-especialista_1.html;"oferta laboral individual completa"
5573350108349685280;A;CONSERVAR;CONSERVADO;0;"PROMPERÚ: Especialista en producción de eventos";https://empleosperuhoy.blogspot.com/2026/10/oferta-de-empleo-promperu-busca-especialista-produccion-eventos-0741.html;"oferta laboral individual completa"
5574010859881714571;A;CONSERVAR;CONSERVADO;0;"UNIVERSIDAD AGRARIA LA MOLINA: UNIVERSIDAD AGRARIA LA MOLINA: (17) Especialista, Secretarias, Técnicos y otros cargos";https://empleosperuhoy.blogspot.com/2026/10/oferta-de-empleo-universidad-agraria-molina-especialista-secreta-6d5a.html;"oferta laboral individual completa"
5574112124885104383;A;CONSERVAR;CONSERVADO;0;"DIRESA CAJAMARCA: PSICOLOGO";https://empleosperuhoy.blogspot.com/2026/10/diresa-cajamarca-psicologo_8.html;"oferta laboral individual completa"
5574924851003918994;A;CONSERVAR;CONSERVADO;0;"RED DE SALUD VIRÚ: Trabajador de Servicios";https://empleosperuhoy.blogspot.com/2026/10/red-de-salud-viru-trabajador-de_8.html;"oferta laboral individual completa"
5576283311868238554;A;CONSERVAR;CONSERVADO;0;"HOSPITAL GENERAL DE JAÉN: CAS N° 002 - Código AIRHSP 003582 y 003583: QUÍMICO FARMACÉUTICO";https://empleosperuhoy.blogspot.com/2026/10/oportunidad-laboral-cas-002-codigo-airhsp-quimico-farmaceutico-hospita.html;"oferta laboral individual completa"
5577693091287400574;A;CONSERVAR;CONSERVADO;0;"Ingeniero Mecanico - Especialista En Software Arena";https://empleosperuhoy.blogspot.com/2026/10/ingeniero-mecanico-especialista-en.html;"oferta laboral individual completa"
5583911615915848388;A;CONSERVAR;CONSERVADO;0;"MUNICIPALIDAD SURQUILLO: OPERARIO DE MANTENIMIENTO Y LIMPIEZA DE LOCALES MUNICIPALES";https://empleosperuhoy.blogspot.com/2026/10/oportunidad-laboral-cas-129-operario-mantenimiento-limpieza-locales-mu.html;"oferta laboral individual completa"
5584043184676808961;A;CONSERVAR;CONSERVADO;0;"UNIVERSIDAD DE BAGUA: CAS N° 005 - ITEM N° 36: PROFESIONAL II - DIRECCION DE BIENESTAR UNIVERSITARIO-TRABAJADOR SOCIAL";https://empleosperuhoy.blogspot.com/2026/10/oportunidad-laboral-cas-005-item-profesional-direccion-bienestar-4f6d.html;"oferta laboral individual completa"
5587363170803705123;A;CONSERVAR;CONSERVADO;0;"HOSPITAL DE HUACHO: 276 N° 001-2026: Médico – Oftalmología";https://empleosperuhoy.blogspot.com/2026/10/oportunidad-laboral-276-001-2026-medico-oftalmologia-hospital-huacho-l.html;"oferta laboral individual completa"
5588134755873170075;A;CONSERVAR;CONSERVADO;0;"MINISTERIO DE CULTURA: Nº 016-2026: Practicante para la Dirección General de Museos";https://empleosperuhoy.blogspot.com/2026/10/ministerio-de-cultura-n-016-2026_7.html;"oferta laboral individual completa"
5588913664716060456;A;CONSERVAR;CONSERVADO;0;"HOSPITAL JULIO CESAR DEMARINI CARO: Médico Especialista Infectólogo (006-PCAS04/2026)";https://empleosperuhoy.blogspot.com/2026/10/oportunidad-laboral-cas-004-2026-medico-especialista-infectologo-006-p.html;"oferta laboral individual completa"
5592159391847723574;A;CONSERVAR;CONSERVADO;0;"UNIVERSIDAD DE CAÑETE(UNDC): CAS N° 003- N° Plaza 040: ASISTENTE DE SOPORTE INFORMÁTICO";https://empleosperuhoy.blogspot.com/2026/10/universidad-de-caneteundc-cas-n-003-n_70.html;"oferta laboral individual completa"
5606555556360434492;A;CONSERVAR;CONSERVADO;0;"INIA: ESPECIALISTA EN CONTRATACIONES";https://empleosperuhoy.blogspot.com/2026/10/inia-especialista-en-contrataciones_0.html;"oferta laboral individual completa"
5606793333985632838;A;CONSERVAR;CONSERVADO;0;"INVERMET: CHOFERES I";https://empleosperuhoy.blogspot.com/2026/10/oportunidad-laboral-cas-058-choferes-invermet-lima-633268.html;"oferta laboral individual completa"
560778743118797788;A;CONSERVAR;CONSERVADO;0;"Carpintero Metalico-Miscelaneos";https://empleosperuhoy.blogspot.com/2026/10/carpintero-metalico-miscelaneos.html;"oferta laboral individual completa"
5610183645964913180;A;CONSERVAR;CONSERVADO;0;"HOSPITAL REGIONAL DE MOQUEGUA: CAS N° 003 - ITEM 02: MÉDICO TRAUMATÓLOGO - DEPARTAMENTO DE CIRUGÍA";https://empleosperuhoy.blogspot.com/2026/10/oportunidad-laboral-cas-003-item-medico-traumatologo-departamento-ciru.html;"oferta laboral individual completa"
5612774626777245520;A;CONSERVAR;CONSERVADO;0;"INSTITUTO DE REHABILITACIÓN(INR): TECNICO EN FARMACIA I";https://empleosperuhoy.blogspot.com/2026/10/oportunidad-laboral-cas-002-instituto-rehabilitacion-inr-lima-633401.html;"oferta laboral individual completa"
5613185850008375422;A;CONSERVAR;CONSERVADO;0;"UGEL HUÁNUCO: CAS N° 014 - CÓDIGO AIRHPS 001331: SECRETARIA EJECUTIVA";https://empleosperuhoy.blogspot.com/2026/10/ugel-huanuco-cas-n-014-codigo-airhps_1.html;"oferta laboral individual completa"
5623293242204188336;A;CONSERVAR;CONSERVADO;0;"SENASA: Asistente en Sanidad Vegetal";https://empleosperuhoy.blogspot.com/2026/10/oportunidad-laboral-cas-068-asistente-sanidad-vegetal-senasa-lima-6323.html;"oferta laboral individual completa"
5627137897163913912;A;CONSERVAR;CONSERVADO;0;"UNIVERSIDAD DE CAÑETE(UNDC): CAS N° 003- N° Plaza 079: ANALISTA";https://empleosperuhoy.blogspot.com/2026/10/oportunidad-laboral-cas-003-plaza-079-analista-universidad-canete-undc.html;"oferta laboral individual completa"
5629269072847674191;A;CONSERVAR;CONSERVADO;0;"RED DE SALUD CHANCHAMAYO: Técnico/a en Farmacia";https://empleosperuhoy.blogspot.com/2026/10/oportunidad-laboral-cas-004-2026-tecnico-farmacia-red-salud-chanchamay.html;"oferta laboral individual completa"
5629464758626336919;A;CONSERVAR;CONSERVADO;0;"UNIVERSIDAD DE CAÑETE(UNDC): CAS N° 003- N° Plaza 095: ESPECIALISTA EN ENFERMERÍA";https://empleosperuhoy.blogspot.com/2026/10/oportunidad-laboral-cas-003-plaza-095-especialista-enfermeria-universi.html;"oferta laboral individual completa"
5630002535775173299;A;CONSERVAR;CONSERVADO;0;"PROGRAMA SANEAMIENTO URBANO: ESPECIALISTA EN PROYECTOS DE INVERSIÓN";https://empleosperuhoy.blogspot.com/2026/10/oportunidad-laboral-cas-046-especialista-proyectos-inversion-programa-.html;"oferta laboral individual completa"
5634720214115384170;A;CONSERVAR;CONSERVADO;0;"OEFA: N° 078-2026: Practicante para la Oficina Desconcentrada de Ayacucho";https://empleosperuhoy.blogspot.com/2026/10/oportunidad-laboral-practicas-oefa-derecho-biologia-ingenieria-ambient.html;"oferta laboral individual completa"
5637263031162960343;A;CONSERVAR;CONSERVADO;0;"SUNARP: N° 019-2026: Practicante para la Oficina Registral de Chocope";https://empleosperuhoy.blogspot.com/2026/10/oportunidad-laboral-practicas-sunarp-ingenieria-informatica-sist-05bd.html;"oferta laboral individual completa"
5644072461545145530;A;CONSERVAR;CONSERVADO;0;"UNIVERSIDAD DE HUANTA: Especialista legal";https://empleosperuhoy.blogspot.com/2026/10/oportunidad-laboral-cas-007-2026-especialista-legal-universidad-64f9.html;"oferta laboral individual completa"
5651736678277123330;A;CONSERVAR;CONSERVADO;0;"SIS: Analista de Monitoreo de Gestión de Medicamentos";https://empleosperuhoy.blogspot.com/2026/10/sis-analista-de-monitoreo-de-gestion-de_4.html;"oferta laboral individual completa"
565243497853864402;A;CONSERVAR;CONSERVADO;0;"UNIVERSIDAD DE CAÑETE(UNDC): CAS N° 003- N° Plaza 055: ASISTENTE ADMINISTRATIVO";https://empleosperuhoy.blogspot.com/2026/10/oportunidad-laboral-cas-003-plaza-055-asistente-administrativo-univers.html;"oferta laboral individual completa"
5653708144094102598;A;CONSERVAR;CONSERVADO;0;"HOSPITAL SAN JUAN BAUTISTA HUARAL: N° 002: AUXILIAR DE ENFERMERIA";https://empleosperuhoy.blogspot.com/2026/10/oportunidad-laboral-002-auxiliar-enfermeria-hospital-san-juan-bautista.html;"oferta laboral individual completa"
5658044831304498805;A;CONSERVAR;CONSERVADO;0;"GOBIERNO REGIONAL DE LAMBAYEQUE: ESPECIALISTA ADMINISTRATIVO";https://empleosperuhoy.blogspot.com/2026/10/oportunidad-laboral-cas-002-especialista-administrativo-gobierno-8967.html;"oferta laboral individual completa"
5663675779787342982;A;CONSERVAR;CONSERVADO;0;"INEI: AUXILIAR DE SALUD DE LOCAL DE EVALUACIÓN - APURÍMAC";https://empleosperuhoy.blogspot.com/2026/10/inei-auxiliar-de-salud-de-local-de_92.html;"oferta laboral individual completa"
566590154241393020;A;CONSERVAR;CONSERVADO;0;"PAE - PROGRAMA DE ALIMENTACIÓN ESCOLAR: PAE - PROGRAMA DE ALIMENTACIÓN ESCOLAR: (19) Monitores, supervisores, especialista y otros";https://empleosperuhoy.blogspot.com/2026/10/oferta-de-empleo-pae-programa-alimentacion-escolar-monitores-sup-2cb3.html;"oferta laboral individual completa"
5670639596619042198;A;CONSERVAR;CONSERVADO;0;"RED DE SALUD VIRÚ: MÉDICO GINECO-OBSTETRA";https://empleosperuhoy.blogspot.com/2026/10/oportunidad-laboral-cas-004-2026-medico-gineco-obstetra-red-salud-viru.html;"oferta laboral individual completa"
5674901414891266615;A;CONSERVAR;CONSERVADO;0;"RED DE SALUD VIRÚ: MÉDICO INTERNISTA";https://empleosperuhoy.blogspot.com/2026/10/red-de-salud-viru-medico-internista_3.html;"oferta laboral individual completa"
567492409851713642;A;CONSERVAR;CONSERVADO;0;"FONAFE: para Practicante de TIC";https://empleosperuhoy.blogspot.com/2026/10/fonafe-para-practicante-de-tic_3.html;"oferta laboral individual completa"
5676592939482777008;A;CONSERVAR;CONSERVADO;0;"EJÉRCITO DEL PERÚ: PROGRAMADOR DE SISTEMAS PAD";https://empleosperuhoy.blogspot.com/2026/10/oportunidad-laboral-programador-sistemas-pad-ejercito-del-peru-piura-6.html;"oferta laboral individual completa"
5680417188202642047;A;CONSERVAR;CONSERVADO;0;"CUNA MÁS: Coordinador para el Servicio de Cuidado Diurno";https://empleosperuhoy.blogspot.com/2026/10/cuna-mas-coordinador-para-el-servicio_14.html;"oferta laboral individual completa"
5680797862154104957;A;CONSERVAR;CONSERVADO;0;"HOSPITAL REGIONAL DE MOQUEGUA: CAS N° 003 - ITEM 05: MÉDICO GASTROENTERÓLOGO - DEPARTAMENTO DE MEDICINA";https://empleosperuhoy.blogspot.com/2026/10/oportunidad-laboral-cas-003-item-medico-gastroenterologo-departamento-.html;"oferta laboral individual completa"
5692681452662307139;A;CONSERVAR;CONSERVADO;0;"EJÉRCITO DEL PERÚ: TÉCNICO EN ABOGACÍA";https://empleosperuhoy.blogspot.com/2026/10/oportunidad-laboral-tecnico-abogacia-ejercito-del-peru-piura-627344.html;"oferta laboral individual completa"
5692909143165675732;A;CONSERVAR;CONSERVADO;0;"MINISTERIO PÚBLICO - FISCALÍA: CAS N° 135 - CÓDIGO AFF-10: ASISTENTE EN FUNCIÓN FISCAL";https://empleosperuhoy.blogspot.com/2026/10/ministerio-publico-fiscalia-cas-n-135_40.html;"oferta laboral individual completa"
5693097847964956930;A;CONSERVAR;CONSERVADO;0;"PROGRAMA JOVENES PRODUCTIVOS: PROGRAMA JOVENES PRODUCTIVOS: (6) Especialistas, Analista y Auxiliar";https://empleosperuhoy.blogspot.com/2026/10/oferta-de-empleo-programa-jovenes-productivos-especialistas-anal-6290.html;"oferta laboral individual completa"
5693436114782280508;A;CONSERVAR;CONSERVADO;0;"UGEL LEONCIO PRADO: Profesional en Psicología";https://empleosperuhoy.blogspot.com/2026/10/ugel-leoncio-prado-profesional-en.html;"oferta laboral individual completa"
5696481063016610856;A;CONSERVAR;CONSERVADO;0;"ZOFRATACNA: N° 022-2026: Practicante para la Gerencia General";https://empleosperuhoy.blogspot.com/2026/10/zofratacna-n-022-2026-practicante-para_0.html;"oferta laboral individual completa"
569685245456977446;A;CONSERVAR;CONSERVADO;0;"CAS N° 085: ASESOR/A LEGAL";https://empleosperuhoy.blogspot.com/2026/09/cas-n-085-asesora-legal.html;"oferta laboral individual completa"
569694451705383935;A;CONSERVAR;CONSERVADO;0;"UNIVERSIDAD DE FRONTERA DE SULLANA: ASISTENTE ADMINISTRATIVO";https://empleosperuhoy.blogspot.com/2026/10/oportunidad-laboral-cas-002-asistente-administrativo-universidad-front.html;"oferta laboral individual completa"
5705496191177818296;A;CONSERVAR;CONSERVADO;0;"MINISTERIO PÚBLICO - FISCALÍA: CAS N° 135 - CÓDIGO AFF-04: ASISTENTE EN FUNCIÓN FISCAL";https://empleosperuhoy.blogspot.com/2026/10/oportunidad-laboral-cas-135-codigo-aff-asistente-funcion-fiscal-2695.html;"oferta laboral individual completa"
5706529034938827070;A;CONSERVAR;CONSERVADO;0;"PROGRAMA JOVENES PRODUCTIVOS: MONITOR";https://empleosperuhoy.blogspot.com/2026/10/programa-jovenes-productivos-monitor_8.html;"oferta laboral individual completa"
5709350788647886530;A;CONSERVAR;CONSERVADO;0;"MINISTERIO DEL AMBIENTE (MINAM): ESPECIALISTA II EN GESTIÓN DE FINANCIAMIENTO";https://empleosperuhoy.blogspot.com/2026/10/oportunidad-laboral-cas-067-especialista-gestion-financiamiento-minist.html;"oferta laboral individual completa"
571590400809722471;A;CONSERVAR;CONSERVADO;0;"Comunicación asertiva";https://empleosperuhoy.blogspot.com/2026/09/comunicacion-asertiva.html;"oferta laboral individual completa"
5720139078815952552;A;CONSERVAR;CONSERVADO;0;"PODER JUDICIAL: CAS N° 114 - CÓDIGO 00156: ESPECIALISTA EN CONTRATACIONES DEL ESTADO";https://empleosperuhoy.blogspot.com/2026/10/poder-judicial-cas-n-114-codigo-00156_8.html;"oferta laboral individual completa"
5720648025684037736;A;CONSERVAR;CONSERVADO;0;"DIRECCIÓN DE AGRICULTURA HUÁNUCO: TECNICO ADMINISTRATIVO - CODIGO AIRHSP:000655";https://empleosperuhoy.blogspot.com/2026/10/oportunidad-laboral-cas-004-2026-tecnico-administrativo-codigo-a-8da5.html;"oferta laboral individual completa"
5724459886563153062;A;CONSERVAR;CONSERVADO;0;"SUCAMEC: ANALISTA LEGAL";https://empleosperuhoy.blogspot.com/2026/10/oportunidad-laboral-cas-089-analista-legal-sucamec-lima-633601.html;"oferta laboral individual completa"
5729147696082695504;A;CONSERVAR;CONSERVADO;0;"DEFENSORIA DEL PUEBLO: DEFENSORIA DEL PUEBLO: (6) Analistas, Abogado, Coordinador, Asistente y Especialista";https://empleosperuhoy.blogspot.com/2026/10/defensoria-del-pueblo-defensoria-del_3.html;"oferta laboral individual completa"
5731041548674746531;A;CONSERVAR;CONSERVADO;0;"DIRECCIÓN DE AGRICULTURA HUÁNUCO: AUXILIAR ADMINISTRATIVO - CODIGO AIRHSP 000660";https://empleosperuhoy.blogspot.com/2026/10/oportunidad-laboral-cas-004-2026-auxiliar-administrativo-codigo-6ab5.html;"oferta laboral individual completa"
5731139767648707143;A;CONSERVAR;CONSERVADO;0;"SIS: DIRECTOR DE UDR";https://empleosperuhoy.blogspot.com/2026/10/oportunidad-laboral-cas-147-director-udr-sis-junin-632860.html;"oferta laboral individual completa"
5736382603506551543;A;CONSERVAR;CONSERVADO;0;"PODER JUDICIAL: N° 001 - CÓDIGO 00340-1-2-3-4: ASISTENTE JUDICIAL";https://empleosperuhoy.blogspot.com/2026/10/poder-judicial-n-001-codigo-00340-1-2-3_4.html;"oferta laboral individual completa"
5738888619899935006;A;CONSERVAR;CONSERVADO;0;"UGEL ANGARAES: COORDINADOR (A) DE INNOVACIÓN Y SOPORTE TECNOLÓGICO";https://empleosperuhoy.blogspot.com/2026/10/ugel-angaraes-coordinador-de-innovacion.html;"oferta laboral individual completa"
5739579078304868357;A;CONSERVAR;CONSERVADO;0;"RED DE SALUD JAUJA: 276 N° 002: TECNICO ADMINISTRATIVO III";https://empleosperuhoy.blogspot.com/2026/10/red-de-salud-jauja-276-n-002-tecnico_5.html;"oferta laboral individual completa"
5746361367526417884;A;CONSERVAR;CONSERVADO;0;"UNIVERSIDAD DE HUANTA: Auxiliar Electricista";https://empleosperuhoy.blogspot.com/2026/10/universidad-de-huanta-auxiliar_6.html;"oferta laboral individual completa"
5747605370447275063;A;CONSERVAR;CONSERVADO;0;"HOSPITAL JULIO CESAR DEMARINI CARO: Trabajador de Servicios Generales (020-PCAS04/2026)";https://empleosperuhoy.blogspot.com/2026/10/oportunidad-laboral-cas-004-2026-trabajador-servicios-generales-020-pc.html;"oferta laboral individual completa"
5750944855187845438;A;CONSERVAR;CONSERVADO;0;"INIA: ESPECIALISTA INVESTIGADOR EN CONSERVACIÓN DE RECURSOS FITOGENÉTICOS";https://empleosperuhoy.blogspot.com/2026/10/oportunidad-laboral-cas-088-especialista-investigador-conservacion-rec.html;"oferta laboral individual completa"
5753828273037827017;A;CONSERVAR;CONSERVADO;0;"MINISTERIO DE ENERGÍA Y MINAS (MINEM): ESPECIALISTA III EN CIBERSEGURIDAD";https://empleosperuhoy.blogspot.com/2026/10/oportunidad-laboral-cas-076-especialista-iii-ciberseguridad-ministerio.html;"oferta laboral individual completa"
5757462518914467480;A;CONSERVAR;CONSERVADO;0;"MINISTERIO DE CULTURA: ASISTENTE DE MUSEO";https://empleosperuhoy.blogspot.com/2026/10/ministerio-de-cultura-asistente-de-museo_0.html;"oferta laboral individual completa"
5758474614528726984;A;CONSERVAR;CONSERVADO;0;"HOSPITAL GENERAL DE JAÉN: CAS N° 002 - Código AIRHSP 003542: MÉDICO ESPECIALISTA EN ENDOCRINOLOGÍA";https://empleosperuhoy.blogspot.com/2026/10/hospital-general-de-jaen-cas-n-002_62.html;"oferta laboral individual completa"
5760980580962693165;A;CONSERVAR;CONSERVADO;0;"RED DE SALUD CHANCHAMAYO: Asistente Administrativo - Unidad de Imagen Institucional";https://empleosperuhoy.blogspot.com/2026/10/oportunidad-laboral-cas-004-2026-asistente-administrativo-unidad-image.html;"oferta laboral individual completa"
5763841543036016224;A;CONSERVAR;CONSERVADO;0;"CAS N° 003 - ITEM 22: TÉCNICO EN ENFERMERÍA - DEPARTAMENTO DE CONSULTA EXTERNA";https://empleosperuhoy.blogspot.com/2026/09/cas-n-003-item-22-tecnico-en-enfermeria.html;"oferta laboral individual completa"
5777632192848814453;A;CONSERVAR;CONSERVADO;0;"HOSPITAL SAN JUAN DE DIOS DE PISCO: HOSPITAL SAN JUAN DE DIOS DE PISCO: (7) Médico, Psicólogo, Enfermera y otros cargos";https://empleosperuhoy.blogspot.com/2026/10/hospital-san-juan-de-dios-de-pisco_3.html;"oferta laboral individual completa"
5780677027745975340;A;CONSERVAR;CONSERVADO;0;"UGEL TACNA: 276 N° 021: TRABAJADOR DE SERVICIO III";https://empleosperuhoy.blogspot.com/2026/10/oportunidad-laboral-276-021-trabajador-servicio-iii-ugel-tacna-633372.html;"oferta laboral individual completa"
5781351526523934943;A;CONSERVAR;CONSERVADO;0;"SENAMHI: 7 Operadores de observación meteorológica y chofer";https://empleosperuhoy.blogspot.com/2026/10/oferta-de-empleo-senamhi-solicita-operadores-observacion-meteoro-567d.html;"oferta laboral individual completa"
5783141738102588903;A;CONSERVAR;CONSERVADO;0;"Redactor De Tesis Phd Derecho - Remoto Todo El País";https://empleosperuhoy.blogspot.com/2026/10/redactor-de-tesis-phd-derecho-remoto.html;"oferta laboral individual completa"
5786293950798810294;A;CONSERVAR;CONSERVADO;0;"EJÉRCITO DEL PERÚ: PERIODISTA";https://empleosperuhoy.blogspot.com/2026/10/oportunidad-laboral-periodista-ejercito-del-peru-lima-627366.html;"oferta laboral individual completa"
5788667364622880483;A;CONSERVAR;CONSERVADO;0;"HOSPITAL SICUANI: CAS N° 003 - ITEM 03: TÉCNICO ADMINISTRATIVO I";https://empleosperuhoy.blogspot.com/2026/10/hospital-sicuani-cas-n-003-item-03_3.html;"oferta laboral individual completa"
5791495757325651161;A;CONSERVAR;CONSERVADO;0;"SENCICO: ESPECIALISTA LEGAL";https://empleosperuhoy.blogspot.com/2026/10/oportunidad-laboral-cas-0019-especialista-legal-sencico-lima-633682.html;"oferta laboral individual completa"
5792033818855887196;A;CONSERVAR;CONSERVADO;0;"UNIVERSIDAD DE CAÑETE(UNDC): CAS N° 003- N° Plaza 026: VIGILANTE";https://empleosperuhoy.blogspot.com/2026/10/universidad-de-caneteundc-cas-n-003-n_646.html;"oferta laboral individual completa"
5792247573074465846;A;CONSERVAR;CONSERVADO;0;"CUNA MÁS: Analista de Selección de Personal";https://empleosperuhoy.blogspot.com/2026/10/cuna-mas-analista-de-seleccion-de_3.html;"oferta laboral individual completa"
5796866204251379241;A;CONSERVAR;CONSERVADO;0;"CAS N° 004-2026: Médico Especialista (Departamento de Medicina)";https://empleosperuhoy.blogspot.com/2026/09/cas-n-004-2026-medico-especialista_01217617917.html;"oferta laboral individual completa"
5806469737764494324;A;CONSERVAR;CONSERVADO;0;"SUNARP: N° 015-2026: Practicante para la Oficina Registral de Ica";https://empleosperuhoy.blogspot.com/2026/10/oportunidad-laboral-practicas-sunarp-derecho-octubre-2026-631173.html;"oferta laboral individual completa"
580750704204989625;A;CONSERVAR;CONSERVADO;0;"Buscamos Asesor Académicos Ing En Sanitaria";https://empleosperuhoy.blogspot.com/2026/10/buscamos-asesor-academicos-ing-en.html;"oferta laboral individual completa"
5811471969835072558;A;CONSERVAR;CONSERVADO;0;"DIRECCION DE EDUCACION(DRE) ANCASH: Especialista en Proceso Administrativo Disciplinario (Abogado)";https://empleosperuhoy.blogspot.com/2026/10/direccion-de-educaciondre-ancash_3.html;"oferta laboral individual completa"
581546074058788980;A;CONSERVAR;CONSERVADO;0;"DIRECCIÓN DE AGRICULTURA HUÁNUCO: TECNICO ADMINISTRATIVO - CODIGO AIRHSP:000653";https://empleosperuhoy.blogspot.com/2026/10/oportunidad-laboral-cas-004-2026-tecnico-administrativo-codigo-a-5875.html;"oferta laboral individual completa"
5817988859269142020;A;CONSERVAR;CONSERVADO;0;"MINISTERIO PÚBLICO - FISCALÍA: CAS N° 135 - CÓDIGO AFF-15: ASISTENTE EN FUNCIÓN FISCAL";https://empleosperuhoy.blogspot.com/2026/10/ministerio-publico-fiscalia-cas-n-135_06.html;"oferta laboral individual completa"
5836628248584327482;A;CONSERVAR;CONSERVADO;0;"SERNANP: ASISTENTES OPERATIVOS";https://empleosperuhoy.blogspot.com/2026/10/oportunidad-laboral-cas-006-asistentes-operativos-sernanp-tumbes-beb0.html;"oferta laboral individual completa"
5844187680448251487;A;CONSERVAR;CONSERVADO;0;"Redactor De Tesis- Electronica";https://empleosperuhoy.blogspot.com/2026/10/redactor-de-tesis-electronica.html;"oferta laboral individual completa"
584472294023774399;A;CONSERVAR;CONSERVADO;0;"SIS: Analista de Gestión de Seguros y Convenios";https://empleosperuhoy.blogspot.com/2026/10/sis-analista-de-gestion-de-seguros-y_3.html;"oferta laboral individual completa"
5846103534033292388;A;CONSERVAR;CONSERVADO;0;"MINISTERIO PÚBLICO - FISCALÍA: CAS N° 140 - CÓDIGO AFF-02: ASISTENTE EN FUNCIÓN FISCAL";https://empleosperuhoy.blogspot.com/2026/10/ministerio-publico-fiscalia-cas-n-140_4.html;"oferta laboral individual completa"
5847202126161343869;A;CONSERVAR;CONSERVADO;0;"HOSPITAL DE HUACHO: 276 N° 001-2026: Médico";https://empleosperuhoy.blogspot.com/2026/10/oportunidad-laboral-276-001-2026-medico-hospital-huacho-lima-633014.html;"oferta laboral individual completa"
5847226944353013706;A;CONSERVAR;CONSERVADO;0;"MUNICIPALIDAD DE TACNA: Especialista 1";https://empleosperuhoy.blogspot.com/2026/10/oferta-de-empleo-municipalidad-tacna-solicita-especialista-convo-1735.html;"oferta laboral individual completa"
5857390179598357545;A;CONSERVAR;CONSERVADO;0;"MINISTERIO DE LA MUJER (MIMP): MINISTERIO DE LA MUJER (MIMP): (60) Abogados, Analistas, Educadores y otros cargos";https://empleosperuhoy.blogspot.com/2026/10/oferta-de-empleo-ministerio-mujer-mimp-abogados-analistas-educad-b111.html;"oferta laboral individual completa"
5857667948564494343;A;CONSERVAR;CONSERVADO;0;"MINISTERIO DE TRANSPORTES (MTC): MINISTERIO DE TRANSPORTES (MTC): (10) Analistas, Especialistas, Asistente, otros";https://empleosperuhoy.blogspot.com/2026/10/oferta-de-empleo-ministerio-transportes-mtc-analistas-especialis-a54a.html;"oferta laboral individual completa"
5859139478317080638;A;CONSERVAR;CONSERVADO;0;"HOSPITAL REGIONAL DE MOQUEGUA: CAS N° 003 - ITEM 16: ENFERMERA - DEPARTAMENTO DE MEDICINA";https://empleosperuhoy.blogspot.com/2026/10/oportunidad-laboral-cas-003-item-enfermera-departamento-medicina-hospi.html;"oferta laboral individual completa"
5859842151895693295;A;CONSERVAR;CONSERVADO;0;"RED DE SALUD AZÁNGARO: RED DE SALUD AZÁNGARO: (18) Biólogos, Psicólogos, Nutricionistas, Farmacéuticos y otros";https://empleosperuhoy.blogspot.com/2026/10/red-de-salud-azangaro-red-de-salud_3.html;"oferta laboral individual completa"
5870475656204043351;A;CONSERVAR;CONSERVADO;0;"OEFA: N° 077-2026: Practicante para la Oficina Desconcentrada de Madre de Dios";https://empleosperuhoy.blogspot.com/2026/10/oefa-n-077-2026-practicante-para-la_7.html;"oferta laboral individual completa"
5871025382461794646;A;CONSERVAR;CONSERVADO;0;"CAS N° 006: ESPECIALISTA EN CONTRATACIONES";https://empleosperuhoy.blogspot.com/2026/09/cas-n-006-especialista-en.html;"oferta laboral individual completa"
5872770379289416741;A;CONSERVAR;CONSERVADO;0;"HOSPITAL VILLA EL SALVADOR: Psicólogo Clínico";https://empleosperuhoy.blogspot.com/2026/10/hospital-villa-el-salvador-psicologo_9.html;"oferta laboral individual completa"
5875167781948815192;A;CONSERVAR;CONSERVADO;0;"MINISTERIO PÚBLICO - FISCALÍA: CAS N° 141 - CÓDIGO AADC-01: ASISTENTE ADMINISTRATIVO(CONDUCTOR)";https://empleosperuhoy.blogspot.com/2026/10/ministerio-publico-fiscalia-cas-n-141_15.html;"oferta laboral individual completa"
5880332226845798710;A;CONSERVAR;CONSERVADO;0;"EJÉRCITO DEL PERÚ: ELECTRICISTA";https://empleosperuhoy.blogspot.com/2026/10/ejercito-del-peru-electricista_0.html;"oferta laboral individual completa"
5880474124567545343;A;CONSERVAR;CONSERVADO;0;"CUNA MAS: CUNA MAS: (70) Acompañantes Técnicos, especialista y asistente";https://empleosperuhoy.blogspot.com/2026/10/cuna-mas-cuna-mas-70-acompanantes_5.html;"oferta laboral individual completa"
5882078972908863035;A;CONSERVAR;CONSERVADO;0;"Buscamos Redactor De Tesis - Derecho Ambiental";https://empleosperuhoy.blogspot.com/2026/10/buscamos-redactor-de-tesis-derecho_01953759983.html;"oferta laboral individual completa"
5882825469783233770;A;CONSERVAR;CONSERVADO;0;"HOSPITAL GENERAL DE JAÉN: CAS N° 002 - Código AIRHSP 003538 - 003539: MÉDICO ESPECIALISTA EN MEDICINA INTERNA";https://empleosperuhoy.blogspot.com/2026/10/oportunidad-laboral-cas-002-codigo-airhsp-medico-especialista-me-468d.html;"oferta laboral individual completa"
5885121374932094838;A;CONSERVAR;CONSERVADO;0;"PODER JUDICIAL: CAS N° 031 - CÓDIGO 00037: APOYO ADMINISTRATIVO";https://empleosperuhoy.blogspot.com/2026/10/oportunidad-laboral-cas-031-codigo-apoyo-administrativo-poder-judicial.html;"oferta laboral individual completa"
5888574718342307319;A;CONSERVAR;CONSERVADO;0;"MINISTERIO DE JUSTICIA (MINJUS): MINISTERIO DE JUSTICIA (MINJUS): (39) Defensores públicos, analistas, especialistas y otros";https://empleosperuhoy.blogspot.com/2026/10/oferta-de-empleo-ministerio-justicia-minjus-defensores-publicos-dd5b.html;"oferta laboral individual completa"
5900383560605214087;A;CONSERVAR;CONSERVADO;0;"Apilador // Montacarguista - Villa El Salvador";https://empleosperuhoy.blogspot.com/2026/10/apilador-montacarguista-villa-el.html;"oferta laboral individual completa"
5901498869419086870;A;CONSERVAR;CONSERVADO;0;"CAS N° 004-2026: PILOTO DE AMBULANCIA (SAMU)";https://empleosperuhoy.blogspot.com/2026/09/cas-n-004-2026-piloto-de-ambulancia-samu.html;"oferta laboral individual completa"
5903708642459747259;A;CONSERVAR;CONSERVADO;0;"SERNANP: ANALISTA DE GESTIÓN PARTICIPATIVA";https://empleosperuhoy.blogspot.com/2026/10/oportunidad-laboral-cas-006-analista-gestion-participativa-sernanp-uca.html;"oferta laboral individual completa"
5908355092408353693;A;CONSERVAR;CONSERVADO;0;"Coordinador Junior De Almacén Y Logistica";https://empleosperuhoy.blogspot.com/2026/10/coordinador-junior-de-almacen-y.html;"oferta laboral individual completa"
5911788562815281244;A;CONSERVAR;CONSERVADO;0;"SIS: ASESOR DE SERVICIO";https://empleosperuhoy.blogspot.com/2026/10/sis-asesor-de-servicio_0.html;"oferta laboral individual completa"
5913747214676301459;A;CONSERVAR;CONSERVADO;0;"MINISTERIO DE TRANSPORTES (MTC): ANALISTA LEGAL";https://empleosperuhoy.blogspot.com/2026/10/oportunidad-laboral-cas-008-analista-legal-ministerio-transportes-mtc-.html;"oferta laboral individual completa"
5914316153710745602;A;CONSERVAR;CONSERVADO;0;"HOSPITAL REGIONAL DE MOQUEGUA: CAS N° 003 - ITEM 01: MÉDICO OFTALMÓLOGO - DEPARTAMENTO DE CIRUGÍA";https://empleosperuhoy.blogspot.com/2026/10/hospital-regional-de-moquegua-cas-n-003_61.html;"oferta laboral individual completa"
5920365186723700050;A;CONSERVAR;CONSERVADO;0;"UGEL HUÁNUCO: CAS N° 014 - CÓDIGO AIRHPS 001981: ESPECIALISTA ADMINISTRATIVO - PATRIMONIO";https://empleosperuhoy.blogspot.com/2026/10/oportunidad-laboral-cas-014-codigo-airhps-especialista-administr-7b24.html;"oferta laboral individual completa"
5925796193000806958;A;CONSERVAR;CONSERVADO;0;"EJÉRCITO DEL PERÚ: TÉCNICO EN INGENIERÍA";https://empleosperuhoy.blogspot.com/2026/10/ejercito-del-peru-tecnico-en-ingenieria_5.html;"oferta laboral individual completa"
5928159435576340348;A;CONSERVAR;CONSERVADO;0;"Programa de Becas de Extensión Universitaria (PEU) Sunass 2027";https://empleosperuhoy.blogspot.com/2026/09/programa-de-becas-de-extension.html;"oferta laboral individual completa"
5933714662400761908;A;CONSERVAR;CONSERVADO;0;"MINISTERIO PÚBLICO - FISCALÍA: CAS N° 136 - CÓDIGO ADD-02: ASISTENTE ADMINISTRATIVO";https://empleosperuhoy.blogspot.com/2026/10/oportunidad-laboral-cas-136-codigo-add-asistente-administrativo-minist.html;"oferta laboral individual completa"
5934713822561968015;A;CONSERVAR;CONSERVADO;0;"EJÉRCITO DEL PERÚ: TÉCNICO EN PERSONAL";https://empleosperuhoy.blogspot.com/2026/10/oportunidad-laboral-tecnico-personal-ejercito-del-peru-loreto-627348.html;"oferta laboral individual completa"
5934861592819777296;A;CONSERVAR;CONSERVADO;0;"SEDAM HUANCAYO: 728 N° 048: OPERADOR DE ESTACIÓN DE BOMBEO";https://empleosperuhoy.blogspot.com/2026/10/sedam-huancayo-728-n-048-operador-de.html;"oferta laboral individual completa"
5939265537787146658;A;CONSERVAR;CONSERVADO;0;"UNIVERSIDAD MICAELA BASTIDAS: CONDUCTOR DE VEHICULO DE ALTA DIRECCION";https://empleosperuhoy.blogspot.com/2026/10/universidad-micaela-bastidas-conductor_7.html;"oferta laboral individual completa"
5940204186541307166;A;CONSERVAR;CONSERVADO;0;"EJÉRCITO DEL PERÚ: CONTADOR";https://empleosperuhoy.blogspot.com/2026/10/ejercito-del-peru-contador_9.html;"oferta laboral individual completa"
5941068692569729522;A;CONSERVAR;CONSERVADO;0;"UNIVERSIDAD DE CAÑETE(UNDC): CAS N° 003- N° Plaza 075: ASISTENTE TRAMITE DOCUMENTARIO";https://empleosperuhoy.blogspot.com/2026/10/oportunidad-laboral-cas-003-plaza-075-asistente-tramite-documentario-u.html;"oferta laboral individual completa"
594135931587221305;A;CONSERVAR;CONSERVADO;0;"HOSPITAL GENERAL DE JAÉN: CAS N° 002 - Código AIRHSP 003560: MÉDICO ESPECIALISTA EN CIRUGÍA DE TÓRAX Y CARDIOVASCULAR";https://empleosperuhoy.blogspot.com/2026/10/oportunidad-laboral-cas-002-codigo-medico-especialista-cirugia-torax-c.html;"oferta laboral individual completa"
5944892725579215183;A;CONSERVAR;CONSERVADO;0;"MUNICIPALIDAD DE QUIÑOTA: Jefe de unidad de Supervisión, Evaluación y Liquidación";https://empleosperuhoy.blogspot.com/2026/10/municipalidad-de-quinota-jefe-de-unidad_2.html;"oferta laboral individual completa"
5949085114813903278;A;CONSERVAR;CONSERVADO;0;"UNIVERSIDAD MICAELA BASTIDAS: MEDICO I";https://empleosperuhoy.blogspot.com/2026/10/oportunidad-laboral-cas-006-medico-universidad-micaela-bastidas-apurim.html;"oferta laboral individual completa"
59507024560239108;A;CONSERVAR;CONSERVADO;0;"UNIVERSIDAD TECNOLOGICA LIMA SUR(UNTELS): ELECTRICISTA";https://empleosperuhoy.blogspot.com/2026/10/universidad-tecnologica-lima-suruntels_01566685276.html;"oferta laboral individual completa"
5953619093799718393;A;CONSERVAR;CONSERVADO;0;"Redactor De Tesis- Mecatronica";https://empleosperuhoy.blogspot.com/2026/10/redactor-de-tesis-mecatronica.html;"oferta laboral individual completa"
5955327233253245453;A;CONSERVAR;CONSERVADO;0;"UNIVERSIDAD DE HUANTA: Analista Programador";https://empleosperuhoy.blogspot.com/2026/10/oportunidad-laboral-cas-007-2026-analista-programador-universida-a9ee.html;"oferta laboral individual completa"
5956812421945972936;A;CONSERVAR;CONSERVADO;0;"MINISTERIO DE TRANSPORTES (MTC): ESPECIALISTA LEGAL EN SANEAMIENTO Y ADMINISTRACION DE BIENES INMUEBLES";https://empleosperuhoy.blogspot.com/2026/10/oportunidad-laboral-cas-015-especialista-legal-saneamiento-administrac.html;"oferta laboral individual completa"
5957834068943433018;A;CONSERVAR;CONSERVADO;0;"RED DE SALUD JAUJA: 276 N° 002: ASISTENTE EJECUTIVO II";https://empleosperuhoy.blogspot.com/2026/10/oportunidad-laboral-276-002-asistente-ejecutivo-red-salud-jauja-junin-.html;"oferta laboral individual completa"
5964557123780722452;A;CONSERVAR;CONSERVADO;0;"SUNAFIL: ANALISTA DE SOLUCIONES TECNOLÓGICAS";https://empleosperuhoy.blogspot.com/2026/10/oportunidad-laboral-cas-208-analista-soluciones-tecnologicas-sunafil-l.html;"oferta laboral individual completa"
5966062667985887590;A;CONSERVAR;CONSERVADO;0;"POLICIA NACIONAL(PNP): POLICIA NACIONAL(PNP): (23) Conservadores de ambiente, Enfermeras y otros cargos";https://empleosperuhoy.blogspot.com/2026/10/policia-nacionalpnp-policia-nacionalpnp_0.html;"oferta laboral individual completa"
5966435244497189563;A;CONSERVAR;CONSERVADO;0;"SUNARP: N° 013-2026: Practicante para la Oficina Registral de Ayacucho";https://empleosperuhoy.blogspot.com/2026/10/sunarp-n-013-2026-practicante-para-la_7.html;"oferta laboral individual completa"
5967720812805836144;A;CONSERVAR;CONSERVADO;0;"GERENCIA SUB REGIONAL ANGARAES: Planificador II";https://empleosperuhoy.blogspot.com/2026/10/gerencia-sub-regional-angaraes.html;"oferta laboral individual completa"
5969535821080914800;A;CONSERVAR;CONSERVADO;0;"CORPAC: CAP N° 062: OPERADOR DE EQUIPO DE ESTACION - PUCALLPA";https://empleosperuhoy.blogspot.com/2026/10/corpac-cap-n-062-operador-de-equipo-de_3.html;"oferta laboral individual completa"
5973574018665380025;A;CONSERVAR;CONSERVADO;0;"HOSPITAL VILLA EL SALVADOR: Médico Especialista en Ginecología Oncológica";https://empleosperuhoy.blogspot.com/2026/10/oportunidad-laboral-cas-006-2026-medico-especialista-ginecologia-oncol.html;"oferta laboral individual completa"
5973977262491596148;A;CONSERVAR;CONSERVADO;0;"CUNA MÁS: Especialista en Equipamiento";https://empleosperuhoy.blogspot.com/2026/10/oportunidad-laboral-cas-437-especialista-equipamiento-cuna-mas-puno-63.html;"oferta laboral individual completa"
5977536675343853257;A;CONSERVAR;CONSERVADO;0;"MIGRACIONES: N° 005-2026: Practicante para la Subdirección de Fiscalización Migratoria";https://empleosperuhoy.blogspot.com/2026/10/oportunidad-laboral-practicas-migraciones-derecho-ciencias-politicas-o.html;"oferta laboral individual completa"
5979497568481807963;A;CONSERVAR;CONSERVADO;0;"INDECOPI: N° 055-2026: Practicante para la Comisión de Protección al Consumidor N°2";https://empleosperuhoy.blogspot.com/2026/10/oportunidad-laboral-practicas-indecopi-derecho-octubre-2026-631142.html;"oferta laboral individual completa"
5983173444135970735;A;CONSERVAR;CONSERVADO;0;"PODER JUDICIAL: CAS N° 032 - CÓDIGO 01129: ESPECIALISTA JUDICIAL DE AUDIENCIA";https://empleosperuhoy.blogspot.com/2026/10/poder-judicial-cas-n-032-codigo-01129_5.html;"oferta laboral individual completa"
5987131836002228519;A;CONSERVAR;CONSERVADO;0;"PAE - PROGRAMA DE ALIMENTACIÓN ESCOLAR: ESPECIALISTA EDUCATIVO";https://empleosperuhoy.blogspot.com/2026/10/oportunidad-laboral-cas-081-especialista-educativo-pae-programa-alimen.html;"oferta laboral individual completa"
5991921533093942803;A;CONSERVAR;CONSERVADO;0;"EJÉRCITO DEL PERÚ: OPERADOR DE PROCESAMIENTO AUTOMÁTICO DE DATOS (PAD)";https://empleosperuhoy.blogspot.com/2026/10/ejercito-del-peru-operador-de_8.html;"oferta laboral individual completa"
5994364822928306302;A;CONSERVAR;CONSERVADO;0;"MINISTERIO DE TRANSPORTES (MTC): COORDINADOR LEGAL";https://empleosperuhoy.blogspot.com/2026/10/ministerio-de-transportes-mtc_5.html;"oferta laboral individual completa"
5995325182867035053;A;CONSERVAR;CONSERVADO;0;"MUNICIPALIDAD DE PICHACANI: Secretaria de Alcaldía";https://empleosperuhoy.blogspot.com/2026/10/municipalidad-de-pichacani-secretaria_7.html;"oferta laboral individual completa"
599725685579689597;A;CONSERVAR;CONSERVADO;0;"UGEL 1: UGEL 1: (5) Especialistas, Técnico y Personal de Limpieza";https://empleosperuhoy.blogspot.com/2026/10/ugel-1-ugel-1-5-especialistas-tecnico-y_6.html;"oferta laboral individual completa"
6006409129041682791;A;CONSERVAR;CONSERVADO;0;"RED DE SALUD CHANCHAMAYO: Médico Cirujano Especialista en Medicina Familiar y Comunitaria";https://empleosperuhoy.blogspot.com/2026/10/red-de-salud-chanchamayo-medico_01.html;"oferta laboral individual completa"
6007316411037279287;A;CONSERVAR;CONSERVADO;0;"RED DE SALUD VIRÚ: MÉDICO FÍSICO Y REHABILITACIÓN";https://empleosperuhoy.blogspot.com/2026/10/oportunidad-laboral-cas-004-2026-medico-fisico-rehabilitacion-red-salu.html;"oferta laboral individual completa"
6008378237868133540;A;CONSERVAR;CONSERVADO;0;"HOSPITAL GENERAL DE JAÉN: CAS N° 002 - Código AIRHSP 003634: MEDICO ESPECIALISTA EN PATOLOGÍA CLINICA";https://empleosperuhoy.blogspot.com/2026/10/oportunidad-laboral-cas-002-codigo-airhsp-medico-especialista-patologi.html;"oferta laboral individual completa"
6012850290505076241;A;CONSERVAR;CONSERVADO;0;"PODER JUDICIAL: N° 001 - CÓDIGO 00288-1-4: AUXILIAR JUDICIAL";https://empleosperuhoy.blogspot.com/2026/10/oportunidad-laboral-001-codigo-auxiliar-judicial-poder-arequipa-632299.html;"oferta laboral individual completa"
601679694488567550;A;CONSERVAR;CONSERVADO;0;"UNIVERSIDAD DE CAÑETE(UNDC): CAS N° 003- N° Plaza 046: ASISTENTE DE SOPORTE INFORMÁTICO";https://empleosperuhoy.blogspot.com/2026/10/universidad-de-caneteundc-cas-n-003-n_566.html;"oferta laboral individual completa"
6026156283973508411;A;CONSERVAR;CONSERVADO;0;"INEI: AUXILIAR DE SALUD DE LOCAL DE EVALUACIÓN - PIURA";https://empleosperuhoy.blogspot.com/2026/10/inei-auxiliar-de-salud-de-local-de_07.html;"oferta laboral individual completa"
6026481569392831333;A;CONSERVAR;CONSERVADO;0;"PROGRAMA JOVENES PRODUCTIVOS: ESPECIALISTA EN PLANIFICACIÓN DE RECURSOS HUMANOS";https://empleosperuhoy.blogspot.com/2026/09/programa-jovenes-productivos.html;"oferta laboral individual completa"
6027112842315231821;A;CONSERVAR;CONSERVADO;0;"DIRESA CALLAO: Psicólogos/as";https://empleosperuhoy.blogspot.com/2026/10/oportunidad-laboral-cas-005-2026-psicologos-diresa-callao-633629.html;"oferta laboral individual completa"
6032323799223549840;A;CONSERVAR;CONSERVADO;0;"HOSPITAL GENERAL DE JAÉN: CAS N° 002 - Código AIRHSP 003540: MÉDICO ESPECIALISTA EN CARDIOLOGIA";https://empleosperuhoy.blogspot.com/2026/10/hospital-general-de-jaen-cas-n-002_25.html;"oferta laboral individual completa"
6034718952936213043;A;CONSERVAR;CONSERVADO;0;"MINISTERIO PÚBLICO - FISCALÍA: N° 044 - CÓDIGO MED-05: MÉDICO";https://empleosperuhoy.blogspot.com/2026/10/oportunidad-laboral-044-codigo-med-medico-ministerio-publico-fis-caf7.html;"oferta laboral individual completa"
603669205173434982;A;CONSERVAR;CONSERVADO;0;"UGEL 5: técnico y profesional Convocatoria octubre 2026";https://empleosperuhoy.blogspot.com/2026/10/ugel-5-tecnico-y-profesional.html;"oferta laboral individual completa"
6038842143896508563;A;CONSERVAR;CONSERVADO;0;"HOSPITAL DEPARTAMENTAL DE HUANCAVELICA: CAS N° 010 - ITEM 04: TECNOLOGO MEDICO LABORATORIO CLINICO Y BANCO DE SANGRE";https://empleosperuhoy.blogspot.com/2026/10/hospital-departamental-de-huancavelica_2.html;"oferta laboral individual completa"
6043104383156717181;A;CONSERVAR;CONSERVADO;0;"Técnico Planta Externa Con Licencia De Conducir/ Barranca";https://empleosperuhoy.blogspot.com/2026/10/tecnico-planta-externa-con-licencia-de.html;"oferta laboral individual completa"
6048820834890812548;A;CONSERVAR;CONSERVADO;0;"INEI: OPERADOR DE MANTENIMIENTO DE LOCAL DE EVALUACIÓN - ICA";https://empleosperuhoy.blogspot.com/2026/10/inei-operador-de-mantenimiento-de-local_72.html;"oferta laboral individual completa"
6050217610500656142;A;CONSERVAR;CONSERVADO;0;"PROMPERÚ: Auxiliar y Jefe de unidad";https://empleosperuhoy.blogspot.com/2026/10/promperu-auxiliar-y-jefe-de-unidad_0.html;"oferta laboral individual completa"
6053051523639754608;A;CONSERVAR;CONSERVADO;0;"PROCURADURÍA DEL ESTADO: ESPECIALISTA SENIOR EN INFRAESTRUCTURA TECNOLÓGICA";https://empleosperuhoy.blogspot.com/2026/10/oportunidad-laboral-cas-110-especialista-senior-infraestructura-tecnol.html;"oferta laboral individual completa"
6055257707977550500;A;CONSERVAR;CONSERVADO;0;"UGEL HUÁNUCO: CAS N° 014 - CÓDIGO AIRHPS 001991: ASISTENTE ADMINISTRATIVO - TESORERIA";https://empleosperuhoy.blogspot.com/2026/10/oportunidad-laboral-cas-014-codigo-airhps-asistente-administrati-51e8.html;"oferta laboral individual completa"
6061608517095368924;A;CONSERVAR;CONSERVADO;0;"MINISTERIO PÚBLICO - FISCALÍA: CAS N° 135 - CÓDIGO AFF-07: ASISTENTE EN FUNCIÓN FISCAL";https://empleosperuhoy.blogspot.com/2026/10/oportunidad-laboral-cas-135-codigo-aff-asistente-funcion-fiscal-c85f.html;"oferta laboral individual completa"
6063081856370722224;A;CONSERVAR;CONSERVADO;0;"INEI: AUXILIAR DE SALUD DE LOCAL DE EVALUACIÓN - JUNÍN";https://empleosperuhoy.blogspot.com/2026/10/inei-auxiliar-de-salud-de-local-de_09.html;"oferta laboral individual completa"
6073191314485465416;A;CONSERVAR;CONSERVADO;0;"DIRESA CALLAO: Auxiliares Administrativos";https://empleosperuhoy.blogspot.com/2026/10/diresa-callao-auxiliares-administrativos_1.html;"oferta laboral individual completa"
6074417338876830218;A;CONSERVAR;CONSERVADO;0;"UNIVERSIDAD DE CAÑETE(UNDC): CAS N° 003- N° Plaza 056: ASISTENTE DE SOPORTE EN ACREDITACIÓN";https://empleosperuhoy.blogspot.com/2026/10/universidad-de-caneteundc-cas-n-003-n_924.html;"oferta laboral individual completa"
6075041083888305034;A;CONSERVAR;CONSERVADO;0;"RED DE SALUD CAJABAMBA: 276 N° 003: NUTRICIONISTA";https://empleosperuhoy.blogspot.com/2026/10/oportunidad-laboral-276-003-nutricionista-red-salud-cajabamba-cajamarc.html;"oferta laboral individual completa"
6082892186411365387;A;CONSERVAR;CONSERVADO;0;"EJÉRCITO DEL PERÚ: OFICINISTA";https://empleosperuhoy.blogspot.com/2026/10/oportunidad-laboral-oficinista-ejercito-del-peru-arequipa-627321.html;"oferta laboral individual completa"
6087108601163545206;A;CONSERVAR;CONSERVADO;0;"MUNICIPALIDAD DE HUACHÓN: CUERPO DE SERENAZGO";https://empleosperuhoy.blogspot.com/2026/10/municipalidad-de-huachon-cuerpo-de_0.html;"oferta laboral individual completa"
6092266814628156398;A;CONSERVAR;CONSERVADO;0;"Volver a trabajar tras un parón profesional: Estrategia de éxito";https://empleosperuhoy.blogspot.com/2026/09/volver-trabajar-tras-un-paron.html;"oferta laboral individual completa"
6093484829057354468;A;CONSERVAR;CONSERVADO;0;"SIS: Coordinador(a) de Supervisión y Monitoreo";https://empleosperuhoy.blogspot.com/2026/10/oportunidad-laboral-cas-158-coordinador-supervision-monitoreo-sis-lima.html;"oferta laboral individual completa"
6094727687368016171;A;CONSERVAR;CONSERVADO;0;"PROGRAMA JOVENES PRODUCTIVOS: ESPECIALISTA III EN GESTIÓN DE LA CALIDAD";https://empleosperuhoy.blogspot.com/2026/10/oportunidad-laboral-cas-039-especialista-iii-gestion-calidad-programa-.html;"oferta laboral individual completa"
6098989619968661955;A;CONSERVAR;CONSERVADO;0;"PODER JUDICIAL: CAS N° 184 - CÓDIGO 01319: ANALISTA";https://empleosperuhoy.blogspot.com/2026/10/poder-judicial-cas-n-184-codigo-01319_2.html;"oferta laboral individual completa"
6104438470341846572;A;CONSERVAR;CONSERVADO;0;"DIRECCION DE EDUCACION(DRE) CALLAO: N° 001-2026: Practicante para el Equipo de Escalafón";https://empleosperuhoy.blogspot.com/2026/10/oportunidad-laboral-practicas-direccion-educacion-dre-callao-adm-e5e1.html;"oferta laboral individual completa"
6107217887946605863;A;CONSERVAR;CONSERVADO;0;"PODER JUDICIAL: CAS N° 018 - CÓDIGO 01634: ASISTENTE DE ATENCION AL PÚBLICO";https://empleosperuhoy.blogspot.com/2026/10/oportunidad-laboral-cas-018-codigo-asistente-atencion-publico-poder-ju.html;"oferta laboral individual completa"
6110386850596102587;A;CONSERVAR;CONSERVADO;0;"RED DE SALUD PUERTO INCA: Medico y químico farmacéutico";https://empleosperuhoy.blogspot.com/2026/10/oferta-de-empleo-red-salud-puerto-inca-solicita-medico-quimico-f-0e9c.html;"oferta laboral individual completa"
6111490159706561478;A;CONSERVAR;CONSERVADO;0;"DIRESA CAJAMARCA: TECNICO EN LABORATORIO";https://empleosperuhoy.blogspot.com/2026/10/diresa-cajamarca-tecnico-en-laboratorio_3.html;"oferta laboral individual completa"
6114020083912073379;A;CONSERVAR;CONSERVADO;0;"EJÉRCITO DEL PERÚ: INGENIERO";https://empleosperuhoy.blogspot.com/2026/10/oportunidad-laboral-ingeniero-ejercito-del-peru-lima-627365.html;"oferta laboral individual completa"
6114166444101948464;A;CONSERVAR;CONSERVADO;0;"SENASA: Asistentes, analista y auxiliar";https://empleosperuhoy.blogspot.com/2026/10/oferta-de-empleo-senasa-busca-asistentes-analista-auxiliar-convo-27b3.html;"oferta laboral individual completa"
6114394538819463936;A;CONSERVAR;CONSERVADO;0;"EJÉRCITO DEL PERÚ: ABOGADO";https://empleosperuhoy.blogspot.com/2026/10/ejercito-del-peru-abogado_3.html;"oferta laboral individual completa"
6115693068211152242;A;CONSERVAR;CONSERVADO;0;"PROMPERÚ: ESPECIALISTA EN TURISMO II";https://empleosperuhoy.blogspot.com/2026/10/promperu-especialista-en-turismo-ii_18.html;"oferta laboral individual completa"
6122779087099959563;A;CONSERVAR;CONSERVADO;0;"SUNARP: N° 019-2026: Practicante para la Oficina Registral de Otuzco";https://empleosperuhoy.blogspot.com/2026/10/sunarp-n-019-2026-practicante-para-la_7.html;"oferta laboral individual completa"
6128759586096911745;A;CONSERVAR;CONSERVADO;0;"INDECOPI: N° 068-2026: Practicante para la sala Especializada en Protección al Consumidor";https://empleosperuhoy.blogspot.com/2026/10/indecopi-n-068-2026-practicante-para-la_0.html;"oferta laboral individual completa"
6131718242298748132;A;CONSERVAR;CONSERVADO;0;"MINISTERIO PÚBLICO - FISCALÍA: CAS N° 137 - CÓDIGO AADC-01: ASISTENTE ADMINISTRATIVO(CONDUCTOR)";https://empleosperuhoy.blogspot.com/2026/10/ministerio-publico-fiscalia-cas-n-137_7.html;"oferta laboral individual completa"
6136376045278558318;A;CONSERVAR;CONSERVADO;0;"PROMPERÚ: ESPECIALISTA EN TESORERÍA";https://empleosperuhoy.blogspot.com/2026/10/promperu-especialista-en-tesoreria_6.html;"oferta laboral individual completa"
6136641529226480739;A;CONSERVAR;CONSERVADO;0;"CAS N° 004-2026: TECNÓLOGO MÉDICO EN PATOLOGÍA CLÍNICA";https://empleosperuhoy.blogspot.com/2026/09/cas-n-004-2026-tecnologo-medico-en.html;"oferta laboral individual completa"
6147623502610362036;A;CONSERVAR;CONSERVADO;0;"DIRESA CALLAO: DIRESA CALLAO: (87) Médicos, Enfermeras, Técnicos y otros cargos";https://empleosperuhoy.blogspot.com/2026/10/diresa-callao-diresa-callao-87-medicos_0.html;"oferta laboral individual completa"
6150722751824872243;A;CONSERVAR;CONSERVADO;0;"UNIVERSIDAD DE CAÑETE(UNDC): CAS N° 003- N° Plaza 078: ASISTENTE ADMINISTRATIVO";https://empleosperuhoy.blogspot.com/2026/10/universidad-de-caneteundc-cas-n-003-n_45.html;"oferta laboral individual completa"
6163111054326520700;A;CONSERVAR;CONSERVADO;0;"UNIVERSIDAD DE CAÑETE(UNDC): CAS N° 003- N° Plaza 030: MÉDICO CIRUJANO";https://empleosperuhoy.blogspot.com/2026/10/oportunidad-laboral-cas-003-plaza-030-medico-cirujano-universidad-cane.html;"oferta laboral individual completa"
6168150384008163127;A;CONSERVAR;CONSERVADO;0;"DIRECCION DE EDUCACION(DRE) HUANCAVELICA: 276 N° 004: ESPECIALISTA ADMINISTRATIVO IV";https://empleosperuhoy.blogspot.com/2026/10/direccion-de-educaciondre-huancavelica_01475078960.html;"oferta laboral individual completa"
6169761773182813188;A;CONSERVAR;CONSERVADO;0;"CAS N° 003 - ITEM 21: TÉCNICO ASISTENCIAL - UNIDAD DE GESTIÓN DE LA CALIDAD";https://empleosperuhoy.blogspot.com/2026/09/cas-n-003-item-21-tecnico-asistencial.html;"oferta laboral individual completa"
6177840431224097544;A;CONSERVAR;CONSERVADO;0;"Ingeniero De Transportes C/E En Programa Vissim";https://empleosperuhoy.blogspot.com/2026/10/ingeniero-de-transportes-ce-en-programa.html;"oferta laboral individual completa"
6182469113275336219;A;CONSERVAR;CONSERVADO;0;"PODER JUDICIAL: CAS N° 118 - CÓDIGO 03525: ESPECIALISTA EN PROCESOS ADMINISTRATIVOS DISCIPLINARIOS";https://empleosperuhoy.blogspot.com/2026/10/poder-judicial-cas-n-118-codigo-03525_6.html;"oferta laboral individual completa"
6185363670869214125;A;CONSERVAR;CONSERVADO;0;"CAS N° 026: ESPECIALISTA LEGAL I";https://empleosperuhoy.blogspot.com/2026/09/cas-n-026-especialista-legal-i.html;"oferta laboral individual completa"
6186865386848623421;A;CONSERVAR;CONSERVADO;0;"MUNICIPALIDAD DE IPARIA: MUNICIPALIDAD DE IPARIA: (32) Especialistas, Asistentes y otros cargos";https://empleosperuhoy.blogspot.com/2026/10/municipalidad-de-iparia-municipalidad_6.html;"oferta laboral individual completa"
6188247705412661993;A;CONSERVAR;CONSERVADO;0;"MUNICIPALIDAD DE SAN MIGUEL: MUNICIPALIDAD DE SAN MIGUEL: (3) Enfermera, Coordinador y Orientador";https://empleosperuhoy.blogspot.com/2026/10/municipalidad-de-san-miguel.html;"oferta laboral individual completa"
6188976594804528422;A;CONSERVAR;CONSERVADO;0;"PROGRAMA SANEAMIENTO URBANO: PROFESIONAL SENIOR I ABOGADO";https://empleosperuhoy.blogspot.com/2026/10/programa-saneamiento-urbano-profesional_8.html;"oferta laboral individual completa"
6192964941408260395;A;CONSERVAR;CONSERVADO;0;"OEFA: N° 076-2026: Practicante para la Oficina Desconcentrada de Apurímac";https://empleosperuhoy.blogspot.com/2026/10/oefa-n-076-2026-practicante-para-la_4.html;"oferta laboral individual completa"
6201159774890725488;A;CONSERVAR;CONSERVADO;0;"POLICÍA NACIONAL(PNP): LICENCIADOS (AS) EN ENFERMERÍA";https://empleosperuhoy.blogspot.com/2026/10/oportunidad-laboral-cas-030-licenciados-enfermeria-policia-nacional-pn.html;"oferta laboral individual completa"
6206525001385424917;A;CONSERVAR;CONSERVADO;0;"UNIVERSIDAD DE HUANTA: Auxiliar de Mantenimiento y Limpieza de Local";https://empleosperuhoy.blogspot.com/2026/10/universidad-de-huanta-auxiliar-de_4.html;"oferta laboral individual completa"
6217462907640130974;A;CONSERVAR;CONSERVADO;0;"HOSPITAL GENERAL DE JAÉN: CAS N° 002 - Código AIRHSP 003591: ANALISTA DE DATOS";https://empleosperuhoy.blogspot.com/2026/10/hospital-general-de-jaen-cas-n-002_23.html;"oferta laboral individual completa"
6221574360584180631;A;CONSERVAR;CONSERVADO;0;"INVERMET: ESPECIALISTA EN MATERIA LEGAL Y CONTRACTUAL";https://empleosperuhoy.blogspot.com/2026/10/invermet-especialista-en-materia-legal_8.html;"oferta laboral individual completa"
6221830495796501736;A;CONSERVAR;CONSERVADO;0;"INEI: OPERADOR DE MANTENIMIENTO DE LOCAL DE EVALUACIÓN - HUÁNUCO";https://empleosperuhoy.blogspot.com/2026/10/inei-operador-de-mantenimiento-de-local_343.html;"oferta laboral individual completa"
622444872594137153;A;CONSERVAR;CONSERVADO;0;"RED DE SALUD CHANCHAMAYO: Profesional de la Salud (Servicio de Referencia y Contrareferencia)";https://empleosperuhoy.blogspot.com/2026/10/red-de-salud-chanchamayo-profesional-de_2.html;"oferta laboral individual completa"
6229375169614822297;A;CONSERVAR;CONSERVADO;0;"PROCURADURÍA DEL ESTADO: ASISTENTE DE DEFENSA JURÍDICA DEL ESTADO";https://empleosperuhoy.blogspot.com/2026/10/oportunidad-laboral-cas-114-asistente-defensa-juridica-del-estado-proc.html;"oferta laboral individual completa"
6229616562250400957;A;CONSERVAR;CONSERVADO;0;"Operario De Producción - Plasticos";https://empleosperuhoy.blogspot.com/2026/10/operario-de-produccion-plasticos.html;"oferta laboral individual completa"
6236031908540324258;A;CONSERVAR;CONSERVADO;0;"UGEL CAYLLOMA: UGEL CAYLLOMA: solicita Personal Especializado";https://empleosperuhoy.blogspot.com/2026/10/oferta-de-empleo-ugel-caylloma-solicita-personal-especializado-c-e1ba.html;"oferta laboral individual completa"
6236482650663624301;A;CONSERVAR;CONSERVADO;0;"HOSPITAL REGIONAL DE MOQUEGUA: CAS N° 003 - ITEM 10: MÉDICO ANÁTOMO PATÓLOGO - SERVICIO DE ANATOMÍA PATOLÓGICA";https://empleosperuhoy.blogspot.com/2026/10/hospital-regional-de-moquegua-cas-n-003_09.html;"oferta laboral individual completa"
6237924187887233775;A;CONSERVAR;CONSERVADO;0;"MUNICIPALIDAD SURQUILLO: MUNICIPALIDAD SURQUILLO: (4) Jefe de Sector, Supervisión de operaciones y Asistente Administrativo";https://empleosperuhoy.blogspot.com/2026/10/municipalidad-surquillo-municipalidad_1.html;"oferta laboral individual completa"
6240508018923334013;A;CONSERVAR;CONSERVADO;0;"UGEL CASTROVIRREYNA: UGEL CASTROVIRREYNA: requiere Auxiliar de Laboratorio";https://empleosperuhoy.blogspot.com/2026/10/ugel-castrovirreyna-ugel-castrovirreyna.html;"oferta laboral individual completa"
6247037991815013046;A;CONSERVAR;CONSERVADO;0;"PERÚ COMPRAS: PERÚ COMPRAS: (8) Especialistas, Técnicos, Asistente, Analista y Ejecutivo";https://empleosperuhoy.blogspot.com/2026/10/oferta-de-empleo-peru-compras-especialistas-tecnicos-asistente-a-0dd9.html;"oferta laboral individual completa"
6249925595995000077;A;CONSERVAR;CONSERVADO;0;"CAS N° 004-2026: Enfermera/o Especialista";https://empleosperuhoy.blogspot.com/2026/09/cas-n-004-2026-enfermerao-especialista.html;"oferta laboral individual completa"
6250238648845205389;A;CONSERVAR;CONSERVADO;0;"HOSPITAL GENERAL DE JAÉN: QUÍMICO FARMACÉUTICO ESPECIALISTA EN ONCOLOGIA FARMACÉUTICA";https://empleosperuhoy.blogspot.com/2026/10/oportunidad-laboral-cas-002-quimico-farmaceutico-especialista-oncologi.html;"oferta laboral individual completa"
6251500881268250926;A;CONSERVAR;CONSERVADO;0;"UGEL HUÁNUCO: CAS N° 015 - CÓDIGO AIRHPS 001691: COORDINADOR DE INNOVACIÓN Y SOPORTE TECNOLOGICO";https://empleosperuhoy.blogspot.com/2026/10/ugel-huanuco-cas-n-015-codigo-airhps_7.html;"oferta laboral individual completa"
6253583179052274910;A;CONSERVAR;CONSERVADO;0;"PENSION65: Promotores, analista, coordinador y asistente";https://empleosperuhoy.blogspot.com/2026/10/pension65-promotores-analista_8.html;"oferta laboral individual completa"
6257201873127126318;A;CONSERVAR;CONSERVADO;0;"HOSPITAL SAN JUAN BAUTISTA HUARAL: N° 002: CONTADOR DE INTEGRACION CONTABLE";https://empleosperuhoy.blogspot.com/2026/10/oportunidad-laboral-002-contador-integracion-contable-hospital-san-jua.html;"oferta laboral individual completa"
6261433761228172083;A;CONSERVAR;CONSERVADO;0;"FONCODES: ESPECIALISTA TERRITORIAL DE PROYECTOS PRODUCTIVOS";https://empleosperuhoy.blogspot.com/2026/10/foncodes-especialista-territorial-de_8.html;"oferta laboral individual completa"
6268617792196158122;A;CONSERVAR;CONSERVADO;0;"UNIVERSIDAD DE BAGUA: CAS N° 005 - ITEM N° 29: TÉCNICO LABORATORISTA - FACULTAD DE CIENCIAS NATURALES Y APLICADAS";https://empleosperuhoy.blogspot.com/2026/10/oportunidad-laboral-cas-005-item-tecnico-laboratorista-facultad-34b8.html;"oferta laboral individual completa"
6271405676860662503;A;CONSERVAR;CONSERVADO;0;"SINEACE: Especialista y asistente";https://empleosperuhoy.blogspot.com/2026/10/sineace-especialista-y-asistente_6.html;"oferta laboral individual completa"
6273951231659543041;A;CONSERVAR;CONSERVADO;0;"UNIVERSIDAD DE BAGUA: CAS N° 005 - ITEM N° 16: PROFESIONAL IV - SECRETARIA GENERAL";https://empleosperuhoy.blogspot.com/2026/10/universidad-de-bagua-cas-n-005-item-n_989.html;"oferta laboral individual completa"
6277816617389725083;A;CONSERVAR;CONSERVADO;0;"MUNICIPALIDAD DE MIRAFLORES: 3 practicantes";https://empleosperuhoy.blogspot.com/2026/10/municipalidad-de-miraflores-3_9.html;"oferta laboral individual completa"
6277973657091736628;A;CONSERVAR;CONSERVADO;0;"PROCURADURÍA DEL ESTADO: ESPECIALISTA SENIOR III EN PRESUPUESTO";https://empleosperuhoy.blogspot.com/2026/10/oportunidad-laboral-cas-106-especialista-senior-iii-presupuesto-procur.html;"oferta laboral individual completa"
6278748651102780090;A;CONSERVAR;CONSERVADO;0;"SIS: SIS: (15) Especialistas, analistas, coordinadores y asistente";https://empleosperuhoy.blogspot.com/2026/10/oferta-de-empleo-sis-especialistas-analistas-coordinadores-asist-037f.html;"oferta laboral individual completa"
6279525421874727229;A;CONSERVAR;CONSERVADO;0;"UGEL HUÁNUCO: CAS N° 014 - CÓDIGO AIRHPS 001986: ESPECIALISTA ADMINISTRATIVO - UNIDAD DE PLANEAMIENTO";https://empleosperuhoy.blogspot.com/2026/10/ugel-huanuco-cas-n-014-codigo-airhps_24.html;"oferta laboral individual completa"
6280577240769575518;A;CONSERVAR;CONSERVADO;0;"UNIVERSIDAD DE CAÑETE(UNDC): CAS N° 003- N° Plaza 074: ASISTENTE ADMINISTRATIVO";https://empleosperuhoy.blogspot.com/2026/10/universidad-de-caneteundc-cas-n-003-n_051.html;"oferta laboral individual completa"
6285309356071944012;A;CONSERVAR;CONSERVADO;0;"BCRP: para Practicante de Archivo";https://empleosperuhoy.blogspot.com/2026/10/bcrp-para-practicante-de-archivo_6.html;"oferta laboral individual completa"
6287114538007771129;A;CONSERVAR;CONSERVADO;0;"HOSPITAL JULIO CESAR DEMARINI CARO: Médico Especialista Internista (003-PCAS04/2026)";https://empleosperuhoy.blogspot.com/2026/10/oportunidad-laboral-cas-004-2026-medico-especialista-internista-003-pc.html;"oferta laboral individual completa"
6291856487994226203;A;CONSERVAR;CONSERVADO;0;"MINISTERIO DE EDUCACION (MINEDU): MINISTERIO DE EDUCACION (MINEDU): requiere Coordinador";https://empleosperuhoy.blogspot.com/2026/10/oferta-de-empleo-ministerio-educacion-minedu-requiere-coordinado-4697.html;"oferta laboral individual completa"
6295147848059900371;A;CONSERVAR;CONSERVADO;0;"UNIVERSIDAD DE BAGUA: CAS N° 005 - ITEM N° 17: PROFESIONAL IV - OFICINA DE ASESORÍA JURÍDICA";https://empleosperuhoy.blogspot.com/2026/10/universidad-de-bagua-cas-n-005-item-n_74.html;"oferta laboral individual completa"
629527302317041516;A;CONSERVAR;CONSERVADO;0;"BCRP: BCRP: (6) Especialistas y Operadores";https://empleosperuhoy.blogspot.com/2026/10/bcrp-bcrp-6-especialistas-y-operadores_7.html;"oferta laboral individual completa"
6295607425314347700;A;CONSERVAR;CONSERVADO;0;"UNIVERSIDAD DE CAÑETE(UNDC): CAS N° 003- N° Plaza 096: ESPECIALISTA EN PSICOLOGÍA";https://empleosperuhoy.blogspot.com/2026/10/oportunidad-laboral-cas-003-plaza-096-especialista-psicologia-universi.html;"oferta laboral individual completa"
6296867111585254042;A;CONSERVAR;CONSERVADO;0;"RED DE SALUD CAJABAMBA: 276 N° 003: TECNICO EN LABORATORIO";https://empleosperuhoy.blogspot.com/2026/10/oportunidad-laboral-276-003-tecnico-laboratorio-red-salud-cajabamba-ca.html;"oferta laboral individual completa"
6296914738485898555;A;CONSERVAR;CONSERVADO;0;"MINISTERIO PÚBLICO - FISCALÍA: CAS N° 137 - CÓDIGO AFF-01: ASISTENTE EN FUNCIÓN FISCAL";https://empleosperuhoy.blogspot.com/2026/10/ministerio-publico-fiscalia-cas-n-137_6.html;"oferta laboral individual completa"
6299040560641694455;A;CONSERVAR;CONSERVADO;0;"UNIVERSIDAD DE HUANTA: Asistente administrativo I";https://empleosperuhoy.blogspot.com/2026/10/universidad-de-huanta-asistente_7.html;"oferta laboral individual completa"
6300035238701326897;A;CONSERVAR;CONSERVADO;0;"MINISTERIO DE TRANSPORTES (MTC): ESPECIALISTA LEGAL";https://empleosperuhoy.blogspot.com/2026/10/oportunidad-laboral-cas-007-especialista-legal-ministerio-transportes-.html;"oferta laboral individual completa"
6300120301436661818;A;CONSERVAR;CONSERVADO;0;"MINISTERIO DE VIVIENDA: Especialista en Proyectos de Inversión";https://empleosperuhoy.blogspot.com/2026/10/ministerio-de-vivienda-especialista-en_92.html;"oferta laboral individual completa"
6300790831517601747;A;CONSERVAR;CONSERVADO;0;"MINISTERIO DE VIVIENDA: Coordinador(a) de Normativa en Saneamiento";https://empleosperuhoy.blogspot.com/2026/10/ministerio-de-vivienda-coordinadora-de_8.html;"oferta laboral individual completa"
6306428096104653189;A;CONSERVAR;CONSERVADO;0;"DIRECCIÓN DE AGRICULTURA HUÁNUCO: AUXILIAR ADMINISTRATIVO - CODIGO AIRHSP:000659";https://empleosperuhoy.blogspot.com/2026/10/direccion-de-agricultura-huanuco_44.html;"oferta laboral individual completa"
6310195038747209017;A;CONSERVAR;CONSERVADO;0;"HOSPITAL DE HUACHO: 276 N° 001-2026: Médico – Medicina Interna";https://empleosperuhoy.blogspot.com/2026/10/hospital-de-huacho-276-n-001-2026_86.html;"oferta laboral individual completa"
6321577722304566878;A;CONSERVAR;CONSERVADO;0;"PODER JUDICIAL: N° 001 - CÓDIGO 00309-1-2-3-4: SECRETARIO JUDICIAL";https://empleosperuhoy.blogspot.com/2026/10/poder-judicial-n-001-codigo-00309-1-2-3_0.html;"oferta laboral individual completa"
63236093527870849;A;CONSERVAR;CONSERVADO;0;"GOBIERNO REGIONAL APURIMAC: 2 Profesionales especializados";https://empleosperuhoy.blogspot.com/2026/10/gobierno-regional-apurimac-2.html;"oferta laboral individual completa"
6324919143867012838;A;CONSERVAR;CONSERVADO;0;"PODER JUDICIAL: CAS N° 023 - CÓDIGO 01995: APOYO EN INFORMÁTICA";https://empleosperuhoy.blogspot.com/2026/10/oportunidad-laboral-cas-023-codigo-apoyo-informatica-poder-judicial-li.html;"oferta laboral individual completa"
6326796254148332592;A;CONSERVAR;CONSERVADO;0;"RED DE SALUD JAUJA: 276 N° 002: ENFERMERA/O ESPECIALISTA";https://empleosperuhoy.blogspot.com/2026/10/red-de-salud-jauja-276-n-002-enfermerao_8.html;"oferta laboral individual completa"
632763837087103137;A;CONSERVAR;CONSERVADO;0;"UNIVERSIDAD DE BAGUA: CAS N° 005 - ITEM N° 35: PROFESIONAL II - DIRECCION DE BIENESTAR UNIVERSITARIO-NUTRICIONISTA";https://empleosperuhoy.blogspot.com/2026/10/oportunidad-laboral-cas-005-item-profesional-direccion-bienestar-48e0.html;"oferta laboral individual completa"
6328886812906124901;A;CONSERVAR;CONSERVADO;0;"SERNANP: ANALISTA EN ANP";https://empleosperuhoy.blogspot.com/2026/10/sernanp-analista-en-anp_7.html;"oferta laboral individual completa"
6330426311003679695;A;CONSERVAR;CONSERVADO;0;"MINISTERIO DE TRANSPORTES (MTC): SECRETARIO TÉCNICO ÓRGANOS INSTRUCTORES DEL PROCEDIMIENTO ADMINISTRATIVO DISCIPLINARIO";https://empleosperuhoy.blogspot.com/2026/10/ministerio-de-transportes-mtc_4.html;"oferta laboral individual completa"
6342593381570906653;A;CONSERVAR;CONSERVADO;0;"CUNA MÁS: Administrador";https://empleosperuhoy.blogspot.com/2026/10/oportunidad-laboral-cas-421-administrador-cuna-mas-loreto-633497.html;"oferta laboral individual completa"
6342615513777640453;A;CONSERVAR;CONSERVADO;0;"N° 025-2026: Practicante para la Unidad Zonal III Amazonas";https://empleosperuhoy.blogspot.com/2026/09/n-025-2026-practicante-para-la-unidad.html;"oferta laboral individual completa"
6347697359145407482;A;CONSERVAR;CONSERVADO;0;"SUNAFIL: AUXILIAR COACTIVO";https://empleosperuhoy.blogspot.com/2026/10/oportunidad-laboral-cas-210-auxiliar-coactivo-sunafil-lima-631685.html;"oferta laboral individual completa"
6348731200058091692;A;CONSERVAR;CONSERVADO;0;"EJÉRCITO DEL PERÚ: OPERADOR DE EQUIPO MÉDICO";https://empleosperuhoy.blogspot.com/2026/10/ejercito-del-peru-operador-de-equipo_5.html;"oferta laboral individual completa"
6349249069571454114;A;CONSERVAR;CONSERVADO;0;"HOSPITAL GENERAL DE JAÉN: CAS N° 002 - Código AIRHSP 003577, 003578, 003579, 003580, 003581: NUTRICIONISTA";https://empleosperuhoy.blogspot.com/2026/10/oportunidad-laboral-cas-002-codigo-airhsp-nutricionista-hospital-gener.html;"oferta laboral individual completa"
6358166679801659215;A;CONSERVAR;CONSERVADO;0;"PRONABEC: ANALISTA LEGAL II";https://empleosperuhoy.blogspot.com/2026/10/pronabec-analista-legal-ii_8.html;"oferta laboral individual completa"
6365830038483996845;A;CONSERVAR;CONSERVADO;0;"HOSPITAL DE QUILLABAMBA: 276 N° 004: MEDICO ESPECIALISTA (PEDIATRA)";https://empleosperuhoy.blogspot.com/2026/10/hospital-de-quillabamba-276-n-004_0623416249.html;"oferta laboral individual completa"
6366838831514163476;A;CONSERVAR;CONSERVADO;0;"ABC Digital - Competencias digitales básicas para el empleo";https://empleosperuhoy.blogspot.com/2026/09/abc-digital.html;"oferta laboral individual completa"
6368019705145292330;A;CONSERVAR;CONSERVADO;0;"MUNICIPALIDAD DE YURA: 728 N° 004: OPERADOR DE MANTEMIENTO DE AREAS VERDES";https://empleosperuhoy.blogspot.com/2026/10/municipalidad-de-yura-728-n-004_02.html;"oferta laboral individual completa"
6370042983967582123;A;CONSERVAR;CONSERVADO;0;"PAE - PROGRAMA DE ALIMENTACIÓN ESCOLAR: ESPECIALISTA EN MANEJO DE BASE DE DATOS";https://empleosperuhoy.blogspot.com/2026/10/pae-programa-de-alimentacion-escolar_80.html;"oferta laboral individual completa"
6370057516912716479;A;CONSERVAR;CONSERVADO;0;"PODER JUDICIAL: CAS N° 023 - CÓDIGO 01635: ASISTENTE DE CUSTODIA Y GRABACIÓN";https://empleosperuhoy.blogspot.com/2026/10/poder-judicial-cas-n-023-codigo-01635_9.html;"oferta laboral individual completa"
6375899346494172318;A;CONSERVAR;CONSERVADO;0;"HOSPITAL JULIO CESAR DEMARINI CARO: Ingeniero Electrónico (022-PCAS04/2026)";https://empleosperuhoy.blogspot.com/2026/10/hospital-julio-cesar-demarini-caro_290.html;"oferta laboral individual completa"
6378086020862151910;A;CONSERVAR;CONSERVADO;0;"PODER JUDICIAL: CAS N° 031 - CÓDIGO 02849: SECRETARIO/A DE SALA";https://empleosperuhoy.blogspot.com/2026/10/oportunidad-laboral-cas-031-codigo-secretario-sala-poder-judicial-apur.html;"oferta laboral individual completa"
6379508496747678032;A;CONSERVAR;CONSERVADO;0;"DIRECCIÓN DE AGRICULTURA HUÁNUCO: ESPECIALISTA EN ESTADISTICA - CODIGO AIRHSP:000640";https://empleosperuhoy.blogspot.com/2026/10/oportunidad-laboral-cas-004-2026-especialista-estadistica-codigo-bd1e.html;"oferta laboral individual completa"
6384845093434917545;A;CONSERVAR;CONSERVADO;0;"GERENCIA SUB REGIONAL HUAYTARÁ: Contador y Técnico en Racionalización";https://empleosperuhoy.blogspot.com/2026/10/gerencia-sub-regional-huaytara-contador.html;"oferta laboral individual completa"
6390298240896889983;A;CONSERVAR;CONSERVADO;0;"MINISTERIO PÚBLICO - FISCALÍA: CAS N° 134 - CÓDIGO AFF-06: ASISTENTE EN FUNCIÓN FISCAL";https://empleosperuhoy.blogspot.com/2026/10/oportunidad-laboral-cas-134-codigo-aff-asistente-funcion-fiscal-3573.html;"oferta laboral individual completa"
6398576564961619106;A;CONSERVAR;CONSERVADO;0;"PROCURADURÍA DEL ESTADO: PROCURADURÍA DEL ESTADO: (12) Especialistas, analistas, asistentes y otros";https://empleosperuhoy.blogspot.com/2026/10/oferta-de-empleo-procuraduria-del-estado-especialistas-analistas-de65.html;"oferta laboral individual completa"
6404069210671380252;A;CONSERVAR;CONSERVADO;0;"PROGRAMA SANEAMIENTO URBANO: ESPECIALISTA SENIOR I EN COSTOS Y PRESUPUESTOS";https://empleosperuhoy.blogspot.com/2026/10/oportunidad-laboral-cas-040-especialista-senior-costos-presupuestos-pr.html;"oferta laboral individual completa"
6405629314054913630;A;CONSERVAR;CONSERVADO;0;"SUNARP: N° 015-2026: Practicante para la Oficina Registral de Chincha";https://empleosperuhoy.blogspot.com/2026/10/oportunidad-laboral-practicas-sunarp-secretariado-administracion-octub.html;"oferta laboral individual completa"
6415532672904808359;A;CONSERVAR;CONSERVADO;0;"INEI: AUXILIAR DE SALUD DE LOCAL DE EVALUACIÓN - LAMBAYEQUE";https://empleosperuhoy.blogspot.com/2026/10/oportunidad-laboral-auxiliar-salud-local-evaluacion-lambayeque-inei-62.html;"oferta laboral individual completa"
642005982471725657;A;CONSERVAR;CONSERVADO;0;"MINISTERIO PÚBLICO - FISCALÍA: N° 049 - CÓDIGO AAD-NOT: ASISTENTE ADMINISTRATIVO(NOTIFICADOR)";https://empleosperuhoy.blogspot.com/2026/10/ministerio-publico-fiscalia-n-049_9.html;"oferta laboral individual completa"
6426744621139450319;A;CONSERVAR;CONSERVADO;0;"PODER JUDICIAL: N° 001 - CÓDIGO 00307: PERITO JUDICIAL";https://empleosperuhoy.blogspot.com/2026/10/oportunidad-laboral-001-codigo-perito-judicial-poder-arequipa-632288.html;"oferta laboral individual completa"
6427707163287519421;A;CONSERVAR;CONSERVADO;0;"UNIVERSIDAD DE BAGUA: CAS N° 005 - ITEM N° 28: TÉCNICO LABORATORISTA - FACULTAD DE CIENCIAS NATURALES Y APLICADAS";https://empleosperuhoy.blogspot.com/2026/10/oportunidad-laboral-cas-005-item-tecnico-laboratorista-facultad-8f98.html;"oferta laboral individual completa"
6433288563645426814;A;CONSERVAR;CONSERVADO;0;"SUCAMEC: SUCAMEC: (5) Inspectores y Asistente administrativo";https://empleosperuhoy.blogspot.com/2026/10/oferta-de-empleo-sucamec-inspectores-asistente-administrativo-co-014f.html;"oferta laboral individual completa"
6436474651974135284;A;CONSERVAR;CONSERVADO;0;"Supervisor ssoma / Planta Backus";https://empleosperuhoy.blogspot.com/2026/09/supervisor-ssoma-planta-backus_01671705889.html;"oferta laboral individual completa"
6444531124855522043;A;CONSERVAR;CONSERVADO;0;"PROGRAMA SANEAMIENTO URBANO: ESPECIALISTA I EN PRESUPUESTO";https://empleosperuhoy.blogspot.com/2026/10/programa-saneamiento-urbano_6.html;"oferta laboral individual completa"
6450549184737861937;A;CONSERVAR;CONSERVADO;0;"MINISTERIO PÚBLICO - FISCALÍA: CAS N° 137 - CÓDIGO AFF-02: ASISTENTE EN FUNCIÓN FISCAL";https://empleosperuhoy.blogspot.com/2026/10/ministerio-publico-fiscalia-cas-n-137_5.html;"oferta laboral individual completa"
6450844324649047800;A;CONSERVAR;CONSERVADO;0;"MUNICIPALIDAD SURQUILLO: OPERARIO(A) DE RECOLECCIÓN DE RESIDUOS SÓLIDOS MUNICIPALES";https://empleosperuhoy.blogspot.com/2026/10/municipalidad-surquillo-operarioa-de_4.html;"oferta laboral individual completa"
6450871579794370817;A;CONSERVAR;CONSERVADO;0;"MUNICIPALIDAD DE PICHACANI: Asistente de Gerencia Municipal";https://empleosperuhoy.blogspot.com/2026/10/oportunidad-laboral-cas-003-asistente-gerencia-municipal-municipalidad.html;"oferta laboral individual completa"
6451199463675928079;A;CONSERVAR;CONSERVADO;0;"UNIVERSIDAD DE BAGUA: CAS N° 005 - ITEM N° 02: PROFESIONAL III - VICEPRESIDENCIA DE INVESTIGACIÓN";https://empleosperuhoy.blogspot.com/2026/10/universidad-de-bagua-cas-n-005-item-n_060.html;"oferta laboral individual completa"
6452882346718805463;A;CONSERVAR;CONSERVADO;0;"HOSPITAL DEPARTAMENTAL DE HUANCAVELICA: CAS N° 010 - ITEM 03: TECNOLOGO MEDICO-EN ANATOMIA PATOLOGICA";https://empleosperuhoy.blogspot.com/2026/10/oportunidad-laboral-cas-010-item-tecnologo-medico-anatomia-patologica-.html;"oferta laboral individual completa"
6454423301364058006;A;CONSERVAR;CONSERVADO;0;"HOSPITAL GENERAL DE JAÉN: CAS N° 002 - Código AIRHSP 003548: MÉDICO ESPECIALISTA EN REUMATOLOGIA";https://empleosperuhoy.blogspot.com/2026/10/hospital-general-de-jaen-cas-n-002_03.html;"oferta laboral individual completa"
6455916803048501128;A;CONSERVAR;CONSERVADO;0;"HOSPITAL GENERAL DE JAÉN: CAS N° 002 - Código AIRHSP 003558 Y 003559: MÉDICO ESPECIALISTA EN TRAUMATOLOGÍA";https://empleosperuhoy.blogspot.com/2026/10/oportunidad-laboral-cas-002-codigo-airhsp-medico-especialista-traumato.html;"oferta laboral individual completa"
6456627462355315263;A;CONSERVAR;CONSERVADO;0;"HOSPITAL DEPARTAMENTAL DE HUANCAVELICA: CAS N° 010 - ITEM 05: SECRETARIA EJECUTIVA";https://empleosperuhoy.blogspot.com/2026/10/hospital-departamental-de-huancavelica_32.html;"oferta laboral individual completa"
6459101418515664822;A;CONSERVAR;CONSERVADO;0;"MINISTERIO DE CULTURA: ESPECIALISTA LEGAL";https://empleosperuhoy.blogspot.com/2026/10/ministerio-de-cultura-especialista-legal_7.html;"oferta laboral individual completa"
6471641077226754940;A;CONSERVAR;CONSERVADO;0;"MINISTERIO DEL AMBIENTE (MINAM): Especialista en Prensa y Comunicación Digital";https://empleosperuhoy.blogspot.com/2026/10/oportunidad-laboral-cas-063-especialista-prensa-comunicacion-digital-m.html;"oferta laboral individual completa"
6478004670391305526;A;CONSERVAR;CONSERVADO;0;"SAT PIURA: Apoyo al Departamento de Recursos Humanos - Controlador";https://empleosperuhoy.blogspot.com/2026/10/sat-piura-apoyo-al-departamento-de_6.html;"oferta laboral individual completa"
6478889414137694570;A;CONSERVAR;CONSERVADO;0;"MINISTERIO PÚBLICO - FISCALÍA: CAS N° 134 - CÓDIGO AFF-05: ASISTENTE EN FUNCIÓN FISCAL";https://empleosperuhoy.blogspot.com/2026/10/oportunidad-laboral-cas-134-codigo-aff-asistente-funcion-fiscal-2065.html;"oferta laboral individual completa"
6480717608989067518;A;CONSERVAR;CONSERVADO;0;"UGEL SAN MARTÍN: COORDINADOR (A) DE INNOVACIÓN Y SOPORTE TECNÓLOGICO";https://empleosperuhoy.blogspot.com/2026/10/oportunidad-laboral-cas-004-coordinador-innovacion-soporte-tecnologico.html;"oferta laboral individual completa"
6481200999267450629;A;CONSERVAR;CONSERVADO;0;"CUNA MÁS: Técnico en Infraestructura";https://empleosperuhoy.blogspot.com/2026/10/oportunidad-laboral-cas-413-tecnico-infraestructura-cuna-mas-junin-632.html;"oferta laboral individual completa"
6489185555451956477;A;CONSERVAR;CONSERVADO;0;"HOSPITAL JULIO CESAR DEMARINI CARO: Tecnólogo Médico en Radiología (014-PCAS04/2026)";https://empleosperuhoy.blogspot.com/2026/10/oportunidad-laboral-cas-004-2026-tecnologo-medico-radiologia-014-pcas0.html;"oferta laboral individual completa"
6489532646363950293;A;CONSERVAR;CONSERVADO;0;"MINISTERIO PÚBLICO - FISCALÍA: N° 044 - CÓDIGO ANA-01: ANALISTA";https://empleosperuhoy.blogspot.com/2026/10/ministerio-publico-fiscalia-n-044_0.html;"oferta laboral individual completa"
6493194965743437716;A;CONSERVAR;CONSERVADO;0;"Adaptación al cambio";https://empleosperuhoy.blogspot.com/2026/09/adaptacion-al-cambio.html;"oferta laboral individual completa"
6495569435262134045;A;CONSERVAR;CONSERVADO;0;"CUNA MÁS: Asistente Administrativo";https://empleosperuhoy.blogspot.com/2026/10/cuna-mas-asistente-administrativo_49.html;"oferta laboral individual completa"
6498143575311039044;A;CONSERVAR;CONSERVADO;0;"MINISTERIO DE TRABAJO(MTPE): ESPECIALISTA LEGAL DE EJECUCIÓN Y COBRANZA COACTIVA";https://empleosperuhoy.blogspot.com/2026/10/ministerio-de-trabajomtpe-especialista_2.html;"oferta laboral individual completa"
6499694741565545432;A;CONSERVAR;CONSERVADO;0;"PODER JUDICIAL: CAS N° 015 - CÓDIGO 01463: ASISTENTE JUDICIAL";https://empleosperuhoy.blogspot.com/2026/10/oportunidad-laboral-cas-015-codigo-asistente-judicial-poder-cusco-6320.html;"oferta laboral individual completa"
6502051574891187278;A;CONSERVAR;CONSERVADO;0;"PODER JUDICIAL: N° 001 - CÓDIGO 00415: ASISTENTE JURISDICCIONAL";https://empleosperuhoy.blogspot.com/2026/10/oportunidad-laboral-001-codigo-asistente-jurisdiccional-poder-judicial.html;"oferta laboral individual completa"
6504542885949216621;A;CONSERVAR;CONSERVADO;0;"EJÉRCITO DEL PERÚ: ASISTENTE DE CONTABILIDAD";https://empleosperuhoy.blogspot.com/2026/10/ejercito-del-peru-asistente-de_6.html;"oferta laboral individual completa"
6508969806296703384;A;CONSERVAR;CONSERVADO;0;"PRONIED: Analista y especialista";https://empleosperuhoy.blogspot.com/2026/10/oferta-de-empleo-pronied-solicita-analista-especialista-convocat-909a.html;"oferta laboral individual completa"
6511570297700969910;A;CONSERVAR;CONSERVADO;0;"INEI: AUXILIAR DE SALUD DE LOCAL DE EVALUACIÓN - LA LIBERTAD";https://empleosperuhoy.blogspot.com/2026/10/oportunidad-laboral-auxiliar-salud-local-evaluacion-libertad-inei-6277.html;"oferta laboral individual completa"
6512727003324380194;A;CONSERVAR;CONSERVADO;0;"PODER JUDICIAL: N° 02 - CÓDIGO 00312: ANALISTA II";https://empleosperuhoy.blogspot.com/2026/10/poder-judicial-n-02-codigo-00312_1.html;"oferta laboral individual completa"
6514138193379073805;A;CONSERVAR;CONSERVADO;0;"MUNICIPALIDAD DE MAZAMARI: CAS N° 004 - ITEM N° 05: SEGUIMIENTO Y MONITOREO DE OBRAS";https://empleosperuhoy.blogspot.com/2026/10/oportunidad-laboral-cas-004-item-seguimiento-monitoreo-obras-mun-203b.html;"oferta laboral individual completa"
6516386100742496937;A;CONSERVAR;CONSERVADO;0;"RED DE SALUD CONCHUCOS NORTE - POMABAMBA: CAS N° 003 - CODIGO N° 000379: TECNOLOGO MÉDICO";https://empleosperuhoy.blogspot.com/2026/10/red-de-salud-conchucos-norte-pomabamba_01845267386.html;"oferta laboral individual completa"
6516792947156027261;A;CONSERVAR;CONSERVADO;0;"N° 077-2026: Practicante para la Oficina Desconcentrada de Junín - OEFA";https://empleosperuhoy.blogspot.com/2026/09/n-077-2026-practicante-para-la-oficina.html;"oferta laboral individual completa"
6528868571415325694;A;CONSERVAR;CONSERVADO;0;"OSINERGMIN: N° 029-2026: Practicante para la Secretaría Técnica de los Órganos Resolutivos";https://empleosperuhoy.blogspot.com/2026/10/oportunidad-laboral-practicas-osinergmin-ingenieria-electrica-el-9aef.html;"oferta laboral individual completa"
6529061623316907526;A;CONSERVAR;CONSERVADO;0;"HOSPITAL DE HUACHO: 276 N° 001-2026: Técnico/a en Nutrición I";https://empleosperuhoy.blogspot.com/2026/10/hospital-de-huacho-276-n-001-2026_72.html;"oferta laboral individual completa"
6532964995091293623;A;CONSERVAR;CONSERVADO;0;"MINISTERIO PÚBLICO - FISCALÍA: N° 044 - CÓDIGO MED-06: MÉDICO";https://empleosperuhoy.blogspot.com/2026/10/oportunidad-laboral-044-codigo-med-medico-ministerio-publico-fis-55d1.html;"oferta laboral individual completa"
6538710368911774695;A;CONSERVAR;CONSERVADO;0;"UNIVERSIDAD DE CAÑETE(UNDC): CAS N° 003- N° Plaza 034: ASISTENTE DE SOPORTE DE ACREDITACIÓN";https://empleosperuhoy.blogspot.com/2026/10/oportunidad-laboral-cas-003-plaza-034-asistente-soporte-acreditacion-u.html;"oferta laboral individual completa"
6541637794996535675;A;CONSERVAR;CONSERVADO;0;"Redactor De Tesis Maestría En Psicología - Remoto";https://empleosperuhoy.blogspot.com/2026/10/redactor-de-tesis-maestria-en.html;"oferta laboral individual completa"
6545092751858198988;A;CONSERVAR;CONSERVADO;0;"POLICÍA NACIONAL(PNP): MÉDICO ANESTESIÓLOGO";https://empleosperuhoy.blogspot.com/2026/10/oportunidad-laboral-cas-029-medico-anestesiologo-policia-nacional-pnp-.html;"oferta laboral individual completa"
6552084363561772746;A;CONSERVAR;CONSERVADO;0;"HOSPITAL GENERAL DE JAÉN: CAS N° 002 - Código AIRHSP 003573: TECNOLOGO MÉDICO EN LABORATORIO CLINICO Y ANATOMIA PATOLOGICA";https://empleosperuhoy.blogspot.com/2026/10/hospital-general-de-jaen-cas-n-002_63.html;"oferta laboral individual completa"
655885918767144128;A;CONSERVAR;CONSERVADO;0;"Practicante Pre Profesional - Area Comercial";https://empleosperuhoy.blogspot.com/2026/10/practicante-pre-profesional-area.html;"oferta laboral individual completa"
6559763862782723349;A;CONSERVAR;CONSERVADO;0;"Asesor(A) Comercial B2B";https://empleosperuhoy.blogspot.com/2026/10/asesora-comercial-b2b.html;"oferta laboral individual completa"
6561373854389824532;A;CONSERVAR;CONSERVADO;0;"UNIVERSIDAD DE CAÑETE(UNDC): CAS N° 003- N° Plaza 104: ASISTENTE ADMINISTRATIVO";https://empleosperuhoy.blogspot.com/2026/10/oportunidad-laboral-cas-003-plaza-104-asistente-administrativo-univers.html;"oferta laboral individual completa"
6562245159690235700;A;CONSERVAR;CONSERVADO;0;"PROGRAMA JOVENES PRODUCTIVOS: ANALISTA EN PRESUPUESTO";https://empleosperuhoy.blogspot.com/2026/10/programa-jovenes-productivos-analista_9.html;"oferta laboral individual completa"
6579554551084891102;A;CONSERVAR;CONSERVADO;0;"HOSPITAL GENERAL DE JAÉN: CAS N° 002 - Código AIRHSP 003565: ODONTÓLOGO ESPECIALISTA EN CIRUGÍA BUCAL Y MAXILOFACIAL";https://empleosperuhoy.blogspot.com/2026/10/hospital-general-de-jaen-cas-n-002_57.html;"oferta laboral individual completa"
6587675908607140274;A;CONSERVAR;CONSERVADO;0;"INDECOPI: N° 069-2026: Practicante para la sala Especializada en Protección al Consumidor";https://empleosperuhoy.blogspot.com/2026/10/indecopi-n-069-2026-practicante-para-la_8.html;"oferta laboral individual completa"
6591586258137758274;A;CONSERVAR;CONSERVADO;0;"INSTITUTO DE ENERGÍA NUCLEAR(IPEN): ESPECIALISTA DE TESORERIA";https://empleosperuhoy.blogspot.com/2026/10/instituto-de-energia-nuclearipen_9.html;"oferta laboral individual completa"
6592525497843326722;A;CONSERVAR;CONSERVADO;0;"DIRECCIÓN DE AGRICULTURA HUÁNUCO: PERSONAL DE JARDINERIA Y MANTENIMIENTO - CODIGO AIRHSP:000657";https://empleosperuhoy.blogspot.com/2026/10/oportunidad-laboral-cas-004-2026-personal-jardineria-mantenimiento-cod.html;"oferta laboral individual completa"
6607654520461438120;A;CONSERVAR;CONSERVADO;0;"PROCURADURÍA DEL ESTADO: ASISTENTE/A III DE DEFENSA JURÍDICA DEL ESTADO";https://empleosperuhoy.blogspot.com/2026/10/procuraduria-del-estado-asistentea-iii_1.html;"oferta laboral individual completa"
6613017220496017345;A;CONSERVAR;CONSERVADO;0;"FONCODES: LIQUIDADOR DE PROYECTOS";https://empleosperuhoy.blogspot.com/2026/10/oportunidad-laboral-cas-025-liquidador-proyectos-foncodes-san-martin-6.html;"oferta laboral individual completa"
6616784605554903000;A;CONSERVAR;CONSERVADO;0;"PODER JUDICIAL: CAS N° 069 - CÓDIGO 03521: ESPECIALISTA DE GESTIÓN INTEGRAL";https://empleosperuhoy.blogspot.com/2026/10/oportunidad-laboral-cas-069-codigo-especialista-gestion-integral-poder.html;"oferta laboral individual completa"
6619833730537527990;A;CONSERVAR;CONSERVADO;0;"50 Operarios De Almacén - Villa El Salvador";https://empleosperuhoy.blogspot.com/2026/10/50-operarios-de-almacen-villa-el.html;"oferta laboral individual completa"
6621613418586924244;A;CONSERVAR;CONSERVADO;0;"SUNARP: N° 015-2026: Practicante para la Oficina Receptora Parcona - Ica";https://empleosperuhoy.blogspot.com/2026/10/sunarp-n-015-2026-practicante-para-la_9.html;"oferta laboral individual completa"
6623503299430665312;A;CONSERVAR;CONSERVADO;0;"UNIVERSIDAD DE CAÑETE(UNDC): CAS N° 003- N° Plaza 028: CHOFER";https://empleosperuhoy.blogspot.com/2026/10/universidad-de-caneteundc-cas-n-003-n_71.html;"oferta laboral individual completa"
6623745210031304118;A;CONSERVAR;CONSERVADO;0;"INEI: OPERADOR DE MANTENIMIENTO DE LOCAL DE EVALUACIÓN - MADRE DE DIOS";https://empleosperuhoy.blogspot.com/2026/10/inei-operador-de-mantenimiento-de-local_700.html;"oferta laboral individual completa"
662565540977505005;A;CONSERVAR;CONSERVADO;0;"MINISTERIO DEL INTERIOR (MININTER): 2 analistas";https://empleosperuhoy.blogspot.com/2026/10/oferta-de-empleo-ministerio-del-interior-mininter-busca-analista-e499.html;"oferta laboral individual completa"
6635678094945963590;A;CONSERVAR;CONSERVADO;0;"MUNICIPALIDAD DE MAZAMARI: CAS N° 004 - ITEM N° 10: ESPECIALISTA EN FORMULACION Y EVALUACION DE ESTUDIOS DE PREINVERSION";https://empleosperuhoy.blogspot.com/2026/10/municipalidad-de-mazamari-cas-n-004_12.html;"oferta laboral individual completa"
6635927694870584232;A;CONSERVAR;CONSERVADO;0;"INEI: AUXILIAR DE SALUD DE LOCAL DE EVALUACIÓN - MOQUEGUA";https://empleosperuhoy.blogspot.com/2026/10/oportunidad-laboral-auxiliar-salud-local-evaluacion-moquegua-inei-6277.html;"oferta laboral individual completa"
6637487090413753725;A;CONSERVAR;CONSERVADO;0;"HOSPITAL GENERAL DE JAÉN: CAS N° 002 - Código AIRHSP 003572: TECNOLOGO MEDICO EN RADIOLOGIA";https://empleosperuhoy.blogspot.com/2026/10/oportunidad-laboral-cas-002-codigo-airhsp-tecnologo-medico-radio-8f07.html;"oferta laboral individual completa"
6638798884063252387;A;CONSERVAR;CONSERVADO;0;"UGEL VIRÚ: PERSONAL DE LIMPIEZA Y MANTENIMIENTO";https://empleosperuhoy.blogspot.com/2026/10/ugel-viru-personal-de-limpieza-y_8.html;"oferta laboral individual completa"
6642515323356842071;A;CONSERVAR;CONSERVADO;0;"SUNARP: N° 015-2026: Practicante para la Oficina Registral de Nasca";https://empleosperuhoy.blogspot.com/2026/10/sunarp-n-015-2026-practicante-para-la_4.html;"oferta laboral individual completa"
6649304045619863784;A;CONSERVAR;CONSERVADO;0;"HOSPITAL VILLA EL SALVADOR: Especialista Administrativo I";https://empleosperuhoy.blogspot.com/2026/10/oportunidad-laboral-cas-006-2026-especialista-administrativo-hospital-.html;"oferta laboral individual completa"
6650226870027451605;A;CONSERVAR;CONSERVADO;0;"EJÉRCITO DEL PERÚ: TÉCNICO EN FINANZAS";https://empleosperuhoy.blogspot.com/2026/10/oportunidad-laboral-tecnico-finanzas-ejercito-del-peru-lima-627379.html;"oferta laboral individual completa"
6650227000925208593;A;CONSERVAR;CONSERVADO;0;"MINISTERIO DE VIVIENDA: Analista de Calidad";https://empleosperuhoy.blogspot.com/2026/09/ministerio-de-vivienda-analista-de.html;"oferta laboral individual completa"
6655389781967923875;A;CONSERVAR;CONSERVADO;0;"INSTITUTO DE REHABILITACIÓN(INR): TECNICO EN SERVICIOS GENERALES I";https://empleosperuhoy.blogspot.com/2026/10/oportunidad-laboral-cas-002-instituto-rehabilitacion-inr-lima-633404.html;"oferta laboral individual completa"
6656531800761372125;A;CONSERVAR;CONSERVADO;0;"SUCAMEC: ASISTENTE ADMINISTRATIVO";https://empleosperuhoy.blogspot.com/2026/10/sucamec-asistente-administrativo_2.html;"oferta laboral individual completa"
666293545723413500;A;CONSERVAR;CONSERVADO;0;"HOSPITAL GENERAL DE JAÉN: CAS N° 002 - Código AIRHSP 003563: MÉDICO ESPECIALISTA EN CIRUGÍA PEDIÁTRICA";https://empleosperuhoy.blogspot.com/2026/10/hospital-general-de-jaen-cas-n-002_78.html;"oferta laboral individual completa"
666297349412083250;A;CONSERVAR;CONSERVADO;0;"HOSPITAL GENERAL DE JAÉN: TECNICO/A ADMINISTRATIVO/A";https://empleosperuhoy.blogspot.com/2026/10/hospital-general-de-jaen-tecnicoa_1.html;"oferta laboral individual completa"
6672919133339171562;A;CONSERVAR;CONSERVADO;0;"HOSPITAL REGIONAL DE MOQUEGUA: CAS N° 003 - ITEM 12: MÉDICO RADIÓLOGO - DIAGNÓSTICO POR IMÁGENES";https://empleosperuhoy.blogspot.com/2026/10/oportunidad-laboral-cas-003-item-medico-radiologo-diagnostico-por-imag.html;"oferta laboral individual completa"
6674540921815114735;A;CONSERVAR;CONSERVADO;0;"SERNANP: INGENIERO SANITARIO";https://empleosperuhoy.blogspot.com/2026/10/sernanp-ingeniero-sanitario_9.html;"oferta laboral individual completa"
6677449764901822154;A;CONSERVAR;CONSERVADO;0;"UNIVERSIDAD DE CAÑETE(UNDC): CAS N° 003- N° Plaza 067: ESPECIALISTA EN PROCESOS LOGÍSTICOS";https://empleosperuhoy.blogspot.com/2026/10/oportunidad-laboral-cas-003-plaza-067-especialista-procesos-logisticos.html;"oferta laboral individual completa"
6680288544128142641;A;CONSERVAR;CONSERVADO;0;"DIRECCION DE EDUCACION(DRE) ANCASH: Especialista en Educación Superior";https://empleosperuhoy.blogspot.com/2026/10/oportunidad-laboral-cas-027-especialista-educacion-superior-direccion-.html;"oferta laboral individual completa"
6684645675487602888;A;CONSERVAR;CONSERVADO;0;"MINISTERIO DEL AMBIENTE (MINAM): EXPERTO(A) AMBIENTAL";https://empleosperuhoy.blogspot.com/2026/10/oportunidad-laboral-cas-066-experto-ambiental-ministerio-del-ambiente-.html;"oferta laboral individual completa"
6695093565811907038;A;CONSERVAR;CONSERVADO;0;"MUNICIPALIDAD DE SAN RAMÓN: ASISTENTE ADMINISTRATIVO - ULE";https://empleosperuhoy.blogspot.com/2026/10/municipalidad-de-san-ramon-asistente_0110048237.html;"oferta laboral individual completa"
6699618288085599843;A;CONSERVAR;CONSERVADO;0;"MINISTERIO DE CULTURA: DIRECTOR/A DE PROYECTO INTEGRAL AYPATE";https://empleosperuhoy.blogspot.com/2026/10/ministerio-de-cultura-directora-de_6.html;"oferta laboral individual completa"
6700777278763155277;A;CONSERVAR;CONSERVADO;0;"DIRECCIÓN DE EDUCACIÓN(DRE)LIMA: AUXILIAR DE BIBLIOTECA";https://empleosperuhoy.blogspot.com/2026/10/oportunidad-laboral-auxiliar-biblioteca-direccion-educacion-dre-lima-6.html;"oferta laboral individual completa"
6709613305368143584;A;CONSERVAR;CONSERVADO;0;"UGEL CAYLLOMA: PERSONAL ESPECIALIZADO EN EL SERVICIO CEBE";https://empleosperuhoy.blogspot.com/2026/10/ugel-caylloma-personal-especializado-en_8.html;"oferta laboral individual completa"
6710983541733749834;A;CONSERVAR;CONSERVADO;0;"POLICÍA NACIONAL(PNP): LICENCIADO (A) EN ENFERMERÍA";https://empleosperuhoy.blogspot.com/2026/10/policia-nacionalpnp-licenciado-en_7.html;"oferta laboral individual completa"
671689616866516858;A;CONSERVAR;CONSERVADO;0;"UGEL BELLAVISTA: UGEL BELLAVISTA: Solicita Coordinador de innovación y soporte técnologico";https://empleosperuhoy.blogspot.com/2026/10/oferta-de-empleo-ugel-bellavista-solicita-coordinador-innovacion-840c.html;"oferta laboral individual completa"
6718265369221264836;A;CONSERVAR;CONSERVADO;0;"UNIVERSIDAD DE FRONTERA DE SULLANA: Especialista: Unidad de Laboratorio de Investigación";https://empleosperuhoy.blogspot.com/2026/10/universidad-de-frontera-de-sullana_35.html;"oferta laboral individual completa"
6720370200446488481;A;CONSERVAR;CONSERVADO;0;"OSITRAN: N° 029-2026: Practicante para la Jefatura de Tecnologías de la Información";https://empleosperuhoy.blogspot.com/2026/10/ositran-n-029-2026-practicante-para-la_3.html;"oferta laboral individual completa"
6720900603766880533;A;CONSERVAR;CONSERVADO;0;"PROCURADURÍA DEL ESTADO: PROCURADURÍA DEL ESTADO: 100 Procuradores públicos y Procuradores públicos adjuntos";https://empleosperuhoy.blogspot.com/2026/10/oferta-de-empleo-procuraduria-del-estado-100-procuradores-public-96a5.html;"oferta laboral individual completa"
6721790849051622660;A;CONSERVAR;CONSERVADO;0;"FONCODES: CONDUCTOR DE VEHICULO";https://empleosperuhoy.blogspot.com/2026/10/foncodes-conductor-de-vehiculo_6.html;"oferta laboral individual completa"
6723340200567827725;A;CONSERVAR;CONSERVADO;0;"SUPERINTENDENCIA DE BANCA, SEGUROS Y AFP: 6 practicantes";https://empleosperuhoy.blogspot.com/2026/10/superintendencia-de-banca-seguros-y-afp_8.html;"oferta laboral individual completa"
6723886783903519418;A;CONSERVAR;CONSERVADO;0;"UNIVERSIDAD DE CAÑETE(UNDC): CAS N° 003- N° Plaza 094: TÉCNICO EN CUIDADO INFANTIL";https://empleosperuhoy.blogspot.com/2026/10/universidad-de-caneteundc-cas-n-003-n_13.html;"oferta laboral individual completa"
6727498630193465710;A;CONSERVAR;CONSERVADO;0;"MUNICIPALIDAD SURQUILLO: MUNICIPALIDAD SURQUILLO: (4) Coordinador del CODISEC y Operarios de Limpieza";https://empleosperuhoy.blogspot.com/2026/10/municipalidad-surquillo-municipalidad_3.html;"oferta laboral individual completa"
6730415853430152990;A;CONSERVAR;CONSERVADO;0;"PODER JUDICIAL: N° 001 - CÓDIGO 00421: ESPECIALISTA JUDICIAL DE AUDIENCIA";https://empleosperuhoy.blogspot.com/2026/10/poder-judicial-n-001-codigo-00421_4.html;"oferta laboral individual completa"
6743905840870057239;A;CONSERVAR;CONSERVADO;0;"SUTRAN: N° 013-2026: Practicante para la Gerencia de Prevención";https://empleosperuhoy.blogspot.com/2026/10/sutran-n-013-2026-practicante-para-la_0.html;"oferta laboral individual completa"
674730370330758374;A;CONSERVAR;CONSERVADO;0;"HOSPITAL SANTA ROSA PUERTO MALDONADO: HOSPITAL SANTA ROSA PUERTO MALDONADO: (22) Médicos, enfermeras, técnicos y otros";https://empleosperuhoy.blogspot.com/2026/10/hospital-santa-rosa-puerto-maldonado_9.html;"oferta laboral individual completa"
6752304780378789519;A;CONSERVAR;CONSERVADO;0;"INTENDENCIA NACIONAL DE BOMBEROS: Especialista y analista";https://empleosperuhoy.blogspot.com/2026/10/oferta-de-empleo-intendencia-nacional-bomberos-solicita-especial-d9bb.html;"oferta laboral individual completa"
6755205695078798766;A;CONSERVAR;CONSERVADO;0;"Administrador (a)";https://empleosperuhoy.blogspot.com/2026/09/administrador-a.html;"oferta laboral individual completa"
6758916294927718903;A;CONSERVAR;CONSERVADO;0;"MUNICIPALIDAD LA MAR - VRAEM: Técnico administrado";https://empleosperuhoy.blogspot.com/2026/10/oferta-de-empleo-municipalidad-mar-vraem-requiere-tecnico-admini-1ec2.html;"oferta laboral individual completa"
6765189941878060433;A;CONSERVAR;CONSERVADO;0;"EJÉRCITO DEL PERÚ: TÉCNICO ADMINISTRATIVO";https://empleosperuhoy.blogspot.com/2026/10/oportunidad-laboral-tecnico-administrativo-ejercito-del-peru-lima-6273.html;"oferta laboral individual completa"
6770061227174735112;A;CONSERVAR;CONSERVADO;0;"MUNICIPALIDAD DE YURA: (4) Operadores de servicio";https://empleosperuhoy.blogspot.com/2026/10/municipalidad-de-yura-4-operadores-de_1.html;"oferta laboral individual completa"
6771541829494604598;A;CONSERVAR;CONSERVADO;0;"PODER JUDICIAL: CAS N° 012 - CÓDIGO 02580: RESGUARDO, CUSTODIA Y VIGILANCIA";https://empleosperuhoy.blogspot.com/2026/10/poder-judicial-cas-n-012-codigo-02580_7.html;"oferta laboral individual completa"
6771977214951630490;A;CONSERVAR;CONSERVADO;0;"MINISTERIO DE COMERCIO(MINCETUR): Especialista Administrativo";https://empleosperuhoy.blogspot.com/2026/10/oportunidad-laboral-cas-035-especialista-administrativo-ministerio-com.html;"oferta laboral individual completa"
6774453113437658002;A;CONSERVAR;CONSERVADO;0;"PODER JUDICIAL: CAS N° 096 - CÓDIGO 00448: RESGUARDO, CUSTODIA Y VIGILANCIA";https://empleosperuhoy.blogspot.com/2026/10/oportunidad-laboral-cas-096-codigo-resguardo-custodia-vigilancia-poder.html;"oferta laboral individual completa"
6776247140807705233;A;CONSERVAR;CONSERVADO;0;"INEI: OPERADOR DE MANTENIMIENTO DE LOCAL DE EVALUACIÓN - JUNÍN";https://empleosperuhoy.blogspot.com/2026/10/inei-operador-de-mantenimiento-de-local_419.html;"oferta laboral individual completa"
6777442323973823866;A;CONSERVAR;CONSERVADO;0;"Redactor De Tesis En Ing Ambiental- Remoto";https://empleosperuhoy.blogspot.com/2026/10/redactor-de-tesis-en-ing-ambiental.html;"oferta laboral individual completa"
6778700005073269065;A;CONSERVAR;CONSERVADO;0;"HOSPITAL REGIONAL DE MOQUEGUA: CAS N° 003 - ITEM 15: ENFERMERA - DEPARTAMENTO DE ENFERMERÍA";https://empleosperuhoy.blogspot.com/2026/10/hospital-regional-de-moquegua-cas-n-003_32.html;"oferta laboral individual completa"
6779683614824107529;A;CONSERVAR;CONSERVADO;0;"UNIVERSIDAD DE CAÑETE(UNDC): CAS N° 003- N° Plaza 062: ESPECIALISTA INFORMÁTICO";https://empleosperuhoy.blogspot.com/2026/10/oportunidad-laboral-cas-003-plaza-062-especialista-informatico-univers.html;"oferta laboral individual completa"
6781393592603738376;A;CONSERVAR;CONSERVADO;0;"DIRECCIÓN DE AGRICULTURA HUÁNUCO: TECNICO ADMINISTRATIVO - CODIGO AIRHSP:000652";https://empleosperuhoy.blogspot.com/2026/10/oportunidad-laboral-cas-004-2026-tecnico-administrativo-codigo-a-fd91.html;"oferta laboral individual completa"
6785611672158546496;A;CONSERVAR;CONSERVADO;0;"EDUCACIÓN FINANCIERA Y ECONOMÍA BÁSICA";https://empleosperuhoy.blogspot.com/2026/09/educacion-financiera-y-economia-basica.html;"oferta laboral individual completa"
6790169993417119217;A;CONSERVAR;CONSERVADO;0;"Supervisor de Producción – Área de Foliares";https://empleosperuhoy.blogspot.com/2026/09/supervisor-de-produccion-area-de.html;"oferta laboral individual completa"
6790571538054802456;A;CONSERVAR;CONSERVADO;0;"Redactor De Tesis- Turismo-Remoto";https://empleosperuhoy.blogspot.com/2026/10/redactor-de-tesis-turismo-remoto.html;"oferta laboral individual completa"
6790725473921813846;A;CONSERVAR;CONSERVADO;0;"EJÉRCITO DEL PERÚ: TÉCNICO DE ENFERMERÍA";https://empleosperuhoy.blogspot.com/2026/10/ejercito-del-peru-tecnico-de-enfermeria_1.html;"oferta laboral individual completa"
6791079315212411125;A;CONSERVAR;CONSERVADO;0;"PROCURADURÍA DEL ESTADO: ESPECIALISTA LEGAL II EN GESTIÓN DE RECURSOS HUMANOS";https://empleosperuhoy.blogspot.com/2026/10/procuraduria-del-estado-especialista_8.html;"oferta laboral individual completa"
6792265693509439428;A;CONSERVAR;CONSERVADO;0;"MUNICIPALIDAD DE MARAS: GERENTE DE TURISMO Y MEDIO AMBIENTE";https://empleosperuhoy.blogspot.com/2026/10/oportunidad-laboral-cas-005-gerente-turismo-medio-ambiente-municipalid.html;"oferta laboral individual completa"
6793534925122141674;A;CONSERVAR;CONSERVADO;0;"INDECOPI: N° 054-2026: Practicante para la Comisión de Protección al Consumidor N°1";https://empleosperuhoy.blogspot.com/2026/10/indecopi-n-054-2026-practicante-para-la_9.html;"oferta laboral individual completa"
6797570613916451000;A;CONSERVAR;CONSERVADO;0;"UNIVERSIDAD DE BAGUA: CAS N° 005 - ITEM N° 27: TÉCNICO LABORATORISTA - FACULTAD DE CIENCIAS NATURALES Y APLICADAS";https://empleosperuhoy.blogspot.com/2026/10/universidad-de-bagua-cas-n-005-item-n_104.html;"oferta laboral individual completa"
6800840880194452294;A;CONSERVAR;CONSERVADO;0;"UGEL 5: Oficinista";https://empleosperuhoy.blogspot.com/2026/10/ugel-5-oficinista_1.html;"oferta laboral individual completa"
681070308002743662;A;CONSERVAR;CONSERVADO;0;"PODER JUDICIAL: N° 001 - CÓDIGO 00337-1: TECNICO ADMINISTRATIVO II";https://empleosperuhoy.blogspot.com/2026/10/oportunidad-laboral-001-codigo-tecnico-administrativo-poder-judi-1402.html;"oferta laboral individual completa"
6818743062392658536;A;CONSERVAR;CONSERVADO;0;"UGEL LEONCIO PRADO: Trabajador de Servicio III";https://empleosperuhoy.blogspot.com/2026/10/ugel-leoncio-prado-trabajador-de.html;"oferta laboral individual completa"
6819104494213901711;A;CONSERVAR;CONSERVADO;0;"PAE - PROGRAMA DE ALIMENTACIÓN ESCOLAR: SUPERVISOR/A DE PLANTAS Y ALMACENES";https://empleosperuhoy.blogspot.com/2026/10/oportunidad-laboral-cas-096-supervisor-plantas-almacenes-pae-programa-.html;"oferta laboral individual completa"
6819943434571669540;A;CONSERVAR;CONSERVADO;0;"Redactor De Tesis En Ing Sanitaria - Remoto Piura";https://empleosperuhoy.blogspot.com/2026/10/redactor-de-tesis-en-ing-sanitaria.html;"oferta laboral individual completa"
6824195150731553357;A;CONSERVAR;CONSERVADO;0;"SERNANP: SERNANP: (49) Asistentes operativos, analistas y especialistas";https://empleosperuhoy.blogspot.com/2026/10/sernanp-sernanp-49-asistentes_6.html;"oferta laboral individual completa"
6825297145551798909;A;CONSERVAR;CONSERVADO;0;"MUNICIPALIDAD DE HUACHÓN: JEFE DE OFICINA DEFENSA CIVIL";https://empleosperuhoy.blogspot.com/2026/10/oportunidad-laboral-cas-005-jefe-oficina-defensa-civil-municipalidad-h.html;"oferta laboral individual completa"
6833082941884047745;A;CONSERVAR;CONSERVADO;0;"HOSPITAL GENERAL DE JAÉN: CAS N° 002 - Código AIRHSP 003569: TECNOLOGO MEDICO EN TERAPIA DE LENGUAJE";https://empleosperuhoy.blogspot.com/2026/10/hospital-general-de-jaen-cas-n-002_0.html;"oferta laboral individual completa"
6835562614482279121;A;CONSERVAR;CONSERVADO;0;"PAE - PROGRAMA DE ALIMENTACIÓN ESCOLAR: PAE - PROGRAMA DE ALIMENTACIÓN ESCOLAR: (25) Monitores, Especialistas, y otros cargos";https://empleosperuhoy.blogspot.com/2026/10/oferta-de-empleo-pae-programa-alimentacion-escolar-monitores-esp-f89d.html;"oferta laboral individual completa"
6847679628150069067;A;CONSERVAR;CONSERVADO;0;"MUNICIPALIDAD DE PICHACANI: Asistente de Abastecimientos";https://empleosperuhoy.blogspot.com/2026/10/oportunidad-laboral-cas-003-asistente-abastecimientos-municipalidad-pi.html;"oferta laboral individual completa"
6859890566699841809;A;CONSERVAR;CONSERVADO;0;"UNIVERSIDAD DE HUANTA: Conductor Vehículo";https://empleosperuhoy.blogspot.com/2026/10/universidad-de-huanta-conductor-vehiculo_3.html;"oferta laboral individual completa"
685997041516121139;A;CONSERVAR;CONSERVADO;0;"SERNANP: ANALISTAS EN ANP";https://empleosperuhoy.blogspot.com/2026/10/oportunidad-laboral-cas-006-analistas-anp-sernanp-madre-dios-632841.html;"oferta laboral individual completa"
6862166138788843069;A;CONSERVAR;CONSERVADO;0;"CAS N° 044: ESPECIALISTA EN PLANIFICACIÓN DE RECURSOS HUMANOS";https://empleosperuhoy.blogspot.com/2026/09/cas-n-044-especialista-en-planificacion.html;"oferta laboral individual completa"
6876660454123567383;A;CONSERVAR;CONSERVADO;0;"PODER JUDICIAL: N° 001 - CÓDIGO 00340-7: ASISTENTE JUDICIAL";https://empleosperuhoy.blogspot.com/2026/10/oportunidad-laboral-001-codigo-asistente-judicial-poder-arequipa-86a7.html;"oferta laboral individual completa"
6877064391238543095;A;CONSERVAR;CONSERVADO;0;"PODER JUDICIAL: CAS N° 017 - CÓDIGO 01129: Especialista judicial de audiencia – Módulo Penal Central";https://empleosperuhoy.blogspot.com/2026/10/oportunidad-laboral-cas-017-codigo-especialista-judicial-audiencia-mod.html;"oferta laboral individual completa"
6880271822428023156;A;CONSERVAR;CONSERVADO;0;"RED DE SALUD VIRÚ: Especialista Administrativo (Oficina de Planeamiento y Presupuesto)";https://empleosperuhoy.blogspot.com/2026/10/red-de-salud-viru-especialista_5.html;"oferta laboral individual completa"
6883204280269232921;A;CONSERVAR;CONSERVADO;0;"EJÉRCITO DEL PERÚ: TRABAJADOR DE SERVICIOS DE LIMPIEZA";https://empleosperuhoy.blogspot.com/2026/10/ejercito-del-peru-trabajador-de_2.html;"oferta laboral individual completa"
6886024558064903183;A;CONSERVAR;CONSERVADO;0;"PODER JUDICIAL: CAS N° 024 - CÓDIGO 02967: ESPECIALISTA LEGAL EN MÓDULO PENAL";https://empleosperuhoy.blogspot.com/2026/10/oportunidad-laboral-cas-024-codigo-especialista-legal-modulo-penal-pod.html;"oferta laboral individual completa"
6886350444883337185;A;CONSERVAR;CONSERVADO;0;"HOSPITAL SICUANI: CAS N° 003 - ITEM 01: PSICOLOGIA";https://empleosperuhoy.blogspot.com/2026/10/oportunidad-laboral-cas-003-psicologia-hospital-sicuani-cusco-633417.html;"oferta laboral individual completa"
68954842455170671;A;CONSERVAR;CONSERVADO;0;"UNIVERSIDAD DE CAÑETE(UNDC): CAS N° 003- N° Plaza 042: ASISTENTE ADMINISTRATIVO";https://empleosperuhoy.blogspot.com/2026/10/oportunidad-laboral-cas-003-plaza-042-asistente-administrativo-univers.html;"oferta laboral individual completa"
6900077154657984698;A;CONSERVAR;CONSERVADO;0;"MINISTERIO DE VIVIENDA: Coordinador/a del Equipo de Control Patrimonial";https://empleosperuhoy.blogspot.com/2026/09/ministerio-de-vivienda-coordinadora-del_0841738441.html;"oferta laboral individual completa"
6905977419302537579;A;CONSERVAR;CONSERVADO;0;"Redactor De Tesis En Arquitectura - Remoto";https://empleosperuhoy.blogspot.com/2026/10/redactor-de-tesis-en-arquitectura-remoto.html;"oferta laboral individual completa"
6912208219956047508;A;CONSERVAR;CONSERVADO;0;"HOSPITAL SANTA ROSA: Enfermera/o Especialista";https://empleosperuhoy.blogspot.com/2026/09/hospital-santa-rosa-enfermerao_01933158008.html;"oferta laboral individual completa"
6917109122271299421;A;CONSERVAR;CONSERVADO;0;"RED DE SALUD CHANCHAMAYO: Especialista Administrativo - Unidad de Gestión de Recursos Humanos";https://empleosperuhoy.blogspot.com/2026/10/oportunidad-laboral-cas-004-2026-especialista-administrativo-unidad-ge.html;"oferta laboral individual completa"
6925104168173850656;A;CONSERVAR;CONSERVADO;0;"HOSPITAL SICUANI: CAS N° 003 - ITEM 08: DIGITADOR";https://empleosperuhoy.blogspot.com/2026/10/hospital-sicuani-cas-n-003-item-08_3.html;"oferta laboral individual completa"
6932103065639948392;A;CONSERVAR;CONSERVADO;0;"PODER JUDICIAL: N° 037 - CÓDIGO 00340-1: Asistente Judicial";https://empleosperuhoy.blogspot.com/2026/10/poder-judicial-n-037-codigo-00340-1_6.html;"oferta laboral individual completa"
6934249052283139581;A;CONSERVAR;CONSERVADO;0;"PROMPERÚ: ESPECIALISTA EN PRODUCCIÓN DE EVENTOS II";https://empleosperuhoy.blogspot.com/2026/10/oportunidad-laboral-cas-077-especialista-produccion-eventos-prom-6ab3.html;"oferta laboral individual completa"
6938717258662129529;A;CONSERVAR;CONSERVADO;0;"UGEL PANGOA: Especialista en PAD y Profesional en Informática";https://empleosperuhoy.blogspot.com/2026/10/ugel-pangoa-especialista-en-pad-y_7.html;"oferta laboral individual completa"
6940753218579048536;A;CONSERVAR;CONSERVADO;0;"UGEL CONTUMAZÁ: Ingeniero y relacionista público";https://empleosperuhoy.blogspot.com/2026/10/oferta-de-empleo-ugel-contumaza-requiere-ingeniero-relacionista-2078.html;"oferta laboral individual completa"
6943234150621733467;A;CONSERVAR;CONSERVADO;0;"UGEL ACOMAYO: CAS N° 005 - P-001: ESPECIALISTA EN PROCESOS ADMINISTRATIVOS DISCIPLINARIOS";https://empleosperuhoy.blogspot.com/2026/10/oportunidad-laboral-cas-005-001-especialista-procesos-administra-b4a4.html;"oferta laboral individual completa"
6944501601995324536;A;CONSERVAR;CONSERVADO;0;"DIRESA CAJAMARCA: ANALISTA EN SISTEMAS INFORMATICOS";https://empleosperuhoy.blogspot.com/2026/10/diresa-cajamarca-analista-en-sistemas_8.html;"oferta laboral individual completa"
6949109130843667081;A;CONSERVAR;CONSERVADO;0;"PAE - PROGRAMA DE ALIMENTACIÓN ESCOLAR: ESPECIALISTA DE TRANSFERENCIA DE RECURSOS FINANCIEROS";https://empleosperuhoy.blogspot.com/2026/10/pae-programa-de-alimentacion-escolar_175.html;"oferta laboral individual completa"
6952187466789961096;A;CONSERVAR;CONSERVADO;0;"UNIVERSIDAD DE HUANTA: Especialista en Prevención de riesgos y desastres";https://empleosperuhoy.blogspot.com/2026/10/oportunidad-laboral-cas-007-2026-especialista-prevencion-riesgos-desas.html;"oferta laboral individual completa"
695318864827288129;A;CONSERVAR;CONSERVADO;0;"Operario De Limpieza.";https://empleosperuhoy.blogspot.com/2026/10/operario-de-limpieza.html;"oferta laboral individual completa"
6954889205620162253;A;CONSERVAR;CONSERVADO;0;"UNIVERSIDAD DE CAÑETE(UNDC): CAS N° 003- N° Plaza 068: ANALISTA EN CONTRATACIONES";https://empleosperuhoy.blogspot.com/2026/10/universidad-de-caneteundc-cas-n-003-n_98.html;"oferta laboral individual completa"
6964933558963082680;A;CONSERVAR;CONSERVADO;0;"UNIVERSIDAD DE HUANTA: Técnico en Informática";https://empleosperuhoy.blogspot.com/2026/10/oportunidad-laboral-cas-007-2026-tecnico-informatica-universidad-huant.html;"oferta laboral individual completa"
6974836407982571313;A;CONSERVAR;CONSERVADO;0;"MINISTERIO DE CULTURA: Nº 015-2026: Practicante para la Oficina de Atención al Ciudadano y Gestión Documentaria";https://empleosperuhoy.blogspot.com/2026/10/oportunidad-laboral-practicas-ministerio-cultura-derecho-octubre-07b0.html;"oferta laboral individual completa"
6976608862255087318;A;CONSERVAR;CONSERVADO;0;"INEI: OPERADOR DE MANTENIMIENTO DE LOCAL DE EVALUACIÓN - PASCO";https://empleosperuhoy.blogspot.com/2026/10/inei-operador-de-mantenimiento-de-local_14.html;"oferta laboral individual completa"
6980326174800223732;A;CONSERVAR;CONSERVADO;0;"Docente de Inglés";https://empleosperuhoy.blogspot.com/2026/09/docente-de-ingles.html;"oferta laboral individual completa"
6983264841092720905;A;CONSERVAR;CONSERVADO;0;"MUNICIPALIDAD DE YURA: 728 N° 004: OPERADOR DE RESIDUOS SOLIDOS";https://empleosperuhoy.blogspot.com/2026/10/oportunidad-laboral-728-004-operador-residuos-solidos-municipalidad-yu.html;"oferta laboral individual completa"
6984525551713680768;A;CONSERVAR;CONSERVADO;0;"HOSPITAL SANTA MARÍA DE CUTERVO: (2) Médicos";https://empleosperuhoy.blogspot.com/2026/10/hospital-santa-maria-de-cutervo-2.html;"oferta laboral individual completa"
6988356196215116569;A;CONSERVAR;CONSERVADO;0;"SIS: Analista en Comunicación Estratégica";https://empleosperuhoy.blogspot.com/2026/10/oportunidad-laboral-cas-148-analista-comunicacion-estrategica-sis-lima.html;"oferta laboral individual completa"
6992940081882535991;A;CONSERVAR;CONSERVADO;0;"SERFOR: ESPECIALISTA EN CAPACITACIÓN COMUNITARIA";https://empleosperuhoy.blogspot.com/2026/10/serfor-especialista-en-capacitacion_8.html;"oferta laboral individual completa"
6994439320170091240;A;CONSERVAR;CONSERVADO;0;"INEI: OPERADOR DE MANTENIMIENTO DE LOCAL DE EVALUACIÓN -  LORETO";https://empleosperuhoy.blogspot.com/2026/10/oportunidad-laboral-operador-mantenimiento-local-evaluacion-loreto-ine.html;"oferta laboral individual completa"
6994810360151841524;A;CONSERVAR;CONSERVADO;0;"DIRECCIÓN DE AGRICULTURA HUÁNUCO: TECNICO ADMINISTRATIVO - CODIGO AIRHSP:000651";https://empleosperuhoy.blogspot.com/2026/10/direccion-de-agricultura-huanuco_37.html;"oferta laboral individual completa"
6996330409455690898;A;CONSERVAR;CONSERVADO;0;"OSITRAN: N° 030-2026: Practicante para la Jefatura de Fiscalización";https://empleosperuhoy.blogspot.com/2026/10/ositran-n-030-2026-practicante-para-la_8.html;"oferta laboral individual completa"
6999162443842423299;A;CONSERVAR;CONSERVADO;0;"INVERMET: COORDINADORES(AS) II DE PROYECTOS";https://empleosperuhoy.blogspot.com/2026/10/invermet-coordinadoresas-ii-de-proyectos_6.html;"oferta laboral individual completa"
7010949023335802330;A;CONSERVAR;CONSERVADO;0;"PODER JUDICIAL: N° 001 - CÓDIGO 00340-5-6: ASISTENTE JUDICIAL";https://empleosperuhoy.blogspot.com/2026/10/oportunidad-laboral-001-codigo-asistente-judicial-poder-arequipa-0ecf.html;"oferta laboral individual completa"
7011441008023887262;A;CONSERVAR;CONSERVADO;0;"UGEL ACOMAYO: CAS N° 005 - A-002: CONDUCTOR";https://empleosperuhoy.blogspot.com/2026/10/ugel-acomayo-cas-n-005-002-conductor_8.html;"oferta laboral individual completa"
701706165907861341;A;CONSERVAR;CONSERVADO;0;"AUTORIDAD NACIONAL DE INFRAESTRUCTURA: AUTORIDAD NACIONAL DE INFRAESTRUCTURA: (9) Especialistas y experto legal";https://empleosperuhoy.blogspot.com/2026/10/autoridad-nacional-de-infraestructura_8.html;"oferta laboral individual completa"
7017547511844481455;A;CONSERVAR;CONSERVADO;0;"AUTORIDAD PORTUARIA(APN): N° 008-2026: Practicante para la Oficina General de Administración";https://empleosperuhoy.blogspot.com/2026/10/oportunidad-laboral-practicas-autoridad-portuaria-apn-administracion-c.html;"oferta laboral individual completa"
702174248675139788;A;CONSERVAR;CONSERVADO;0;"UNIVERSIDAD DE CAÑETE(UNDC): CAS N° 003- N° Plaza 073: ESPECIALISTA EN SISTEMA DE CONTROL INTERNO";https://empleosperuhoy.blogspot.com/2026/10/oportunidad-laboral-cas-003-plaza-073-especialista-sistema-control-int.html;"oferta laboral individual completa"
7024529671792711762;A;CONSERVAR;CONSERVADO;0;"SUNAFIL: ASISTENTE DE ATENCIÓN AL CIUDADANO";https://empleosperuhoy.blogspot.com/2026/10/oportunidad-laboral-cas-209-asistente-atencion-ciudadano-sunafil-piura.html;"oferta laboral individual completa"
7028255585707119610;A;CONSERVAR;CONSERVADO;0;"HOSPITAL DE HUARAZ: Médico Emergénciologo y/o Internista y/o Intensivista";https://empleosperuhoy.blogspot.com/2026/10/hospital-de-huaraz-medico_0.html;"oferta laboral individual completa"
7040947368896190441;A;CONSERVAR;CONSERVADO;0;"MINISTERIO DE CULTURA: Nº 012-2026: Practicante para la Dirección General de Museos";https://empleosperuhoy.blogspot.com/2026/10/oportunidad-laboral-practicas-ministerio-cultura-arquitectura-arte-his.html;"oferta laboral individual completa"
7046044467923801635;A;CONSERVAR;CONSERVADO;0;"RED DE SALUD VIRÚ: Técnico Administrativo";https://empleosperuhoy.blogspot.com/2026/10/oportunidad-laboral-cas-003-2026-tecnico-administrativo-red-salud-viru.html;"oferta laboral individual completa"
7053572676732101684;A;CONSERVAR;CONSERVADO;0;"HOSPITAL HIPOLITO UNANUE: Médico Especialista";https://empleosperuhoy.blogspot.com/2026/10/hospital-hipolito-unanue-medico_9.html;"oferta laboral individual completa"
7057022376544333933;A;CONSERVAR;CONSERVADO;0;"CAS N° 004-2026: Químico Farmacéutico";https://empleosperuhoy.blogspot.com/2026/09/cas-n-004-2026-quimico-farmaceutico.html;"oferta laboral individual completa"
7069122382965927533;A;CONSERVAR;CONSERVADO;0;"SINEACE: Analista en Gestión del Sistema de la Información de Certificación de Competencias.";https://empleosperuhoy.blogspot.com/2026/10/oportunidad-laboral-cas-038-analista-gestion-del-sistema-informacion-c.html;"oferta laboral individual completa"
7072460179982853133;A;CONSERVAR;CONSERVADO;0;"MINISTERIO PÚBLICO - FISCALÍA: CAS N° 135 - CÓDIGO AFF-03: ASISTENTE EN FUNCIÓN FISCAL";https://empleosperuhoy.blogspot.com/2026/10/oportunidad-laboral-cas-135-codigo-aff-asistente-funcion-fiscal-c57e.html;"oferta laboral individual completa"
7079629362209263020;A;CONSERVAR;CONSERVADO;0;"UNIVERSIDAD DE CAÑETE(UNDC): CAS N° 003- N° Plaza 085: ASISTENTE DE GESTIÓN DE REDES Y ADMINISTRACIÓN DE LMS";https://empleosperuhoy.blogspot.com/2026/10/universidad-de-caneteundc-cas-n-003-n_63.html;"oferta laboral individual completa"
7079922623420486113;A;CONSERVAR;CONSERVADO;0;"MINISTERIO DE COMERCIO(MINCETUR): Coordinador/a de Administración y Gestión del Personal";https://empleosperuhoy.blogspot.com/2026/10/ministerio-de-comerciomincetur_7.html;"oferta laboral individual completa"
7080110936103727789;A;CONSERVAR;CONSERVADO;0;"EJÉRCITO DEL PERÚ: AUXILIAR DE PUBLICACIONES";https://empleosperuhoy.blogspot.com/2026/10/oportunidad-laboral-auxiliar-publicaciones-ejercito-del-peru-lima-6273.html;"oferta laboral individual completa"
7083217585002303718;A;CONSERVAR;CONSERVADO;0;"DIRESA CALLAO: Químicos Farmacéuticos";https://empleosperuhoy.blogspot.com/2026/10/diresa-callao-quimicos-farmaceuticos_5.html;"oferta laboral individual completa"
7086918271433979050;A;CONSERVAR;CONSERVADO;0;"BCRP: para Practicante en la Subgerencia de Ciberseguridad";https://empleosperuhoy.blogspot.com/2026/10/bcrp-para-practicante-en-la-subgerencia_7.html;"oferta laboral individual completa"
7092922593619903127;A;CONSERVAR;CONSERVADO;0;"INVERMET: ANALISTA EN RENDICIÓN DE CUENTAS";https://empleosperuhoy.blogspot.com/2026/10/oportunidad-laboral-cas-045-analista-rendicion-cuentas-invermet-lima-6.html;"oferta laboral individual completa"
7098268237267214309;A;CONSERVAR;CONSERVADO;0;"HOSPITAL DE QUILLABAMBA: 276 N° 004: TECNICO EN ENFERMERIA";https://empleosperuhoy.blogspot.com/2026/10/hospital-de-quillabamba-276-n-004_02074563587.html;"oferta laboral individual completa"
7098899036602297046;A;CONSERVAR;CONSERVADO;0;"MINISTERIO DE CULTURA: ASISTENTE LEGAL";https://empleosperuhoy.blogspot.com/2026/10/oportunidad-laboral-cas-164-asistente-legal-ministerio-cultura-lima-60.html;"oferta laboral individual completa"
7100274194205160185;A;CONSERVAR;CONSERVADO;0;"UGEL AMBO: 3 practicantes";https://empleosperuhoy.blogspot.com/2026/10/ugel-ambo-3-practicantes_2.html;"oferta laboral individual completa"
7115857612768484380;A;CONSERVAR;CONSERVADO;0;"CUNA MÁS: Especialista en Procedimientos de Selección";https://empleosperuhoy.blogspot.com/2026/10/cuna-mas-especialista-en-procedimientos_5.html;"oferta laboral individual completa"
7120222319545991680;A;CONSERVAR;CONSERVADO;0;"MINISTERIO DE TRANSPORTES (MTC): ASISTENTE ADMINISTRATIVO";https://empleosperuhoy.blogspot.com/2026/10/oportunidad-laboral-cas-013-asistente-administrativo-ministerio-transp.html;"oferta laboral individual completa"
7126523278811776061;A;CONSERVAR;CONSERVADO;0;"MUNICIPALIDAD DE OLLANTAYTAMBO: Especialista, Ingeniero y Asistente";https://empleosperuhoy.blogspot.com/2026/10/municipalidad-de-ollantaytambo_5.html;"oferta laboral individual completa"
7129096775891679908;A;CONSERVAR;CONSERVADO;0;"PODER JUDICIAL: CAS N° 114 - CÓDIGO 02254: ESPECIALISTA PARA LA COORDINACION DE PROCESOS DE SELECCIÓN";https://empleosperuhoy.blogspot.com/2026/10/oportunidad-laboral-cas-114-codigo-especialista-coordinacion-procesos-.html;"oferta laboral individual completa"
7129115166264551897;A;CONSERVAR;CONSERVADO;0;"UNIVERSIDAD DE HUANTA: Analista II";https://empleosperuhoy.blogspot.com/2026/10/universidad-de-huanta-analista-ii_1.html;"oferta laboral individual completa"
7130748391025226724;A;CONSERVAR;CONSERVADO;0;"PODER JUDICIAL: N° 02 - CÓDIGO 00421-2: ESPECIALISTA JUDICIAL DE AUDIENCIA";https://empleosperuhoy.blogspot.com/2026/10/oportunidad-laboral-codigo-especialista-judicial-audiencia-poder-2cb6.html;"oferta laboral individual completa"
7136163690272850471;A;CONSERVAR;CONSERVADO;0;"INEI: OPERADOR DE MANTENIMIENTO DE LOCAL DE EVALUACIÓN -  HUANCAVELICA";https://empleosperuhoy.blogspot.com/2026/10/inei-operador-de-mantenimiento-de-local_77.html;"oferta laboral individual completa"
7137853129653580277;A;CONSERVAR;CONSERVADO;0;"POLICÍA NACIONAL(PNP): TÉCNICO EN LABORATORIO CLÍNICO";https://empleosperuhoy.blogspot.com/2026/10/oportunidad-laboral-cas-034-tecnico-laboratorio-clinico-policia-nacion.html;"oferta laboral individual completa"
7140559060807252010;A;CONSERVAR;CONSERVADO;0;"MINISTERIO DE ENERGÍA Y MINAS (MINEM): ESPECIALISTA III EN PROCESOS DE SELECCIÓN Y CONTRATACIONES PÚBLICAS";https://empleosperuhoy.blogspot.com/2026/10/ministerio-de-energia-y-minas-minem_77.html;"oferta laboral individual completa"
7140955221481422807;A;CONSERVAR;CONSERVADO;0;"HOSPITAL JULIO CESAR DEMARINI CARO: HOSPITAL JULIO CESAR DEMARINI CARO: (38) Abogado, Especialistas, Médicos, Secretaria";https://empleosperuhoy.blogspot.com/2026/10/oferta-de-empleo-hospital-julio-cesar-demarini-caro-abogado-espe-34b6.html;"oferta laboral individual completa"
7140975609521396387;A;CONSERVAR;CONSERVADO;0;"RED DE SALUD VIRÚ: ENFERMERO(A) SAMU";https://empleosperuhoy.blogspot.com/2026/10/red-de-salud-viru-enfermeroa-samu_5.html;"oferta laboral individual completa"
7143693320872785418;A;CONSERVAR;CONSERVADO;0;"MINISTERIO DE TRABAJO (MTPE): Experto legal";https://empleosperuhoy.blogspot.com/2026/10/ministerio-de-trabajo-mtpe-experto-legal_3.html;"oferta laboral individual completa"
7151243270160760882;A;CONSERVAR;CONSERVADO;0;"MUNICIPALIDAD DE CHALLABAMBA: MUNICIPALIDAD DE CHALLABAMBA: Solicita Asistentes legales , Responsable de almacén y de Remuneración";https://empleosperuhoy.blogspot.com/2026/10/municipalidad-de-challabamba.html;"oferta laboral individual completa"
7151579181521102938;A;CONSERVAR;CONSERVADO;0;"HOSPITAL GENERAL DE JAÉN: CAS N° 002 - Código AIRHSP 003594 Y 003595: TÉCNICO EN COMPUTACIÓN E INFORMÁTICA";https://empleosperuhoy.blogspot.com/2026/10/oportunidad-laboral-cas-002-codigo-airhsp-tecnico-computacion-informat.html;"oferta laboral individual completa"
7152055665414580120;A;CONSERVAR;CONSERVADO;0;"UICET: UICET: solicita Coordinador";https://empleosperuhoy.blogspot.com/2026/10/uicet-uicet-solicita-coordinador_5.html;"oferta laboral individual completa"
7158371886039973866;A;CONSERVAR;CONSERVADO;0;"PROGRAMA SANEAMIENTO URBANO: ANALISTA EN EJECUCIÓN CONTRACTUAL";https://empleosperuhoy.blogspot.com/2026/10/programa-saneamiento-urbano-analista-en_4.html;"oferta laboral individual completa"
7162636577371775017;A;CONSERVAR;CONSERVADO;0;"MINISTERIO PÚBLICO - FISCALÍA: CAS N° 140 - CÓDIGO AFF-01: ASISTENTE EN FUNCIÓN FISCAL";https://empleosperuhoy.blogspot.com/2026/10/ministerio-publico-fiscalia-cas-n-140_0.html;"oferta laboral individual completa"
7176070335343162405;A;CONSERVAR;CONSERVADO;0;"UNIVERSIDAD DE BAGUA: CAS N° 005 - ITEM N° 07: SECRETARIA/O - DIRECCIÓN DE PRODUCCIÓN DE BIENES Y SERVICIOS";https://empleosperuhoy.blogspot.com/2026/10/oportunidad-laboral-cas-005-item-secretaria-direccion-produccion-biene.html;"oferta laboral individual completa"
7182066941508191471;A;CONSERVAR;CONSERVADO;0;"MINISTERIO DE COMERCIO(MINCETUR): Analista de Tesorería";https://empleosperuhoy.blogspot.com/2026/10/ministerio-de-comerciomincetur-analista_38.html;"oferta laboral individual completa"
7183686186398147196;A;CONSERVAR;CONSERVADO;0;"ONPE: AUXILIAR";https://empleosperuhoy.blogspot.com/2026/10/onpe-auxiliar_4.html;"oferta laboral individual completa"
7183951682207016765;A;CONSERVAR;CONSERVADO;0;"MINISTERIO DE CULTURA: ASISTENTE ADMINISTRATIVO/A";https://empleosperuhoy.blogspot.com/2026/10/ministerio-de-cultura-asistente_3.html;"oferta laboral individual completa"
7184858265534909985;A;CONSERVAR;CONSERVADO;0;"UNIVERSIDAD DE BAGUA: CAS N° 005 - ITEM N° 31: TÉCNICO LABORATORISTA - FACULTAD DE CIENCIAS NATURALES Y APLICADAS";https://empleosperuhoy.blogspot.com/2026/10/oportunidad-laboral-cas-005-item-tecnico-laboratorista-facultad-1e09.html;"oferta laboral individual completa"
7186875251927871642;A;CONSERVAR;CONSERVADO;0;"HOSPITAL VILLA EL SALVADOR: Tecnólogo(a) Médico en Laboratorio Clínico";https://empleosperuhoy.blogspot.com/2026/10/oportunidad-laboral-cas-006-2026-tecnologo-medico-laboratorio-clinico-.html;"oferta laboral individual completa"
7188181002418609017;A;CONSERVAR;CONSERVADO;0;"UNIVERSIDAD DE CAÑETE(UNDC): CAS N° 003- N° Plaza 048: ASISTENTE ADMINISTRATIVO";https://empleosperuhoy.blogspot.com/2026/10/oportunidad-laboral-cas-003-plaza-048-asistente-administrativo-univers.html;"oferta laboral individual completa"
7191379680457550942;A;CONSERVAR;CONSERVADO;0;"MINISTERIO DE CULTURA: ANALISTA LEGAL I";https://empleosperuhoy.blogspot.com/2026/10/ministerio-de-cultura-analista-legal-i_5.html;"oferta laboral individual completa"
7195413281755317114;A;CONSERVAR;CONSERVADO;0;"CAS N° 025: PROFESIONAL SENIOR I EN INGENIERIA";https://empleosperuhoy.blogspot.com/2026/09/cas-n-025-profesional-senior-i-en.html;"oferta laboral individual completa"
719781298220202158;A;CONSERVAR;CONSERVADO;0;"RED DE SALUD JAUJA: 276 N° 002: TÉCNICO EN SALUD PUBLICA II";https://empleosperuhoy.blogspot.com/2026/10/red-de-salud-jauja-276-n-002-tecnico-en_7.html;"oferta laboral individual completa"
7206552692011389295;A;CONSERVAR;CONSERVADO;0;"HOSPITAL REGIONAL DE MOQUEGUA: CAS N° 003 - ITEM 11: MÉDICO PEDIATRA - DEPARTAMENTO DE PEDIATRIA";https://empleosperuhoy.blogspot.com/2026/10/oportunidad-laboral-cas-003-item-medico-pediatra-departamento-pediatri.html;"oferta laboral individual completa"
7206831697908319495;A;CONSERVAR;CONSERVADO;0;"INVERMET: INVERMET: (9) Auxiliares, especialista, analista y otros";https://empleosperuhoy.blogspot.com/2026/10/invermet-invermet-9-auxiliares_7.html;"oferta laboral individual completa"
7211839558527504091;A;CONSERVAR;CONSERVADO;0;"DIRECCIÓN DE AGRICULTURA HUÁNUCO: AUXILIAR ADMINISTRATIVO - CODIGO AIRHSP:0000651";https://empleosperuhoy.blogspot.com/2026/10/direccion-de-agricultura-huanuco_33.html;"oferta laboral individual completa"
7220348185522361241;A;CONSERVAR;CONSERVADO;0;"UNIVERSIDAD DE BAGUA: CAS N° 005 - ITEM N° 15: PROFESIONAL I - SECRETARIA GENERAL-ARCHIVO";https://empleosperuhoy.blogspot.com/2026/10/oportunidad-laboral-cas-005-item-profesional-secretaria-general-archiv.html;"oferta laboral individual completa"
7223011576187145503;A;CONSERVAR;CONSERVADO;0;"UNIVERSIDAD DE HUANTA: Asistente en Imagen institucional";https://empleosperuhoy.blogspot.com/2026/10/universidad-de-huanta-asistente-en_5.html;"oferta laboral individual completa"
7226308557777373491;A;CONSERVAR;CONSERVADO;0;"Asistente De Logistica E Importaciones";https://empleosperuhoy.blogspot.com/2026/10/asistente-de-logistica-e-importaciones.html;"oferta laboral individual completa"
7232715277265674550;A;CONSERVAR;CONSERVADO;0;"HOSPITAL SICUANI: CAS N° 009 - ITEM 02: TÉCNICO ADMINISTRATIVO";https://empleosperuhoy.blogspot.com/2026/10/oportunidad-laboral-cas-009-item-tecnico-administrativo-hospital-sicua.html;"oferta laboral individual completa"
72376357720320555;A;CONSERVAR;CONSERVADO;0;"DIRESA CAJAMARCA: INGENIERO CIVIL";https://empleosperuhoy.blogspot.com/2026/10/oportunidad-laboral-cas-002-2026-ingeniero-civil-diresa-cajamarca-6327.html;"oferta laboral individual completa"
7238995875245648669;A;CONSERVAR;CONSERVADO;0;"UNIVERSIDAD DE CAÑETE(UNDC): CAS N° 003- N° Plaza 036: ESPECIALISTA";https://empleosperuhoy.blogspot.com/2026/10/universidad-de-caneteundc-cas-n-003-n_62.html;"oferta laboral individual completa"
7244756402718507533;A;CONSERVAR;CONSERVADO;0;"INEI: AUXILIAR DE SALUD DE LOCAL DE EVALUACIÓN - AREQUIPA";https://empleosperuhoy.blogspot.com/2026/10/oportunidad-laboral-auxiliar-salud-local-evaluacion-arequipa-inei-6277.html;"oferta laboral individual completa"
7246167016606001197;A;CONSERVAR;CONSERVADO;0;"UNIVERSIDAD MICAELA BASTIDAS: TECNICO EN ENFERMERIA";https://empleosperuhoy.blogspot.com/2026/10/oportunidad-laboral-cas-006-tecnico-enfermeria-universidad-micaela-bas.html;"oferta laboral individual completa"
7247382560417831337;A;CONSERVAR;CONSERVADO;0;"UNIVERSIDAD DE CAÑETE(UNDC): CAS N° 003- N° Plaza 105: ANALISTA";https://empleosperuhoy.blogspot.com/2026/10/oportunidad-laboral-cas-003-plaza-105-analista-universidad-canete-undc.html;"oferta laboral individual completa"
7250627658896000515;A;CONSERVAR;CONSERVADO;0;"MINISTERIO DE ENERGÍA Y MINAS (MINEM): ANALISTA AMBIENTAL III";https://empleosperuhoy.blogspot.com/2026/10/ministerio-de-energia-y-minas-minem_9.html;"oferta laboral individual completa"
7253758676028914632;A;CONSERVAR;CONSERVADO;0;"UGEL HUÁNUCO: CAS N° 014 - CÓDIGO AIRHPS 001983: ESPECIALISTA ADMINISTRATIVO - UNIDAD DE GESTIÓN DE RRHH";https://empleosperuhoy.blogspot.com/2026/10/ugel-huanuco-cas-n-014-codigo-airhps_13.html;"oferta laboral individual completa"
7260292542740131935;A;CONSERVAR;CONSERVADO;0;"MINISTERIO DE TRABAJO (MTPE): N° 034-2026: Practicante para la Oficina de Presupuesto";https://empleosperuhoy.blogspot.com/2026/10/ministerio-de-trabajo-mtpe-n-034-2026_4.html;"oferta laboral individual completa"
7265991947348942911;A;CONSERVAR;CONSERVADO;0;"MUNICIPALIDAD LA MAR - VRAEM: ASISTENTE ADMINISTRATIVO";https://empleosperuhoy.blogspot.com/2026/10/oportunidad-laboral-cas-007-asistente-administrativo-municipalidad-mar.html;"oferta laboral individual completa"
7266092127699455557;A;CONSERVAR;CONSERVADO;0;"SUNAFIL: ESPECIALISTA LEGAL II";https://empleosperuhoy.blogspot.com/2026/10/sunafil-especialista-legal-ii_7.html;"oferta laboral individual completa"
7267419666157874056;A;CONSERVAR;CONSERVADO;0;"RED DE SALUD HUAMALÍES: RED DE SALUD HUAMALÍES: (27) Enfermeras, Obstetras, Médicos y otros cargos";https://empleosperuhoy.blogspot.com/2026/10/red-de-salud-huamalies-red-de-salud_2.html;"oferta laboral individual completa"
7270262448089264732;A;CONSERVAR;CONSERVADO;0;"UNIVERSIDAD DE FRONTERA DE SULLANA: APOYO ADMINISTRATIVO";https://empleosperuhoy.blogspot.com/2026/10/universidad-de-frontera-de-sullana_7.html;"oferta laboral individual completa"
7270971042861983296;A;CONSERVAR;CONSERVADO;0;"SERNANP: ASISTENTE ADMINISTRATIVO EN ANP";https://empleosperuhoy.blogspot.com/2026/10/oportunidad-laboral-cas-005-asistente-administrativo-anp-sernanp-cusco.html;"oferta laboral individual completa"
7272999084401200758;A;CONSERVAR;CONSERVADO;0;"INDECOPI: INDECOPI: (5) Ejecutivos y Especialistas";https://empleosperuhoy.blogspot.com/2026/10/oferta-de-empleo-indecopi-ejecutivos-especialistas-convocatoria-49d4.html;"oferta laboral individual completa"
7279765671961668528;A;CONSERVAR;CONSERVADO;0;"HOSPITAL REGIONAL DE MOQUEGUA: CAS N° 003 - ITEM 08: MÉDICO INTENSIVISTA - SERVICIO DE CUIDADOS CRITICOS";https://empleosperuhoy.blogspot.com/2026/10/hospital-regional-de-moquegua-cas-n-003_33.html;"oferta laboral individual completa"
7281415768719795320;A;CONSERVAR;CONSERVADO;0;"UNIVERSIDAD DE CAÑETE(UNDC): CAS N° 003- N° Plaza 088: ANALISTA DE ACREDITACIÓN";https://empleosperuhoy.blogspot.com/2026/10/universidad-de-caneteundc-cas-n-003-n_3612.html;"oferta laboral individual completa"
7281753716836038267;A;CONSERVAR;CONSERVADO;0;"HOSPITAL REGIONAL DE MOQUEGUA: CAS N° 003 - ITEM 18: TECNÓLOGO MÉDICO - DPTO DE DIAGNÓSTICO POR IMÁGENES";https://empleosperuhoy.blogspot.com/2026/10/oportunidad-laboral-cas-003-item-tecnologo-medico-dpto-diagnostico-por.html;"oferta laboral individual completa"
7290332939322346768;A;CONSERVAR;CONSERVADO;0;"HOSPITAL VILLA EL SALVADOR: Obstetra Especialista";https://empleosperuhoy.blogspot.com/2026/10/hospital-villa-el-salvador-obstetra_7.html;"oferta laboral individual completa"
7296474935452768537;A;CONSERVAR;CONSERVADO;0;"SUNAFIL: ESPECIALISTA LEGAL";https://empleosperuhoy.blogspot.com/2026/10/oportunidad-laboral-cas-029-especialista-legal-sunafil-lima-631673.html;"oferta laboral individual completa"
7296891164577493045;A;CONSERVAR;CONSERVADO;0;"SERNANP: ANALISTA EN VIGILANCIA Y CONTROL";https://empleosperuhoy.blogspot.com/2026/10/oportunidad-laboral-cas-005-analista-vigilancia-control-sernanp-tumbes.html;"oferta laboral individual completa"
7297305262401732176;A;CONSERVAR;CONSERVADO;0;"HOSPITAL GENERAL DE JAÉN: CAS N° 002 - Código AIRHSP 003630 y 003631: ENFERMERA ESPECIALISTA EN ONCOLOGÍA";https://empleosperuhoy.blogspot.com/2026/10/hospital-general-de-jaen-cas-n-002_87.html;"oferta laboral individual completa"
7297830644315082902;A;CONSERVAR;CONSERVADO;0;"UNIVERSIDAD DE BAGUA: CAS N° 005 - ITEM N° 24: PROFESIONAL IV - DIRECCIÓN DE GESTIÓN ACADÉMICA";https://empleosperuhoy.blogspot.com/2026/10/universidad-de-bagua-cas-n-005-item-n_124.html;"oferta laboral individual completa"
7300550267946336313;A;CONSERVAR;CONSERVADO;0;"Redactor De Tesis- Agrícola Que Manejen Abro 4.01- Remoto";https://empleosperuhoy.blogspot.com/2026/10/redactor-de-tesis-agricola-que-manejen.html;"oferta laboral individual completa"
7301706272708805202;A;CONSERVAR;CONSERVADO;0;"MINISTERIO PÚBLICO - FISCALÍA: N° 044 - CÓDIGO MED-03: MÉDICO";https://empleosperuhoy.blogspot.com/2026/10/ministerio-publico-fiscalia-n-044_48.html;"oferta laboral individual completa"
7304954034138515795;A;CONSERVAR;CONSERVADO;0;"CAS N° 004-2026: Técnico Asistencial (Departamento de Enfermería)";https://empleosperuhoy.blogspot.com/2026/09/cas-n-004-2026-tecnico-asistencial.html;"oferta laboral individual completa"
7305036699963496740;A;CONSERVAR;CONSERVADO;0;"UGEL HUÁNUCO: UGEL HUÁNUCO: (13) Especialistas, Asistentes y otros cargos";https://empleosperuhoy.blogspot.com/2026/10/oferta-de-empleo-ugel-huanuco-especialistas-asistentes-cargos-co-afd2.html;"oferta laboral individual completa"
7306519469172434452;A;CONSERVAR;CONSERVADO;0;"AUTORIDAD NACIONAL DE INFRAESTRUCTURA: N° 119-2026: Practicante para la Dir. de Gestión de Eq. y Recursos Mobiliarios";https://empleosperuhoy.blogspot.com/2026/10/oportunidad-laboral-practicas-autoridad-nacional-infraestructura-d612.html;"oferta laboral individual completa"
7307200562975921242;A;CONSERVAR;CONSERVADO;0;"MINISTERIO DE CULTURA: ESPECIALISTA SOCIAL";https://empleosperuhoy.blogspot.com/2026/10/oportunidad-laboral-cas-162-especialista-social-ministerio-cultura-mad.html;"oferta laboral individual completa"
7309421733712457691;A;CONSERVAR;CONSERVADO;0;"PAE - PROGRAMA DE ALIMENTACIÓN ESCOLAR: ABOGADO (A)";https://empleosperuhoy.blogspot.com/2026/10/oportunidad-laboral-cas-071-abogado-pae-programa-alimentacion-escolar-.html;"oferta laboral individual completa"
7318691968171655690;A;CONSERVAR;CONSERVADO;0;"SIS: Especialista en Planeamiento Estratégico";https://empleosperuhoy.blogspot.com/2026/10/sis-especialista-en-planeamiento_5.html;"oferta laboral individual completa"
7329084164130789602;A;CONSERVAR;CONSERVADO;0;"SUTRAN: N° 010-2026: Practicante para la Oficina de Tecnología de Información";https://empleosperuhoy.blogspot.com/2026/10/oportunidad-laboral-practicas-sutran-ingenieria-industrial-sistemas-em.html;"oferta laboral individual completa"
7338067761186989132;A;CONSERVAR;CONSERVADO;0;"HOSPITAL GENERAL DE JAÉN: MEDICO ESPECIALISTA EN GINECOLOGIA Y OBSTETRICIA";https://empleosperuhoy.blogspot.com/2026/10/hospital-general-de-jaen-medico_7.html;"oferta laboral individual completa"
7351401862394782180;A;CONSERVAR;CONSERVADO;0;"EJÉRCITO DEL PERÚ: TÉCNICO EN FARMACIA";https://empleosperuhoy.blogspot.com/2026/10/oportunidad-laboral-tecnico-farmacia-ejercito-del-peru-lima-627397.html;"oferta laboral individual completa"
7351433565578117236;A;CONSERVAR;CONSERVADO;0;"MINISTERIO DE CULTURA: ANALISTA II EN ARQUEOLOGÍA";https://empleosperuhoy.blogspot.com/2026/10/ministerio-de-cultura-analista-ii-en_9.html;"oferta laboral individual completa"
7354742763445192395;A;CONSERVAR;CONSERVADO;0;"RED DE SALUD JAUJA: 276 N° 002: TRABAJADOR/A SOCIAL";https://empleosperuhoy.blogspot.com/2026/10/oportunidad-laboral-276-002-trabajador-social-red-salud-jauja-ju-c85a.html;"oferta laboral individual completa"
7365517103238823368;A;CONSERVAR;CONSERVADO;0;"RED DE SALUD CHANCHAMAYO: Técnico en Mantenimiento";https://empleosperuhoy.blogspot.com/2026/10/red-de-salud-chanchamayo-tecnico-en_1.html;"oferta laboral individual completa"
7366572764813644352;A;CONSERVAR;CONSERVADO;0;"PODER JUDICIAL: CAS N° 016 - CÓDIGO 02991-1: Profesional en trabajo social";https://empleosperuhoy.blogspot.com/2026/10/oportunidad-laboral-cas-016-codigo-profesional-trabajo-social-poder-ju.html;"oferta laboral individual completa"
7370154488867316727;A;CONSERVAR;CONSERVADO;0;"PROGRAMA SANEAMIENTO URBANO: ASISTENTE ADMINISTRATIVO";https://empleosperuhoy.blogspot.com/2026/10/oportunidad-laboral-cas-045-asistente-administrativo-programa-saneamie.html;"oferta laboral individual completa"
7370161447745688961;A;CONSERVAR;CONSERVADO;0;"UGEL-1: TÉCNICO ADMINISTRATIVO";https://empleosperuhoy.blogspot.com/2026/10/oportunidad-laboral-cas-082-tecnico-administrativo-ugel-lima-632975.html;"oferta laboral individual completa"
7393742002580365352;A;CONSERVAR;CONSERVADO;0;"RED DE SALUD JUNÍN: RED DE SALUD JUNÍN: (13) Médicos, Enfermeras, Técnicos y otros cargos";https://empleosperuhoy.blogspot.com/2026/10/red-de-salud-junin-red-de-salud-junin.html;"oferta laboral individual completa"
7395793271114850238;A;CONSERVAR;CONSERVADO;0;"SAT HUAMANGA: SAT HUAMANGA: Requiere Auxiliar de Tramite documentario y Responsable de procesos";https://empleosperuhoy.blogspot.com/2026/10/sat-huamanga-sat-huamanga-requiere.html;"oferta laboral individual completa"
7396691378957473327;A;CONSERVAR;CONSERVADO;0;"UNIVERSIDAD DE BAGUA: CAS N° 005 - ITEM N° 03: PROFESIONAL II - DIRECCIÓN DE INNOVACIÓN Y TRANSFERENCIA TECNOLÓGICA";https://empleosperuhoy.blogspot.com/2026/10/oportunidad-laboral-cas-005-item-profesional-direccion-innovacion-tran.html;"oferta laboral individual completa"
7399335461285318959;A;CONSERVAR;CONSERVADO;0;"UNIVERSIDAD DE CAÑETE(UNDC): CAS N° 003- N° Plaza 071: ANALISTA DE SOPORTE ALMACÉN";https://empleosperuhoy.blogspot.com/2026/10/oportunidad-laboral-cas-003-plaza-071-analista-soporte-almacen-univers.html;"oferta laboral individual completa"
7406308692922890446;A;CONSERVAR;CONSERVADO;0;"DEFENSORÍA DEL PUEBLO: Asistente en Tesorería";https://empleosperuhoy.blogspot.com/2026/10/oportunidad-laboral-cas-167-asistente-tesoreria-defensoria-del-pueblo-.html;"oferta laboral individual completa"
7408233103356288644;A;CONSERVAR;CONSERVADO;0;"HOSPITAL SICUANI: CAS N° 009 - ITEM 04: MEDICO";https://empleosperuhoy.blogspot.com/2026/10/hospital-sicuani-cas-n-009-item-04_6.html;"oferta laboral individual completa"
7408591425298017531;A;CONSERVAR;CONSERVADO;0;"EJÉRCITO DEL PERÚ: CHOFER";https://empleosperuhoy.blogspot.com/2026/10/oportunidad-laboral-chofer-ejercito-del-peru-lima-627368.html;"oferta laboral individual completa"
7412037208213455514;A;CONSERVAR;CONSERVADO;0;"RED DE SALUD CHANCHAMAYO: Médico Cirujano Especialista en Ginecología y Obstetricia";https://empleosperuhoy.blogspot.com/2026/10/red-de-salud-chanchamayo-medico_67.html;"oferta laboral individual completa"
7414388591021745893;A;CONSERVAR;CONSERVADO;0;"HOSPITAL REGIONAL DE MOQUEGUA: CAS N° 003 - ITEM 14: ENFERMERA - CENTRAL DE ESTERILIZACIÓN - DEPARTAMENTO DE ENFERMERÍA";https://empleosperuhoy.blogspot.com/2026/10/hospital-regional-de-moquegua-cas-n-003_3.html;"oferta laboral individual completa"
7415076087338278257;A;CONSERVAR;CONSERVADO;0;"SUNAFIL: ASISTENTE LEGAL";https://empleosperuhoy.blogspot.com/2026/10/sunafil-asistente-legal_2.html;"oferta laboral individual completa"
7415861642710895265;A;CONSERVAR;CONSERVADO;0;"UNIVERSIDAD DE HUANTA: Analista legal";https://empleosperuhoy.blogspot.com/2026/10/universidad-de-huanta-analista-legal_2.html;"oferta laboral individual completa"
74181736073476522;A;CONSERVAR;CONSERVADO;0;"HOSPITAL DEPARTAMENTAL DE HUANCAVELICA: HOSPITAL DEPARTAMENTAL DE HUANCAVELICA: (6) Médicos, Tecnólogos médicos y otros cargos";https://empleosperuhoy.blogspot.com/2026/10/oferta-de-empleo-hospital-departamental-huancavelica-medicos-tec-e10a.html;"oferta laboral individual completa"
7420696834486619436;A;CONSERVAR;CONSERVADO;0;"Practicante Pre Profesional - Adhonorem";https://empleosperuhoy.blogspot.com/2026/10/practicante-pre-profesional-adhonorem.html;"oferta laboral individual completa"
7420705116614776847;A;CONSERVAR;CONSERVADO;0;"INEI: OPERADOR DE MANTENIMIENTO DE LOCAL DE EVALUACIÓN - AYACUCHO";https://empleosperuhoy.blogspot.com/2026/10/inei-operador-de-mantenimiento-de-local_2.html;"oferta laboral individual completa"
7426267796546006298;A;CONSERVAR;CONSERVADO;0;"UGEL-5: OFICINISTA";https://empleosperuhoy.blogspot.com/2026/10/ugel-5-oficinista_8.html;"oferta laboral individual completa"
7427049446538118617;A;CONSERVAR;CONSERVADO;0;"UNIVERSIDAD DE CAÑETE(UNDC): CAS N° 003- N° Plaza 098: OPERADOR DE LIMPIEZA Y MANTENIMIENTO";https://empleosperuhoy.blogspot.com/2026/10/oportunidad-laboral-cas-003-plaza-098-operador-limpieza-mantenimiento-.html;"oferta laboral individual completa"
7430653663794870588;A;CONSERVAR;CONSERVADO;0;"OSINERGMIN: N° 027-2026: Practicante para la Secretaría Técnica de los Órganos Resolutivos";https://empleosperuhoy.blogspot.com/2026/10/oportunidad-laboral-practicas-osinergmin-ingenieria-electrica-me-50fb.html;"oferta laboral individual completa"
7432569585463959008;A;CONSERVAR;CONSERVADO;0;"OSINFOR: SUPERVISOR(A) EN ESTUDIOS Y EVALUACIÓN FORESTAL Y DE FAUNA SILVESTRE";https://empleosperuhoy.blogspot.com/2026/10/osinfor-supervisora-en-estudios-y_1.html;"oferta laboral individual completa"
743904088613311946;A;CONSERVAR;CONSERVADO;0;"HOSPITAL GENERAL DE JAÉN: CAS N° 002 - Código AIRHSP 003557: MÉDICO ESPECIALISTA EN NEUROCIRUGÍA";https://empleosperuhoy.blogspot.com/2026/10/oportunidad-laboral-cas-002-codigo-airhsp-medico-especialista-neurocir.html;"oferta laboral individual completa"
7441776784059563438;A;CONSERVAR;CONSERVADO;0;"UGEL 6: UGEL 6: (14) Especialistas, abogados, técnico y otros";https://empleosperuhoy.blogspot.com/2026/10/ugel-6-ugel-6-14-especialistas-abogados_1.html;"oferta laboral individual completa"
744301152536687315;A;CONSERVAR;CONSERVADO;0;"GOBIERNO REGIONAL DE AYACUCHO: GOBIERNO REGIONAL DE AYACUCHO: Solicita Especialista de Administración y Director";https://empleosperuhoy.blogspot.com/2026/10/gobierno-regional-de-ayacucho-gobierno.html;"oferta laboral individual completa"
7443778161903639137;A;CONSERVAR;CONSERVADO;0;"DIRECCIÓN DE AGRICULTURA HUÁNUCO: INGENIERO AGRONOMO - CODIGO AIRHSP:000594";https://empleosperuhoy.blogspot.com/2026/10/oportunidad-laboral-cas-004-2026-ingeniero-agronomo-codigo-airhs-8ed0.html;"oferta laboral individual completa"
7445161131019064998;A;CONSERVAR;CONSERVADO;0;"UNIVERSIDAD DE HUANTA: Analista de Inversiones";https://empleosperuhoy.blogspot.com/2026/10/universidad-de-huanta-analista-de_7.html;"oferta laboral individual completa"
7446071013799271666;A;CONSERVAR;CONSERVADO;0;"PROGRAMA SANEAMIENTO URBANO: ESPECIALISTA EN GESTION DE PROYECTOS DE INVERSIÓN";https://empleosperuhoy.blogspot.com/2026/10/programa-saneamiento-urbano_4.html;"oferta laboral individual completa"
7450618978121656027;A;CONSERVAR;CONSERVADO;0;"MUNICIPALIDAD DE MARAS: 276 N° 007: Asistente Administrativo de Supervisión de Proyecto";https://empleosperuhoy.blogspot.com/2026/10/municipalidad-de-maras-276-n-007_8.html;"oferta laboral individual completa"
745073872555440779;A;CONSERVAR;CONSERVADO;0;"MINISTERIO PÚBLICO - FISCALÍA: CAS N° 135 - CÓDIGO AAD-02: ASISTENTE ADMINISTRATIVO";https://empleosperuhoy.blogspot.com/2026/10/oportunidad-laboral-cas-135-codigo-aad-asistente-administrativo-cbae.html;"oferta laboral individual completa"
7460206525716703154;A;CONSERVAR;CONSERVADO;0;"UGEL PARURO: UGEL PARURO: Requiere Especialista administrativo y Técnico Responsable";https://empleosperuhoy.blogspot.com/2026/10/oferta-de-empleo-ugel-paruro-requiere-especialista-administrativ-b010.html;"oferta laboral individual completa"
7460767222325509656;A;CONSERVAR;CONSERVADO;0;"EJÉRCITO DEL PERÚ: MECÁNICO DE ELECTRÓNICA";https://empleosperuhoy.blogspot.com/2026/10/ejercito-del-peru-mecanico-de_4.html;"oferta laboral individual completa"
746239330843790936;A;CONSERVAR;CONSERVADO;0;"OSINERGMIN: N° 031-2026: Practicante para la Gerencia de Planeamiento, Presupuesto y Modernización";https://empleosperuhoy.blogspot.com/2026/10/oportunidad-laboral-practicas-osinergmin-ingenieria-economica-economia.html;"oferta laboral individual completa"
7464745994677657736;A;CONSERVAR;CONSERVADO;0;"EJÉRCITO DEL PERÚ: AUXILIAR DE SISTEMAS ADMINISTRATIVOS";https://empleosperuhoy.blogspot.com/2026/10/oportunidad-laboral-auxiliar-sistemas-administrativos-ejercito-del-per.html;"oferta laboral individual completa"
7470424778959977248;A;CONSERVAR;CONSERVADO;0;"UNIVERSIDAD DE BAGUA: CAS N° 005 - ITEM N° 33: SECRETARIA/O - DIRECCIÓN DE ADMISIÓN Y NIVELACIÓN";https://empleosperuhoy.blogspot.com/2026/10/universidad-de-bagua-cas-n-005-item-n_35.html;"oferta laboral individual completa"
7488972826719561090;A;CONSERVAR;CONSERVADO;0;"UGEL PANGOA: ESPECIALISTA EN PROCEDIMIENTO ADMINISTRATIVO DISCIPLINARIOS";https://empleosperuhoy.blogspot.com/2026/10/ugel-pangoa-especialista-en_1.html;"oferta laboral individual completa"
7493086495278900231;A;CONSERVAR;CONSERVADO;0;"PODER JUDICIAL: N° 001 - CÓDIGO 00312-4: ANALISTA II";https://empleosperuhoy.blogspot.com/2026/10/oportunidad-laboral-001-codigo-analista-poder-judicial-arequipa-632280.html;"oferta laboral individual completa"
7508652641857185018;A;CONSERVAR;CONSERVADO;0;"HOSPITAL DE HUARAZ: Licenciado en enfermería";https://empleosperuhoy.blogspot.com/2026/10/oportunidad-laboral-cas-001-licenciado-enfermeria-hospital-huara-2c5f.html;"oferta laboral individual completa"
7512873650870083450;A;CONSERVAR;CONSERVADO;0;"MUNICIPALIDAD DE SAN RAMÓN: MUNICIPALIDAD DE SAN RAMÓN: (14) Asistente Administrativo, Especialistas, Psicólogo y otros";https://empleosperuhoy.blogspot.com/2026/10/municipalidad-de-san-ramon.html;"oferta laboral individual completa"
7522820377121804877;A;CONSERVAR;CONSERVADO;0;"MINISTERIO DE VIVIENDA: Analista en Inversiones";https://empleosperuhoy.blogspot.com/2026/10/ministerio-de-vivienda-analista-en_7.html;"oferta laboral individual completa"
7526458674226034408;A;CONSERVAR;CONSERVADO;0;"MINISTERIO DE COMERCIO(MINCETUR): Coordinador(a) de Gestión Institucional en Seguridad y Defensa Nacional";https://empleosperuhoy.blogspot.com/2026/10/ministerio-de-comerciomincetur_3.html;"oferta laboral individual completa"
752818508692525664;A;CONSERVAR;CONSERVADO;0;"UNIVERSIDAD DE BAGUA: CAS N° 005 - ITEM N° 37: ENFERMERA (O) - DIRECCION DE BIENESTAR UNIVERSITARIO";https://empleosperuhoy.blogspot.com/2026/10/oportunidad-laboral-cas-005-item-enfermera-direccion-bienestar-univers.html;"oferta laboral individual completa"
7539250994170585667;A;CONSERVAR;CONSERVADO;0;"PODER JUDICIAL: CAS N° 024 - CÓDIGO 01128: Especialista Judicial de Juzgado";https://empleosperuhoy.blogspot.com/2026/10/poder-judicial-cas-n-024-codigo-01128_1.html;"oferta laboral individual completa"
7539701491904597509;A;CONSERVAR;CONSERVADO;0;"UNIVERSIDAD DE CAÑETE(UNDC): CAS N° 003- N° Plaza 081: ESPECIALISTA EN CONTROL PREVIO";https://empleosperuhoy.blogspot.com/2026/10/oportunidad-laboral-cas-003-plaza-081-especialista-control-previo-univ.html;"oferta laboral individual completa"
7541077917234358627;A;CONSERVAR;CONSERVADO;0;"HOSPITAL DE HUARAZ: Técnico/a en Enfermería";https://empleosperuhoy.blogspot.com/2026/10/oportunidad-laboral-cas-001-tecnico-enfermeria-hospital-huaraz-a-5301.html;"oferta laboral individual completa"
7557181247257070058;A;CONSERVAR;CONSERVADO;0;"PODER JUDICIAL: N° 02 - CÓDIGO 0030-6: SECRETARIO JUDICIAL";https://empleosperuhoy.blogspot.com/2026/10/oportunidad-laboral-codigo-0030-secretario-judicial-poder-lima-632226.html;"oferta laboral individual completa"
7566491254137220337;A;CONSERVAR;CONSERVADO;0;"UNIVERSIDAD DE BAGUA: CAS N° 005 - ITEM N° 40: PROFESIONAL IV - INSTITUTO DE INVESTIGACIÓN";https://empleosperuhoy.blogspot.com/2026/10/oportunidad-laboral-cas-005-item-profesional-instituto-investiga-be2e.html;"oferta laboral individual completa"
7570506311520590951;A;CONSERVAR;CONSERVADO;0;"UGEL 5: Analista de planillas";https://empleosperuhoy.blogspot.com/2026/10/ugel-5-analista-de-planillas.html;"oferta laboral individual completa"
7571908513066515916;A;CONSERVAR;CONSERVADO;0;"Ayudante De Produccion";https://empleosperuhoy.blogspot.com/2026/10/ayudante-de-produccion.html;"oferta laboral individual completa"
7573117746033025497;A;CONSERVAR;CONSERVADO;0;"UNIVERSIDAD DE CAÑETE(UNDC): CAS N° 003- N° Plaza 066: TÉCNICO ADMINISTRATIVO";https://empleosperuhoy.blogspot.com/2026/10/universidad-de-caneteundc-cas-n-003-n_07.html;"oferta laboral individual completa"
7575062121124859518;A;CONSERVAR;CONSERVADO;0;"MINISTERIO PÚBLICO - FISCALÍA: CAS N° 136 - CÓDIGO PER-01: PERITO CONTABLE";https://empleosperuhoy.blogspot.com/2026/10/ministerio-publico-fiscalia-cas-n-136_5.html;"oferta laboral individual completa"
7577449142392658377;A;CONSERVAR;CONSERVADO;0;"Buscamos Redactor Academico - Derecho Ambiental";https://empleosperuhoy.blogspot.com/2026/10/buscamos-redactor-academico-derecho.html;"oferta laboral individual completa"
7578804544272683024;A;CONSERVAR;CONSERVADO;0;"RED DE SALUD CAÑETE YAUYOS: 276 N° 001-2026: LICENCIADA ENFERMERIA";https://empleosperuhoy.blogspot.com/2026/10/red-de-salud-canete-yauyos-276-n-001_5.html;"oferta laboral individual completa"
7582754421151036445;A;CONSERVAR;CONSERVADO;0;"UNIVERSIDAD DE FRONTERA DE SULLANA: ANALISTA";https://empleosperuhoy.blogspot.com/2026/10/oportunidad-laboral-cas-002-analista-universidad-frontera-sullana-piur.html;"oferta laboral individual completa"
758850104160344712;A;CONSERVAR;CONSERVADO;0;"MUNICIPALIDAD DE SAN RAMÓN: ASISTENTE ADMINISTRATIVO TRIBUTARIO";https://empleosperuhoy.blogspot.com/2026/10/municipalidad-de-san-ramon-asistente_0789986055.html;"oferta laboral individual completa"
7599494066591201107;A;CONSERVAR;CONSERVADO;0;"MUNICIPALIDAD LA ENCAÑADA: ESPECIALISTA EN CONTRATACIONES";https://empleosperuhoy.blogspot.com/2026/09/municipalidad-la-encanada-especialista.html;"oferta laboral individual completa"
7606104311925039091;A;CONSERVAR;CONSERVADO;0;"DIRESA CAJAMARCA: ESPECIALISTA EN PRESUPUESTO";https://empleosperuhoy.blogspot.com/2026/10/diresa-cajamarca-especialista-en_5.html;"oferta laboral individual completa"
7609192240242113956;A;CONSERVAR;CONSERVADO;0;"PAE - PROGRAMA DE ALIMENTACIÓN ESCOLAR: SUPERVISOR(A) DE PLANTAS Y ALMACENES";https://empleosperuhoy.blogspot.com/2026/10/oportunidad-laboral-cas-098-supervisor-plantas-almacenes-pae-programa-.html;"oferta laboral individual completa"
761039075821548150;A;CONSERVAR;CONSERVADO;0;"SENCICO: COORDINADOR/A DE LA UNIDAD FUNCIONAL DE INTEGRIDAD INSTITUCIONAL";https://empleosperuhoy.blogspot.com/2026/10/sencico-coordinadora-de-la-unidad_5.html;"oferta laboral individual completa"
7611687373224726842;A;CONSERVAR;CONSERVADO;0;"HOSPITAL GENERAL DE JAÉN: CAS N° 002 - Código AIRHSP 003633: MÉDICO ESPECIALISTA EN ANATOMÍA PATOLÓGICA";https://empleosperuhoy.blogspot.com/2026/10/oportunidad-laboral-cas-002-codigo-airhsp-medico-especialista-anatomia.html;"oferta laboral individual completa"
7615254139738906627;A;CONSERVAR;CONSERVADO;0;"HOSPITAL VILLA EL SALVADOR: Médico Cirujano";https://empleosperuhoy.blogspot.com/2026/10/oportunidad-laboral-cas-006-2026-medico-cirujano-hospital-villa-salvad.html;"oferta laboral individual completa"
7619747099124756742;A;CONSERVAR;CONSERVADO;0;"INEI: OPERADOR DE MANTENIMIENTO DE LOCAL DE EVALUACIÓN - LIMA";https://empleosperuhoy.blogspot.com/2026/10/inei-operador-de-mantenimiento-de-local_95.html;"oferta laboral individual completa"
7621622013239660844;A;CONSERVAR;CONSERVADO;0;"Operario De Almacén - Punta Hermosa";https://empleosperuhoy.blogspot.com/2026/10/operario-de-almacen-punta-hermosa.html;"oferta laboral individual completa"
7623859305302480387;A;CONSERVAR;CONSERVADO;0;"INDECOPI: N° 061-2026: Practicante para la Oficina de Asesoría Jurídica";https://empleosperuhoy.blogspot.com/2026/10/oportunidad-laboral-practicas-indecopi-derecho-octubre-2026-631148.html;"oferta laboral individual completa"
7624210610945106932;A;CONSERVAR;CONSERVADO;0;"PRONIED: ESPECIALISTA EN GESTION ADMINISTRATIVA";https://empleosperuhoy.blogspot.com/2026/10/pronied-especialista-en-gestion_5.html;"oferta laboral individual completa"
7633486328021505608;A;CONSERVAR;CONSERVADO;0;"UNIVERSIDAD DE CAÑETE(UNDC): CAS N° 003- N° Plaza 044: ESPECIALISTA EN GESTIÓN ACADÉMICA";https://empleosperuhoy.blogspot.com/2026/10/oportunidad-laboral-cas-003-plaza-044-especialista-gestion-academica-u.html;"oferta laboral individual completa"
7637264579951513182;A;CONSERVAR;CONSERVADO;0;"HOSPITAL VILLA EL SALVADOR: Técnico Administrativo";https://empleosperuhoy.blogspot.com/2026/10/oportunidad-laboral-cas-006-2026-tecnico-administrativo-hospital-fa9b.html;"oferta laboral individual completa"
7638981913374569512;A;CONSERVAR;CONSERVADO;0;"Practicante De Clima Y Cultura/Capacitación";https://empleosperuhoy.blogspot.com/2026/10/practicante-de-clima-y.html;"oferta laboral individual completa"
7650501004944257291;A;CONSERVAR;CONSERVADO;0;"MUNICIPALIDAD LA MAR - VRAEM: 276 N° 002: TECNICO ADMINISTRATIVO II - SUPLENCIA";https://empleosperuhoy.blogspot.com/2026/10/municipalidad-la-mar-vraem-276-n-002_9.html;"oferta laboral individual completa"
7651597589968946781;A;CONSERVAR;CONSERVADO;0;"UGEL 5: Trabajador de servicio y oficinista";https://empleosperuhoy.blogspot.com/2026/10/oferta-de-empleo-ugel-requiere-trabajador-servicio-oficinista-co-650b.html;"oferta laboral individual completa"
7655275179389024911;A;CONSERVAR;CONSERVADO;0;"MINISTERIO DE COMERCIO(MINCETUR): Asistente de Facilitación de Comercio Exterior";https://empleosperuhoy.blogspot.com/2026/10/ministerio-de-comerciomincetur_88.html;"oferta laboral individual completa"
7655369122186164331;A;CONSERVAR;CONSERVADO;0;"INSTITUTO DE ENERGÍA NUCLEAR(IPEN): ESPECIALISTA DE CONTABILIDAD";https://empleosperuhoy.blogspot.com/2026/10/instituto-de-energia-nuclearipen_6.html;"oferta laboral individual completa"
7659840869909688772;A;CONSERVAR;CONSERVADO;0;"MINISTERIO PÚBLICO - FISCALÍA: N° 047 - CÓDIGO OP-01: OPERADOR ADMINISTRATIVO";https://empleosperuhoy.blogspot.com/2026/10/oportunidad-laboral-047-codigo-operador-administrativo-ministerio-publ.html;"oferta laboral individual completa"
7665000962780862574;A;CONSERVAR;CONSERVADO;0;"CAS N° 004-2026: Enfermera/o";https://empleosperuhoy.blogspot.com/2026/09/cas-n-004-2026-enfermerao.html;"oferta laboral individual completa"
7669007899973022026;A;CONSERVAR;CONSERVADO;0;"BCP Concurso de becas universitarias";https://empleosperuhoy.blogspot.com/2026/09/convocatoria-becas-bcp-carreras.html;"oferta laboral individual completa"
7669170255980231636;A;CONSERVAR;CONSERVADO;0;"OSIPTEL: ANALISTA EN AUDITORÍA DE APORTES";https://empleosperuhoy.blogspot.com/2026/10/osiptel-analista-en-auditoria-de-aportes_4.html;"oferta laboral individual completa"
7670951830597475805;A;CONSERVAR;CONSERVADO;0;"PODER JUDICIAL: CAS N° 070 - CÓDIGO 02660-2: SECRETARIO JUDICIAL";https://empleosperuhoy.blogspot.com/2026/10/oportunidad-laboral-cas-070-codigo-secretario-judicial-poder-libertad-.html;"oferta laboral individual completa"
7674275350409878671;A;CONSERVAR;CONSERVADO;0;"UNIVERSIDAD DE CAÑETE(UNDC): CAS N° 003- N° Plaza 070: ESPECIALISTA DE CONTRATACIONES";https://empleosperuhoy.blogspot.com/2026/10/oportunidad-laboral-cas-003-plaza-070-especialista-contrataciones-univ.html;"oferta laboral individual completa"
7680898454460381999;A;CONSERVAR;CONSERVADO;0;"DIRECCIÓN DE AGRICULTURA HUÁNUCO: INGENIERO AGRONOMO - CODIGO AIRHSP:000646";https://empleosperuhoy.blogspot.com/2026/10/oportunidad-laboral-cas-004-2026-ingeniero-agronomo-codigo-airhs-3d9a.html;"oferta laboral individual completa"
7684128685398218742;A;CONSERVAR;CONSERVADO;0;"SERFOR: ESPECIALISTA EN GESTIÓN DE RIESGOS DE DESASTRES";https://empleosperuhoy.blogspot.com/2026/10/oportunidad-laboral-cas-063-especialista-gestion-riesgos-desastres-ser.html;"oferta laboral individual completa"
7693156003593717981;A;CONSERVAR;CONSERVADO;0;"UNIVERSIDAD DE CAÑETE(UNDC): CAS N° 003- N° Plaza 032: ESPECIALISTA";https://empleosperuhoy.blogspot.com/2026/10/universidad-de-caneteundc-cas-n-003-n_23.html;"oferta laboral individual completa"
7693851560139633479;A;CONSERVAR;CONSERVADO;0;"AUTORIDAD PORTUARIA(APN): Asistente y Apoyo Operativo";https://empleosperuhoy.blogspot.com/2026/10/autoridad-portuariaapn-asistente-y_2.html;"oferta laboral individual completa"
769423237055671124;A;CONSERVAR;CONSERVADO;0;"UNIVERSIDAD DE CAÑETE(UNDC): CAS N° 003- N° Plaza 089: ANALISTA EN SISTEMA INTEGRADO DE CALIDAD";https://empleosperuhoy.blogspot.com/2026/10/universidad-de-caneteundc-cas-n-003-n_602.html;"oferta laboral individual completa"
7695795854520868494;A;CONSERVAR;CONSERVADO;0;"HOSPITAL SANTA MARÍA DE CUTERVO: Ingeniero Ambiental";https://empleosperuhoy.blogspot.com/2026/10/hospital-santa-maria-de-cutervo.html;"oferta laboral individual completa"
7698008718298029392;A;CONSERVAR;CONSERVADO;0;"Redactor De Tesis Doctorado En Ing Industrial - Remoto";https://empleosperuhoy.blogspot.com/2026/10/redactor-de-tesis-doctorado-en-ing_01604664418.html;"oferta laboral individual completa"
7700945778254114548;A;CONSERVAR;CONSERVADO;0;"RED DE SALUD CHANCHAMAYO: Chofer - Unidad de Mantenimiento y Servicios Generales";https://empleosperuhoy.blogspot.com/2026/10/oportunidad-laboral-cas-004-2026-chofer-unidad-mantenimiento-servicios.html;"oferta laboral individual completa"
7701632709607997987;A;CONSERVAR;CONSERVADO;0;"DEFENSORIA DEL PUEBLO: N° 060-2026: Practicante para la Oficina Gral. de Tec., Innovación y Transfor. Digital";https://empleosperuhoy.blogspot.com/2026/10/oportunidad-laboral-practicas-defensoria-del-pueblo-ingenieria-sistema.html;"oferta laboral individual completa"
7708395639110173987;A;CONSERVAR;CONSERVADO;0;"SENCICO: ANALISTA COMERCIAL Y DE ALIANZAS";https://empleosperuhoy.blogspot.com/2026/10/oportunidad-laboral-cas-0018-analista-comercial-alianzas-sencico-lima-.html;"oferta laboral individual completa"
7712624711717624320;A;CONSERVAR;CONSERVADO;0;"UGEL ACOMAYO: CAS N° 005 - P-002: ESPECIALISTA ADMINISTRATIVO - INFORMATICO";https://empleosperuhoy.blogspot.com/2026/10/oportunidad-laboral-cas-005-002-especialista-administrativo-info-58e8.html;"oferta laboral individual completa"
7714281740090921909;A;CONSERVAR;CONSERVADO;0;"SUNEDU: EN CONTENIDO WEB INSTITUCIONAL";https://empleosperuhoy.blogspot.com/2026/10/sunedu-en-contenido-web-institucional_0.html;"oferta laboral individual completa"
7716638680173588137;A;CONSERVAR;CONSERVADO;0;"MINISTERIO PÚBLICO - FISCALÍA: CAS N° 134 - CÓDIGO AFF-08: ASISTENTE EN FUNCIÓN FISCAL";https://empleosperuhoy.blogspot.com/2026/10/ministerio-publico-fiscalia-cas-n-134_9.html;"oferta laboral individual completa"
7717997250357282312;A;CONSERVAR;CONSERVADO;0;"INEI: OPERADOR DE MANTENIMIENTO DE LOCAL DE EVALUACIÓN - AMAZONAS";https://empleosperuhoy.blogspot.com/2026/10/inei-operador-de-mantenimiento-de-local_291.html;"oferta laboral individual completa"
7721264168735076419;A;CONSERVAR;CONSERVADO;0;"INEI: OPERADOR DE MANTENIMIENTO DE LOCAL DE EVALUACIÓN - TACNA";https://empleosperuhoy.blogspot.com/2026/10/oportunidad-laboral-operador-mantenimiento-local-evaluacion-tacna-inei.html;"oferta laboral individual completa"
7721444948759251397;A;CONSERVAR;CONSERVADO;0;"DIRESA CALLAO: Abogado/a";https://empleosperuhoy.blogspot.com/2026/10/diresa-callao-abogadoa_1.html;"oferta laboral individual completa"
772276960003719473;A;CONSERVAR;CONSERVADO;0;"BCRP: 4 practicantes";https://empleosperuhoy.blogspot.com/2026/10/oferta-de-empleo-bcrp-requiere-practicantes-convocatoria-octubre-c29b.html;"oferta laboral individual completa"
7725126830248175032;A;CONSERVAR;CONSERVADO;0;"ITP: Nº 027-2026: Practicante para el CITE Productivo Madre de Dios";https://empleosperuhoy.blogspot.com/2026/10/itp-n-027-2026-practicante-para-el-cite_9.html;"oferta laboral individual completa"
772744763311999073;A;CONSERVAR;CONSERVADO;0;"PODER JUDICIAL: N° 001 - CÓDIGO 00347-2: TECNICO JUDICIAL";https://empleosperuhoy.blogspot.com/2026/10/poder-judicial-n-001-codigo-00347-2_7.html;"oferta laboral individual completa"
7727462461975815873;A;CONSERVAR;CONSERVADO;0;"MINISTERIO DE VIVIENDA: Analista de Proyecto";https://empleosperuhoy.blogspot.com/2026/10/ministerio-de-vivienda-analista-de_6.html;"oferta laboral individual completa"
7734999078381976691;A;CONSERVAR;CONSERVADO;0;"RED DE SALUD CHANCHAMAYO: Médico Cirujano Especialista en Psiquiatría";https://empleosperuhoy.blogspot.com/2026/10/oportunidad-laboral-cas-004-2026-medico-cirujano-especialista-ps-3d95.html;"oferta laboral individual completa"
7742161435121791146;A;CONSERVAR;CONSERVADO;0;"INEI: OPERADOR DE MANTENIMIENTO DE LOCAL DE EVALUACIÓN - MOQUEGUA";https://empleosperuhoy.blogspot.com/2026/10/inei-operador-de-mantenimiento-de-local_29.html;"oferta laboral individual completa"
7744499727711494070;A;CONSERVAR;CONSERVADO;0;"DIRESA CAJAMARCA: TECNICO EN ENFERMERIA";https://empleosperuhoy.blogspot.com/2026/10/diresa-cajamarca-tecnico-en-enfermeria_1.html;"oferta laboral individual completa"
774931755019694272;A;CONSERVAR;CONSERVADO;0;"UGEL AMBO: UGEL AMBO: (5) Responsable SIAGIE, Especialista en informatica, Secretarias y Analista Modernización";https://empleosperuhoy.blogspot.com/2026/10/ugel-ambo-ugel-ambo-5-responsable.html;"oferta laboral individual completa"
7750667892780760955;A;CONSERVAR;CONSERVADO;0;"UNIVERSIDAD DE CAÑETE(UNDC): CAS N° 003- N° Plaza 080: ANALISTA";https://empleosperuhoy.blogspot.com/2026/10/oportunidad-laboral-cas-003-plaza-080-analista-universidad-canete-undc.html;"oferta laboral individual completa"
7756430978754015275;A;CONSERVAR;CONSERVADO;0;"PRONIED: ANALISTA EN GESTIÓN DE COBRANZA";https://empleosperuhoy.blogspot.com/2026/10/oportunidad-laboral-cas-023-analista-gestion-cobranza-pronied-lima-633.html;"oferta laboral individual completa"
7757465570519377892;A;CONSERVAR;CONSERVADO;0;"CENEPRED: ASISTENTE ADMINISTRATIVO";https://empleosperuhoy.blogspot.com/2026/10/cenepred-asistente-administrativo_9.html;"oferta laboral individual completa"
7762224876029375794;A;CONSERVAR;CONSERVADO;0;"UNIVERSIDAD TECNOLOGICA LIMA SUR(UNTELS): Especialista Administrativo";https://empleosperuhoy.blogspot.com/2026/10/universidad-tecnologica-lima-suruntels_01171245570.html;"oferta laboral individual completa"
7777720751105879676;A;CONSERVAR;CONSERVADO;0;"UNIVERSIDAD TECNOLOGICA LIMA SUR(UNTELS): Asistente Administrativo";https://empleosperuhoy.blogspot.com/2026/10/universidad-tecnologica-lima-suruntels_01076627106.html;"oferta laboral individual completa | duplicados conservados: 1"
7780778922822206064;A;CONSERVAR;CONSERVADO;0;"Redactor De Tesis Gastronomía-Remoto";https://empleosperuhoy.blogspot.com/2026/10/redactor-de-tesis-gastronomia-remoto.html;"oferta laboral individual completa"
7782592625349820598;A;CONSERVAR;CONSERVADO;0;"MINISTERIO DEL AMBIENTE (MINAM): Especialista en Diseño Gráfico";https://empleosperuhoy.blogspot.com/2026/10/oportunidad-laboral-cas-064-especialista-diseno-grafico-ministerio-del.html;"oferta laboral individual completa"
7788370555827996219;A;CONSERVAR;CONSERVADO;0;"HOSPITAL SICUANI: CAS N° 003 - ITEM 09: OBSTETRA";https://empleosperuhoy.blogspot.com/2026/10/hospital-sicuani-cas-n-003-item-09_9.html;"oferta laboral individual completa"
7803111082351545675;A;CONSERVAR;CONSERVADO;0;"PODER JUDICIAL: CAS N° 028 - CÓDIGO 03003: ESPECIALISTA EN ATENCIÓN DE AUDIENCIAS JUDICIALES";https://empleosperuhoy.blogspot.com/2026/10/oportunidad-laboral-cas-028-codigo-especialista-atencion-audiencias-ju.html;"oferta laboral individual completa"
7810475550906941280;A;CONSERVAR;CONSERVADO;0;"SINEACE: ASISTENTE EN SOPORTE TÉCNICO";https://empleosperuhoy.blogspot.com/2026/10/oportunidad-laboral-cas-037-asistente-soporte-tecnico-sineace-lima-633.html;"oferta laboral individual completa"
7828557360576693360;A;CONSERVAR;CONSERVADO;0;"SENCICO: COORDINADOR/A DE MARKETING Y GESTIÓN COMERCIAL";https://empleosperuhoy.blogspot.com/2026/10/sencico-coordinadora-de-marketing-y_0.html;"oferta laboral individual completa"
7830764054388663018;A;CONSERVAR;CONSERVADO;0;"MUNICIPALIDAD DE PICHACANI: Asistente de Planificación";https://empleosperuhoy.blogspot.com/2026/10/oportunidad-laboral-cas-003-asistente-planificacion-municipalidad-pich.html;"oferta laboral individual completa"
7835099054974102423;A;CONSERVAR;CONSERVADO;0;"SIS: Coordinador de Riesgo Económico";https://empleosperuhoy.blogspot.com/2026/10/oportunidad-laboral-cas-157-coordinador-riesgo-economico-sis-lima-6335.html;"oferta laboral individual completa"
7841665303493924763;A;CONSERVAR;CONSERVADO;0;"UGEL-3: Coordinador de innovacion y soporte tecnologico";https://empleosperuhoy.blogspot.com/2026/10/ugel-3-coordinador-de-innovacion-y_7.html;"oferta laboral individual completa"
7845873663063226761;A;CONSERVAR;CONSERVADO;0;"UNIVERSIDAD DE FRONTERA DE SULLANA: Técnico de Laboratorio";https://empleosperuhoy.blogspot.com/2026/10/universidad-de-frontera-de-sullana_62.html;"oferta laboral individual completa"
7848381879406600587;A;CONSERVAR;CONSERVADO;0;"UNIVERSIDAD DE CAÑETE(UNDC): CAS N° 003- N° Plaza 029: ANALISTA";https://empleosperuhoy.blogspot.com/2026/10/universidad-de-caneteundc-cas-n-003-n_47.html;"oferta laboral individual completa"
7849566273043580124;A;CONSERVAR;CONSERVADO;0;"HOSPITAL VILLA EL SALVADOR: Químico Farmacéutico";https://empleosperuhoy.blogspot.com/2026/10/hospital-villa-el-salvador-quimico_4.html;"oferta laboral individual completa"
7849979732267026429;A;CONSERVAR;CONSERVADO;0;"SUTRAN: ASISTENTES LEGALES III";https://empleosperuhoy.blogspot.com/2026/10/oportunidad-laboral-cas-237-asistentes-legales-iii-sutran-lima-631668.html;"oferta laboral individual completa"
7850823666253669910;A;CONSERVAR;CONSERVADO;0;"PODER JUDICIAL: N° 001 - CÓDIGO 00315: ESPECIALISTA JUDICIAL DE SALA";https://empleosperuhoy.blogspot.com/2026/10/oportunidad-laboral-001-codigo-especialista-judicial-sala-poder-arequi.html;"oferta laboral individual completa"
7851096630068997002;A;CONSERVAR;CONSERVADO;0;"DESARROLLA TU PENSAMIENTO CRÍTICO";https://empleosperuhoy.blogspot.com/2026/09/desarrolla-tu-pensamiento-critico.html;"oferta laboral individual completa"
7854958753125015423;A;CONSERVAR;CONSERVADO;0;"HOSPITAL VILLA EL SALVADOR: Enfermero/a";https://empleosperuhoy.blogspot.com/2026/10/oportunidad-laboral-cas-006-2026-enfermero-hospital-villa-salvador-lim.html;"oferta laboral individual completa"
7854988069959231218;A;CONSERVAR;CONSERVADO;0;"MINISTERIO PÚBLICO - FISCALÍA: CAS N° 135 - CÓDIGO AFF-02: ASISTENTE EN FUNCIÓN FISCAL";https://empleosperuhoy.blogspot.com/2026/10/ministerio-publico-fiscalia-cas-n-135_37.html;"oferta laboral individual completa"
7868644652321525813;A;CONSERVAR;CONSERVADO;0;"HOSPITAL JULIO CESAR DEMARINI CARO: Especialista AIRHSP (026-PCAS04/2026)";https://empleosperuhoy.blogspot.com/2026/10/oportunidad-laboral-cas-004-2026-especialista-airhsp-026-pcas04-hospit.html;"oferta laboral individual completa"
7869511009882250646;A;CONSERVAR;CONSERVADO;0;"HOSPITAL SANTA ROSA: Técnico Asistencial";https://empleosperuhoy.blogspot.com/2026/09/hospital-santa-rosa-tecnico-asistencial.html;"oferta laboral individual completa"
7871579708547958842;A;CONSERVAR;CONSERVADO;0;"SENCICO: ESPECIALISTA EN INTEGRIDAD INSTITUCIONAL";https://empleosperuhoy.blogspot.com/2026/10/sencico-especialista-en-integridad_6.html;"oferta laboral individual completa"
7873415046177487919;A;CONSERVAR;CONSERVADO;0;"PROGRAMA CONSERVACIÓN DE BOSQUES: Jefe de asesoría jurídica";https://empleosperuhoy.blogspot.com/2026/10/oferta-de-empleo-programa-conservacion-bosques-requiere-jefe-ase-b4dc.html;"oferta laboral individual completa"
7879496554388939145;A;CONSERVAR;CONSERVADO;0;"MUNICIPALIDAD DE PICHACANI: Responsable de Unidad Formuladora";https://empleosperuhoy.blogspot.com/2026/10/oportunidad-laboral-cas-003-responsable-unidad-formuladora-municipalid.html;"oferta laboral individual completa"
7881207586775772324;A;CONSERVAR;CONSERVADO;0;"PODER JUDICIAL: CAS N° 055 - CÓDIGO 01525-5: Especialista Legal - Ejecución";https://empleosperuhoy.blogspot.com/2026/10/poder-judicial-cas-n-055-codigo-01525-5_9.html;"oferta laboral individual completa"
7892173353889733475;A;CONSERVAR;CONSERVADO;0;"HOSPITAL DE QUILLABAMBA: 276 N° 004: TRABAJADORA SOCIAL";https://empleosperuhoy.blogspot.com/2026/10/hospital-de-quillabamba-276-n-004_01713037594.html;"oferta laboral individual completa"
7896012962514504194;A;CONSERVAR;CONSERVADO;0;"EJÉRCITO DEL PERÚ: TÉCNICO AGROPECUARIO";https://empleosperuhoy.blogspot.com/2026/10/ejercito-del-peru-tecnico-agropecuario_3.html;"oferta laboral individual completa"
790148531904217521;A;CONSERVAR;CONSERVADO;0;"MINISTERIO DE TRABAJO(MTPE): ESPECIALISTA SENIOR EN GESTIÓN PÚBLICA Y FORMACIÓN CONTINUA";https://empleosperuhoy.blogspot.com/2026/10/oportunidad-laboral-cas-127-especialista-senior-gestion-publica-formac.html;"oferta laboral individual completa"
7905623131627783899;A;CONSERVAR;CONSERVADO;0;"INSTITUTO DE REHABILITACIÓN(INR): TECNOLOGO/A MÉDICO EN TERAPIA OCUPACIONAL";https://empleosperuhoy.blogspot.com/2026/10/oportunidad-laboral-cas-002-instituto-rehabilitacion-inr-lima-633399.html;"oferta laboral individual completa"
7937657569391976247;A;CONSERVAR;CONSERVADO;0;"INIA: ADMINISTRADOR/A";https://empleosperuhoy.blogspot.com/2026/10/oportunidad-laboral-cas-090-administrador-inia-loreto-633333.html;"oferta laboral individual completa"
7945525612800091824;A;CONSERVAR;CONSERVADO;0;"MINISTERIO PÚBLICO - FISCALÍA: CAS N° 141 - CÓDIGO AFF-05: ASISTENTE EN FUNCIÓN FISCAL";https://empleosperuhoy.blogspot.com/2026/10/ministerio-publico-fiscalia-cas-n-141_4.html;"oferta laboral individual completa"
7961598703574191589;A;CONSERVAR;CONSERVADO;0;"DIRECCIÓN DE AGRICULTURA HUÁNUCO: ASISTENTE ADMINISTRATIVO - CODIGO AIRHSP:000647";https://empleosperuhoy.blogspot.com/2026/10/direccion-de-agricultura-huanuco_98.html;"oferta laboral individual completa"
7962803950178164788;A;CONSERVAR;CONSERVADO;0;"INEI: AUXILIAR DE SALUD DE LOCAL DE EVALUACIÓN - LORETO";https://empleosperuhoy.blogspot.com/2026/10/inei-auxiliar-de-salud-de-local-de_56.html;"oferta laboral individual completa"
7963425903778512496;A;CONSERVAR;CONSERVADO;0;"HOSPITAL REGIONAL DE MOQUEGUA: CAS N° 003 - ITEM 09: MÉDICO EMERGENCISTA Y DESASTRES - SERVICIO DE EMERGENCIA";https://empleosperuhoy.blogspot.com/2026/10/hospital-regional-de-moquegua-cas-n-003_71.html;"oferta laboral individual completa"
7986828028742123753;A;CONSERVAR;CONSERVADO;0;"DIRECCIÓN DE AGRICULTURA HUÁNUCO: TECNICO ADMINISTRATIVO - CODIGO AIRHSP:000654";https://empleosperuhoy.blogspot.com/2026/10/oportunidad-laboral-cas-004-2026-tecnico-administrativo-codigo-a-261c.html;"oferta laboral individual completa"
7988025551924094656;A;CONSERVAR;CONSERVADO;0;"HOSPITAL GENERAL DE JAÉN: CAS N° 002 - Código AIRHSP 003545: MÉDICO ESPECIALISTA EN PSIQUIATRÍA";https://empleosperuhoy.blogspot.com/2026/10/hospital-general-de-jaen-cas-n-002_24.html;"oferta laboral individual completa"
7994411819577063336;A;CONSERVAR;CONSERVADO;0;"PODER JUDICIAL: N° 001 - CÓDIGO 00347-4-5: TECNICO JUDICIAL";https://empleosperuhoy.blogspot.com/2026/10/poder-judicial-n-001-codigo-00347-4-5_6.html;"oferta laboral individual completa"
7996335089480482171;A;CONSERVAR;CONSERVADO;0;"SERNANP: ESPECIALISTA – NECESIDAD TRANSITORIA";https://empleosperuhoy.blogspot.com/2026/10/sernanp-especialista-necesidad_6.html;"oferta laboral individual completa"
8000726182695696241;A;CONSERVAR;CONSERVADO;0;"UNIVERSIDAD TECNOLOGICA LIMA SUR(UNTELS): TÉCNICO ADMINISTRATIVO EN CONTROL PATRIMONIAL";https://empleosperuhoy.blogspot.com/2026/10/universidad-tecnologica-lima-suruntels_0252759124.html;"oferta laboral individual completa"
8001471218939613112;A;CONSERVAR;CONSERVADO;0;"MINISTERIO PÚBLICO - FISCALÍA: CAS N° 135 - CÓDIGO AFF-09: ASISTENTE EN FUNCIÓN FISCAL";https://empleosperuhoy.blogspot.com/2026/10/ministerio-publico-fiscalia-cas-n-135_12.html;"oferta laboral individual completa"
8008716321612860165;A;CONSERVAR;CONSERVADO;0;"PODER JUDICIAL: CAS N° 069 - CÓDIGO 01635: Asistente de Custodia y Grabación de Expedientes";https://empleosperuhoy.blogspot.com/2026/10/poder-judicial-cas-n-069-codigo-01635_4.html;"oferta laboral individual completa"
8017948644397113688;A;CONSERVAR;CONSERVADO;0;"UNIVERSIDAD DE BAGUA: CAS N° 005 - ITEM N° 21: PROFESIONAL III - UNIDAD DE ABASTECIMIENTO/PATRIMONIO";https://empleosperuhoy.blogspot.com/2026/10/universidad-de-bagua-cas-n-005-item-n_83.html;"oferta laboral individual completa"
8028241154115175931;A;CONSERVAR;CONSERVADO;0;"UNIVERSIDAD DE BAGUA: CAS N° 005 - ITEM N° 38: PROFESIONAL IV - VICEPRESIDENCIA ACADÉMICA";https://empleosperuhoy.blogspot.com/2026/10/universidad-de-bagua-cas-n-005-item-n_25.html;"oferta laboral individual completa"
8028977573708224992;A;CONSERVAR;CONSERVADO;0;"DIRECCION DE EDUCACION(DRE) CALLAO: N° 001-2026: Practicante para la Oficina de Finanzas";https://empleosperuhoy.blogspot.com/2026/10/oportunidad-laboral-practicas-direccion-educacion-dre-callao-adm-97f7.html;"oferta laboral individual completa"
8032048664604679875;A;CONSERVAR;CONSERVADO;0;"CUNA MÁS: Abogado";https://empleosperuhoy.blogspot.com/2026/10/oportunidad-laboral-cas-419-abogado-cuna-mas-cusco-633495.html;"oferta laboral individual completa"
8032748032925333543;A;CONSERVAR;CONSERVADO;0;"PODER JUDICIAL: N° 02 - CÓDIGO 00421-1: ESPECIALISTA JUDICIAL DE AUDIENCIA";https://empleosperuhoy.blogspot.com/2026/10/oportunidad-laboral-codigo-especialista-judicial-audiencia-poder-f6f7.html;"oferta laboral individual completa"
8045184880623715307;A;CONSERVAR;CONSERVADO;0;"SIS: SIS: (13) Médicos, Supervisores, Analista, Asesor y Auxiliar";https://empleosperuhoy.blogspot.com/2026/10/oferta-de-empleo-sis-medicos-supervisores-analista-asesor-auxili-11d2.html;"oferta laboral individual completa"
8060745480074777197;A;CONSERVAR;CONSERVADO;0;"SINEACE: ESPECIALISTA LEGAL";https://empleosperuhoy.blogspot.com/2026/10/oportunidad-laboral-cas-036-especialista-legal-sineace-lima-633081.html;"oferta laboral individual completa"
8062250085178201022;A;CONSERVAR;CONSERVADO;0;"PAE - PROGRAMA DE ALIMENTACIÓN ESCOLAR: SUPERVISOR DE COMITÉ DE COMPRAS CUSCO";https://empleosperuhoy.blogspot.com/2026/10/pae-programa-de-alimentacion-escolar_97.html;"oferta laboral individual completa"
8070022328544706996;A;CONSERVAR;CONSERVADO;0;"INDECOPI: N° 063-2026: Practicante para la Oficina de Estudios Económicos";https://empleosperuhoy.blogspot.com/2026/10/indecopi-n-063-2026-practicante-para-la_3.html;"oferta laboral individual completa"
807139741766038650;A;CONSERVAR;CONSERVADO;0;"DIRECCION DE EDUCACION(DRE) CALLAO: N° 001-2026: Practicante para la Oficina de Patrimonio";https://empleosperuhoy.blogspot.com/2026/10/oportunidad-laboral-practicas-direccion-educacion-dre-callao-adm-7ed5.html;"oferta laboral individual completa"
8080822213430726578;A;CONSERVAR;CONSERVADO;0;"HOSPITAL DE HUACHO: 276 N° 001-2026: Técnico/a Asistencial";https://empleosperuhoy.blogspot.com/2026/10/hospital-de-huacho-276-n-001-2026_92.html;"oferta laboral individual completa"
8085631525740480250;A;CONSERVAR;CONSERVADO;0;"EJÉRCITO DEL PERÚ: ARTESANO";https://empleosperuhoy.blogspot.com/2026/10/ejercito-del-peru-artesano_5.html;"oferta laboral individual completa"
8092837433908904730;A;CONSERVAR;CONSERVADO;0;"RED DE SALUD CAJABAMBA: 276 N° 003: TECNICO EN FARMACIA";https://empleosperuhoy.blogspot.com/2026/10/oportunidad-laboral-276-003-tecnico-farmacia-red-salud-cajabamba-cajam.html;"oferta laboral individual completa"
8094876574824160630;A;CONSERVAR;CONSERVADO;0;"UGEL 1: UGEL 1: Solicita Oficinista, Auxiliar de Laboratorio y Trabajador de servicio - Convocatorio octubre 2026";https://empleosperuhoy.blogspot.com/2026/10/oferta-de-empleo-ugel-solicita-oficinista-auxiliar-laboratorio-t-85cb.html;"oferta laboral individual completa"
809520897547160356;A;CONSERVAR;CONSERVADO;0;"MINISTERIO PÚBLICO - FISCALÍA: N° 044 - CÓDIGO MED-04: MÉDICO";https://empleosperuhoy.blogspot.com/2026/10/oportunidad-laboral-044-codigo-med-medico-ministerio-publico-fis-7ead.html;"oferta laboral individual completa"
8095283104506417423;A;CONSERVAR;CONSERVADO;0;"PODER JUDICIAL: N° 010 - CÓDIGO 00315: ESPECIALISTA JUDICIAL DE SALA";https://empleosperuhoy.blogspot.com/2026/10/oportunidad-laboral-010-codigo-especialista-judicial-sala-poder-madre-.html;"oferta laboral individual completa"
8096329754265164571;A;CONSERVAR;CONSERVADO;0;"UNIVERSIDAD TECNOLOGICA LIMA SUR(UNTELS): Asistente Administrativo";https://empleosperuhoy.blogspot.com/2026/10/universidad-tecnologica-lima-suruntels_01289504320.html;"oferta laboral individual completa"
8105146752896542399;A;CONSERVAR;CONSERVADO;0;"PODER JUDICIAL: CAS N° 182 - CÓDIGO 01765: ASISTENTE LEGAL";https://empleosperuhoy.blogspot.com/2026/10/oportunidad-laboral-cas-182-codigo-asistente-legal-poder-judicial-lima.html;"oferta laboral individual completa"
8109260875442288346;A;CONSERVAR;CONSERVADO;0;"Buscamos Redactor De Tesis En Derecho Ambiental";https://empleosperuhoy.blogspot.com/2026/10/buscamos-redactor-de-tesis-en-derecho.html;"oferta laboral individual completa"
8110468240686291560;A;CONSERVAR;CONSERVADO;0;"MINISTERIO DEL INTERIOR(MININTER): ANALISTA II DE PLANILLAS";https://empleosperuhoy.blogspot.com/2026/10/oportunidad-laboral-cas-081-analista-planillas-ministerio-del-interior.html;"oferta laboral individual completa"
8117903852662829396;A;CONSERVAR;CONSERVADO;0;"UNIVERSIDAD DE BAGUA: CAS N° 005 - ITEM N° 43: TÉCNICO LABORATORISTA - FACULTAD DE CIENCIAS NATURALES Y APLICADAS";https://empleosperuhoy.blogspot.com/2026/10/oportunidad-laboral-cas-005-item-tecnico-laboratorista-facultad-56a2.html;"oferta laboral individual completa"
8129002133556331229;A;CONSERVAR;CONSERVADO;0;"SENCICO: ANALISTA DE DISEÑO DE CONTENIDOS";https://empleosperuhoy.blogspot.com/2026/10/oportunidad-laboral-cas-0017-analista-diseno-contenidos-sencico-lima-6.html;"oferta laboral individual completa"
8129862282911638526;A;CONSERVAR;CONSERVADO;0;"PODER JUDICIAL: CAS N° 114 - CÓDIGO 03299: COORDINADOR/A DE PROGRAMACION";https://empleosperuhoy.blogspot.com/2026/10/oportunidad-laboral-cas-114-codigo-coordinador-programacion-poder-judi.html;"oferta laboral individual completa"
8131661780687479012;A;CONSERVAR;CONSERVADO;0;"SEDAM HUANCAYO: Operadores de estaciones y plantas";https://empleosperuhoy.blogspot.com/2026/10/sedam-huancayo-operadores-de-estaciones.html;"oferta laboral individual completa"
8134907714051385596;A;CONSERVAR;CONSERVADO;0;"UNIVERSIDAD DE HUANTA: Apoyo administrativo";https://empleosperuhoy.blogspot.com/2026/10/universidad-de-huanta-apoyo_0.html;"oferta laboral individual completa"
8135125272678729873;A;CONSERVAR;CONSERVADO;0;"CAS N° 004-2026: Asistente Social";https://empleosperuhoy.blogspot.com/2026/09/cas-n-004-2026-asistente-social.html;"oferta laboral individual completa"
8137150156145167280;A;CONSERVAR;CONSERVADO;0;"POLICÍA NACIONAL(PNP): TECNÓLOGOS MÉDICOS EN RADIOLOGÍA";https://empleosperuhoy.blogspot.com/2026/10/oportunidad-laboral-cas-032-tecnologos-medicos-radiologia-policia-naci.html;"oferta laboral individual completa"
8140511831777394504;A;CONSERVAR;CONSERVADO;0;"MUNICIPALIDAD DE PICHACANI: Secretaria de Desarrollo Social";https://empleosperuhoy.blogspot.com/2026/10/oportunidad-laboral-cas-003-secretaria-desarrollo-social-municipalidad.html;"oferta laboral individual completa"
8140657118997786436;A;CONSERVAR;CONSERVADO;0;"UGEL-1: ESPECIALISTA DE PATRIMONIO II";https://empleosperuhoy.blogspot.com/2026/10/ugel-1-especialista-de-patrimonio-ii_5.html;"oferta laboral individual completa"
8142706018479909113;A;CONSERVAR;CONSERVADO;0;"UNIVERSIDAD DE CAÑETE(UNDC): CAS N° 003- N° Plaza 100: ANALISTA";https://empleosperuhoy.blogspot.com/2026/10/universidad-de-caneteundc-cas-n-003-n_33.html;"oferta laboral individual completa"
8142742216661171065;A;CONSERVAR;CONSERVADO;0;"MINISTERIO PÚBLICO - FISCALÍA: MINISTERIO PÚBLICO - FISCALÍA: 6 Médicos";https://empleosperuhoy.blogspot.com/2026/10/ministerio-publico-fiscalia-ministerio_4.html;"oferta laboral individual completa"
8146261980495892947;A;CONSERVAR;CONSERVADO;0;"RED DE SALUD VIRÚ: ENFERMERO(A)";https://empleosperuhoy.blogspot.com/2026/10/oportunidad-laboral-cas-004-2026-enfermero-red-salud-viru-libertad-633.html;"oferta laboral individual completa"
8150232106893940345;A;CONSERVAR;CONSERVADO;0;"HOSPITAL DE HUACHO: 276 N° 001-2026: Técnico/a en Laboratorio I";https://empleosperuhoy.blogspot.com/2026/10/hospital-de-huacho-276-n-001-2026_556.html;"oferta laboral individual completa"
8150882671575494690;A;CONSERVAR;CONSERVADO;0;"HOSPITAL GENERAL DE JAÉN: CAS N° 002 - Código AIRHSP 003584: QUÍMICO FARMACÉUTICO ESPECIALISTA EN FARMACIA CLINICA";https://empleosperuhoy.blogspot.com/2026/10/hospital-general-de-jaen-cas-n-002_645.html;"oferta laboral individual completa"
8153369790012088421;A;CONSERVAR;CONSERVADO;0;"HOSPITAL GENERAL DE JAÉN: CAS N° 002 - Código AIRHSP 003570: TECNÓLOGO MÉDICO EN TERAPIA OCUPACIONAL";https://empleosperuhoy.blogspot.com/2026/10/hospital-general-de-jaen-cas-n-002_3819.html;"oferta laboral individual completa"
815676795819413431;A;CONSERVAR;CONSERVADO;0;"CAS N° 004-2026: Técnico Especializado en Laboratorio Clínico";https://empleosperuhoy.blogspot.com/2026/09/cas-n-004-2026-tecnico-especializado-en.html;"oferta laboral individual completa"
8165020835732304042;A;CONSERVAR;CONSERVADO;0;"CUNA MÁS: Auxiliar en Archivo";https://empleosperuhoy.blogspot.com/2026/10/oportunidad-laboral-cas-397-auxiliar-archivo-cuna-mas-huanuco-632574.html;"oferta laboral individual completa"
8166051027514364809;A;CONSERVAR;CONSERVADO;0;"MUNICIPALIDAD DE MAZAMARI: CAS N° 004 - ITEM N° 03: ESPECIALISTA EN LIQUIDACION FINANCIERA I";https://empleosperuhoy.blogspot.com/2026/10/municipalidad-de-mazamari-cas-n-004_76.html;"oferta laboral individual completa"
8166966572489364350;A;CONSERVAR;CONSERVADO;0;"UNIVERSIDAD DE CAÑETE(UNDC): CAS N° 003- N° Plaza 077: ESPECIALISTA DE SEGURIDAD Y SALUD EN EL TRABAJO";https://empleosperuhoy.blogspot.com/2026/10/universidad-de-caneteundc-cas-n-003-n_75.html;"oferta laboral individual completa"
8168293616881925765;A;CONSERVAR;CONSERVADO;0;"PAE - PROGRAMA DE ALIMENTACIÓN ESCOLAR: MONITOR DE GESTION LOCAL";https://empleosperuhoy.blogspot.com/2026/10/pae-programa-de-alimentacion-escolar_88.html;"oferta laboral individual completa"
8169282654694383237;A;CONSERVAR;CONSERVADO;0;"MINISTERIO DE CULTURA: ANALISTA DE GESTIÓN ADMINISTRATIVA";https://empleosperuhoy.blogspot.com/2026/10/oportunidad-laboral-cas-168-analista-gestion-administrativa-ministerio.html;"oferta laboral individual completa"
8171487468890964399;A;CONSERVAR;CONSERVADO;0;"MUNICIPALIDAD JORGE BASADRE: MUNICIPALIDAD JORGE BASADRE: (5) Proyectistas, Asistentes, Conductor";https://empleosperuhoy.blogspot.com/2026/10/municipalidad-jorge-basadre.html;"oferta laboral individual completa"
8173782607912106740;A;CONSERVAR;CONSERVADO;0;"MUNICIPALIDAD DE PICHACANI: Asistente de Recursos Humanos";https://empleosperuhoy.blogspot.com/2026/10/oportunidad-laboral-cas-003-asistente-recursos-humanos-municipalidad-p.html;"oferta laboral individual completa"
8191841858422624630;A;CONSERVAR;CONSERVADO;0;"EJÉRCITO DEL PERÚ: SECRETARIA TÉCNICA";https://empleosperuhoy.blogspot.com/2026/10/ejercito-del-peru-secretaria-tecnica_78.html;"oferta laboral individual completa"
8200019924639804478;A;CONSERVAR;CONSERVADO;0;"INEI: AUXILIAR DE SALUD DE LOCAL DE EVALUACIÓN - TACNA";https://empleosperuhoy.blogspot.com/2026/10/inei-auxiliar-de-salud-de-local-de_4.html;"oferta laboral individual completa"
8201967751418406879;A;CONSERVAR;CONSERVADO;0;"INVERMET: ESPECIALISTA ADMINISTRATIVO (A)";https://empleosperuhoy.blogspot.com/2026/10/invermet-especialista-administrativo-a_4.html;"oferta laboral individual completa"
8203521260745795586;A;CONSERVAR;CONSERVADO;0;"PODER JUDICIAL: CAS N° 010 - CÓDIGO 01525: ESPECIALISTA LEGAL";https://empleosperuhoy.blogspot.com/2026/10/poder-judicial-cas-n-010-codigo-01525_1.html;"oferta laboral individual completa"
8211140784217132424;A;CONSERVAR;CONSERVADO;0;"MINISTERIO DE VIVIENDA: Especialista en Expedientes Técnicos";https://empleosperuhoy.blogspot.com/2026/10/ministerio-de-vivienda-especialista-en_6.html;"oferta laboral individual completa"
8212177659003149485;A;CONSERVAR;CONSERVADO;0;"PROMPERÚ: Especialista de Investigación de Mercados de Información";https://empleosperuhoy.blogspot.com/2026/10/promperu-especialista-de-investigacion_7.html;"oferta laboral individual completa"
821393731086479170;A;CONSERVAR;CONSERVADO;0;"MINISTERIO PÚBLICO - FISCALÍA: MINISTERIO PÚBLICO - FISCALÍA: (10) Auxiliares, Técnicos, Analista y otros cargos";https://empleosperuhoy.blogspot.com/2026/10/oferta-de-empleo-ministerio-publico-fiscalia-auxiliares-tecnicos-400b.html;"oferta laboral individual completa"
821583687949791133;A;CONSERVAR;CONSERVADO;0;"FONCODES: SERVICIO DE LIMPIEZA, FOTOCOPIADO Y CONSERJERÍA";https://empleosperuhoy.blogspot.com/2026/10/foncodes-servicio-de-limpieza_77.html;"oferta laboral individual completa"
8217202240174913300;A;CONSERVAR;CONSERVADO;0;"DIRESA CALLAO: Médico Especialista en Psiquiatría";https://empleosperuhoy.blogspot.com/2026/10/oportunidad-laboral-cas-004-2026-medico-especialista-psiquiatria-dires.html;"oferta laboral individual completa"
8217303539274983790;A;CONSERVAR;CONSERVADO;0;"HOSPITAL DE QUILLABAMBA: 276 N° 004: OBSTETRA";https://empleosperuhoy.blogspot.com/2026/10/hospital-de-quillabamba-276-n-004_0223830354.html;"oferta laboral individual completa"
8218724373551763319;A;CONSERVAR;CONSERVADO;0;"HOSPITAL GENERAL DE JAÉN: CAS N° 002 - Código AIRHSP 003620 y 003621: ENFERMERA/O ESPECIALISTA EN CENTRO QUIRÚRGICO";https://empleosperuhoy.blogspot.com/2026/10/oportunidad-laboral-cas-002-codigo-airhsp-enfermera-especialista-1f2d.html;"oferta laboral individual completa"
8221517789880523424;A;CONSERVAR;CONSERVADO;0;"MUNICIPALIDAD DE MARAS: MUNICIPALIDAD DE MARAS: (4) Asistente Administrativo, Ingeniero SSOMA, Almacenero y otros";https://empleosperuhoy.blogspot.com/2026/10/municipalidad-de-maras-municipalidad-de_6.html;"oferta laboral individual completa"
823049338134904394;A;CONSERVAR;CONSERVADO;0;"RED DE SALUD CONCHUCOS NORTE - POMABAMBA: CAS N° 003 - CODIGO N° 001912: OBSTETRA";https://empleosperuhoy.blogspot.com/2026/10/red-de-salud-conchucos-norte-pomabamba_01773750026.html;"oferta laboral individual completa"
8233024899666309591;A;CONSERVAR;CONSERVADO;0;"RED DE SALUD CAJABAMBA: 276 N° 003: OBSTETRA";https://empleosperuhoy.blogspot.com/2026/10/oportunidad-laboral-276-003-obstetra-red-salud-cajabamba-cajamarca-632.html;"oferta laboral individual completa"
8233537410118386871;A;CONSERVAR;CONSERVADO;0;"RED DE SALUD PATAZ: RED DE SALUD PATAZ: (5) Enfermeras, medico, obstetra y medico";https://empleosperuhoy.blogspot.com/2026/10/oferta-de-empleo-red-salud-pataz-enfermeras-medico-obstetra-conv-ab09.html;"oferta laboral individual completa"
8234610097457401056;A;CONSERVAR;CONSERVADO;0;"MUNICIPALIDAD DE SAN MIGUEL: MUNICIPALIDAD DE SAN MIGUEL: requiere Responsable";https://empleosperuhoy.blogspot.com/2026/10/municipalidad-de-san-miguel_01820223817.html;"oferta laboral individual completa"
8238230450005082984;A;CONSERVAR;CONSERVADO;0;"INSTITUTO DE REHABILITACIÓN(INR): TECNICO/A EN LABORATORIO I";https://empleosperuhoy.blogspot.com/2026/10/instituto-de-rehabilitacioninr-tecnicoa_9.html;"oferta laboral individual completa"
8241772349938227819;A;CONSERVAR;CONSERVADO;0;"MINISTERIO DE CULTURA: ANALISTA III EN IDENTIFICACIÓN Y REGISTRO";https://empleosperuhoy.blogspot.com/2026/10/oportunidad-laboral-cas-181-analista-iii-identificacion-registro-minis.html;"oferta laboral individual completa"
8243673204637624381;A;CONSERVAR;CONSERVADO;0;"DIRECCIÓN AGRARIA DE ANDAHUAYLAS: DIRECCIÓN AGRARIA DE ANDAHUAYLAS: Solicita Asistentes de Proyectos y Coordinador";https://empleosperuhoy.blogspot.com/2026/10/direccion-agraria-de-andahuaylas_0.html;"oferta laboral individual completa"
8247675268726480083;A;CONSERVAR;CONSERVADO;0;"MINISTERIO DE TRABAJO (MTPE): Especialistas, Asesor y Asistente";https://empleosperuhoy.blogspot.com/2026/10/oferta-de-empleo-ministerio-trabajo-mtpe-requiere-especialistas-d709.html;"oferta laboral individual completa"
8248992703136378923;A;CONSERVAR;CONSERVADO;0;"SERNANP: ANALISTA DE ACTIVIDADES ECONÓMICAS";https://empleosperuhoy.blogspot.com/2026/10/sernanp-analista-de-actividades_7.html;"oferta laboral individual completa"
8260732002023540714;A;CONSERVAR;CONSERVADO;0;"MUNICIPALIDAD DE MAZAMARI: CAS N° 004 - ITEM N° 02: SUBGERENTE DE DESARROLLO ECONOMICO PRODUCTIVO";https://empleosperuhoy.blogspot.com/2026/10/oportunidad-laboral-cas-004-item-subgerente-desarrollo-economico-715f.html;"oferta laboral individual completa"
8261842489682694988;A;CONSERVAR;CONSERVADO;0;"GOBIERNO REGIONAL DE AYACUCHO: Nº 012-2026: Practicante para la Oficina de Imagen Institucional";https://empleosperuhoy.blogspot.com/2026/10/oportunidad-laboral-practicas-gobierno-regional-ayacucho-ciencias-comu.html;"oferta laboral individual completa"
8263334937717421725;A;CONSERVAR;CONSERVADO;0;"MINISTERIO DE ENERGÍA Y MINAS (MINEM): ESPECIALISTA II EN GESTIÓN DE PROYECTOS DE TI";https://empleosperuhoy.blogspot.com/2026/10/ministerio-de-energia-y-minas-minem_7.html;"oferta laboral individual completa"
8267762579905471022;A;CONSERVAR;CONSERVADO;0;"UGEL SAN MARTÍN: PERSONAL DE LIMPIEZA Y MANTENIMIENTO";https://empleosperuhoy.blogspot.com/2026/10/ugel-san-martin-personal-de-limpieza-y_9.html;"oferta laboral individual completa"
8273004641346258264;A;CONSERVAR;CONSERVADO;0;"OSINERGMIN: 5 practicantes";https://empleosperuhoy.blogspot.com/2026/10/osinergmin-5-practicantes_9.html;"oferta laboral individual completa"
827475911980645524;A;CONSERVAR;CONSERVADO;0;"UNIVERSIDAD DE CAÑETE(UNDC): CAS N° 003- N° Plaza 054: ANALISTA";https://empleosperuhoy.blogspot.com/2026/10/oportunidad-laboral-cas-003-plaza-054-analista-universidad-canete-undc.html;"oferta laboral individual completa"
8281003277357915901;A;CONSERVAR;CONSERVADO;0;"OSIPTEL: CAP N° 007: ESPECIALISTA EN POLÍTICAS REGULATORIAS";https://empleosperuhoy.blogspot.com/2026/10/osiptel-cap-n-007-especialista-en_9.html;"oferta laboral individual completa"
8292107294869781078;A;CONSERVAR;CONSERVADO;0;"PROGRAMA SANEAMIENTO URBANO: ANALISTA CONTABLE";https://empleosperuhoy.blogspot.com/2026/10/oportunidad-laboral-cas-033-analista-contable-programa-saneamiento-urb.html;"oferta laboral individual completa"
8292557331462272114;A;CONSERVAR;CONSERVADO;0;"UNIVERSIDAD DE CAÑETE(UNDC): CAS N° 003- N° Plaza 049: ASISTENTE ADMINISTRATIVO";https://empleosperuhoy.blogspot.com/2026/10/oportunidad-laboral-cas-003-plaza-049-asistente-administrativo-univers.html;"oferta laboral individual completa"
8301969782737002589;A;CONSERVAR;CONSERVADO;0;"INEI: AUXILIAR DE SALUD DE LOCAL DE EVALUACIÓN - TUMBES";https://empleosperuhoy.blogspot.com/2026/10/oportunidad-laboral-auxiliar-salud-local-evaluacion-tumbes-inei-627799.html;"oferta laboral individual completa"
8322954173645363931;A;CONSERVAR;CONSERVADO;0;"SUTRAN: Analista";https://empleosperuhoy.blogspot.com/2026/10/oferta-de-empleo-sutran-solicita-analista-convocatoria-octubre-2-a2be.html;"oferta laboral individual completa"
8332376572241307485;A;CONSERVAR;CONSERVADO;0;"UNIVERSIDAD DE CAÑETE(UNDC): CAS N° 003- N° Plaza 083: ASISTENTE DE PROGRAMACIÓN Y DESARROLLO DE SISTEMAS";https://empleosperuhoy.blogspot.com/2026/10/oportunidad-laboral-cas-003-plaza-083-asistente-programacion-desarroll.html;"oferta laboral individual completa"
8333117178687713269;A;CONSERVAR;CONSERVADO;0;"PODER JUDICIAL: CAS N° 033 - CÓDIGO 00448: RESGUARDO, CUSTODIA Y VIGILANCIA";https://empleosperuhoy.blogspot.com/2026/10/poder-judicial-cas-n-033-codigo-00448_5.html;"oferta laboral individual completa"
834409059988492199;A;CONSERVAR;CONSERVADO;0;"DIRECCIÓN DE AGRICULTURA HUÁNUCO: DIRECCIÓN DE AGRICULTURA HUÁNUCO: (9) Especialistas, Técnicos y otros cargos";https://empleosperuhoy.blogspot.com/2026/10/oferta-de-empleo-direccion-agricultura-huanuco-especialistas-tec-0fba.html;"oferta laboral individual completa"
8351230256124977637;A;CONSERVAR;CONSERVADO;0;"UGEL CHULUCANAS: Coordinador de innovación y soporte tecnológico y Personal de Limpieza";https://empleosperuhoy.blogspot.com/2026/10/oferta-de-empleo-ugel-chulucanas-requiere-coordinador-innovacion-d0b4.html;"oferta laboral individual completa"
8361741348046230947;A;CONSERVAR;CONSERVADO;0;"INDECOPI: N° 058-2026: Practicante para la Dirección de Invenciones y Nuevas Tecnologías";https://empleosperuhoy.blogspot.com/2026/10/indecopi-n-058-2026-practicante-para-la_7.html;"oferta laboral individual completa"
8371359351533300525;A;CONSERVAR;CONSERVADO;0;"UGEL ACOMAYO: CAS N° 005 - A-001: PERSONAL DE SERVICIO / PERSONAL DE LIMPIEZA Y MANTENIMIENTO";https://empleosperuhoy.blogspot.com/2026/10/oportunidad-laboral-cas-005-001-personal-servicio-limpieza-mante-7f2e.html;"oferta laboral individual completa"
8384579472423290368;A;CONSERVAR;CONSERVADO;0;"MUNICIPALIDAD JORGE BASADRE: MUNICIPALIDAD JORGE BASADRE: requiere Gerente";https://empleosperuhoy.blogspot.com/2026/10/municipalidad-jorge-basadre_01448251662.html;"oferta laboral individual completa"
8386860926610934908;A;CONSERVAR;CONSERVADO;0;"MUNICIPALIDAD DE SURCO: N° 07-2026: Practicante para la Subgeren. de Bienestar Social, Omaped y Demuna";https://empleosperuhoy.blogspot.com/2026/10/oportunidad-laboral-practicas-municipalidad-surco-psicologia-octubre-2.html;"oferta laboral individual completa"
8392334614303597899;A;CONSERVAR;CONSERVADO;0;"SUNARP: Asistente y técnico administrativo";https://empleosperuhoy.blogspot.com/2026/10/sunarp-asistente-y-tecnico_6.html;"oferta laboral individual completa"
8396626583696383526;A;CONSERVAR;CONSERVADO;0;"MINISTERIO DE CULTURA: ASESOR/A";https://empleosperuhoy.blogspot.com/2026/10/ministerio-de-cultura-asesora_3.html;"oferta laboral individual completa"
8407743804261169454;A;CONSERVAR;CONSERVADO;0;"MUNICIPALIDAD DE LARES: PROFESIONAL ELECTRICISTA";https://empleosperuhoy.blogspot.com/2026/10/oportunidad-laboral-cas-008-profesional-electricista-municipalidad-lar.html;"oferta laboral individual completa"
8409534380907428828;A;CONSERVAR;CONSERVADO;0;"HOSPITAL HIPOLITO UNANUE: Ingeniero de Sistemas";https://empleosperuhoy.blogspot.com/2026/10/hospital-hipolito-unanue-ingeniero-de_6.html;"oferta laboral individual completa"
8411292400469830614;A;CONSERVAR;CONSERVADO;0;"CAS N° 004-2026: Técnico en Enfermería";https://empleosperuhoy.blogspot.com/2026/09/cas-n-004-2026-tecnico-en-enfermeria.html;"oferta laboral individual completa"
8412019028473243022;A;CONSERVAR;CONSERVADO;0;"MINISTERIO DE LA MUJER(MIMP): PSICOTERAPEUTA";https://empleosperuhoy.blogspot.com/2026/10/oportunidad-laboral-cas-112-psicoterapeuta-ministerio-mujer-mimp-calla.html;"oferta laboral individual completa"
8414489338325379801;A;CONSERVAR;CONSERVADO;0;"PROGRAMA JOVENES PRODUCTIVOS: AUXILIAR ADMINISTRATIVO(A) EN GESTIÓN DOCUMENTAL";https://empleosperuhoy.blogspot.com/2026/10/programa-jovenes-productivos-auxiliar_0.html;"oferta laboral individual completa"
8415692267292360029;A;CONSERVAR;CONSERVADO;0;"MINISTERIO DE VIVIENDA: Analista en Proyectos de Inversión";https://empleosperuhoy.blogspot.com/2026/10/ministerio-de-vivienda-analista-en_4.html;"oferta laboral individual completa"
8418673717266016926;A;CONSERVAR;CONSERVADO;0;"HOSPITAL DE HUACHO: 276 N° 001-2026: Médico – Cirugía General";https://empleosperuhoy.blogspot.com/2026/10/oportunidad-laboral-276-001-2026-medico-cirugia-general-hospital-huach.html;"oferta laboral individual completa"
8419338886807389817;A;CONSERVAR;CONSERVADO;0;"HOSPITAL HIPOLITO UNANUE TACNA: TRABAJADOR/A DE SERVICIOS GENERALES";https://empleosperuhoy.blogspot.com/2026/10/oportunidad-laboral-cas-008-trabajador-servicios-generales-hospital-hi.html;"oferta laboral individual completa"
8423386853985180070;A;CONSERVAR;CONSERVADO;0;"EJÉRCITO DEL PERÚ: TÉCNICO EN ABASTECIMIENTO";https://empleosperuhoy.blogspot.com/2026/10/oportunidad-laboral-tecnico-abastecimiento-ejercito-del-peru-arequipa-.html;"oferta laboral individual completa"
8431084247035640143;A;CONSERVAR;CONSERVADO;0;"UNIVERSIDAD TECNOLOGICA LIMA SUR(UNTELS): CHOFER";https://empleosperuhoy.blogspot.com/2026/10/universidad-tecnologica-lima-suruntels_01043500952.html;"oferta laboral individual completa"
8437051596078486639;A;CONSERVAR;CONSERVADO;0;"UGEL 4: UGEL 4: Solicita Coordinador de innovación Personal de Vigilancia";https://empleosperuhoy.blogspot.com/2026/10/ugel-4-ugel-4-solicita-coordinador-de.html;"oferta laboral individual completa"
8441508809384257970;A;CONSERVAR;CONSERVADO;0;"PODER JUDICIAL: CAS N° 015 - CÓDIGO 01129-1: ESPECIALISTA JUDICIAL DE AUDIENCIA";https://empleosperuhoy.blogspot.com/2026/10/oportunidad-laboral-cas-015-codigo-especialista-judicial-audienc-10e8.html;"oferta laboral individual completa"
8451584793841898233;A;CONSERVAR;CONSERVADO;0;"RED DE SALUD CAÑETE YAUYOS: 276 N° 001-2026: CONTADOR";https://empleosperuhoy.blogspot.com/2026/10/oportunidad-laboral-276-001-2026-contador-red-salud-canete-yauyos-lima.html;"oferta laboral individual completa"
845294660998511120;A;CONSERVAR;CONSERVADO;0;"Redactor De Tesis Doctorado En Ing Civil - Remoto";https://empleosperuhoy.blogspot.com/2026/10/redactor-de-tesis-doctorado-en-ing.html;"oferta laboral individual completa"
8463701205675102641;A;CONSERVAR;CONSERVADO;0;"Nº 015-2026: Practicante para la Oficina de Atención al Ciudadano y Gestión Documentaria - MINISTERIO DE CULTURA";https://empleosperuhoy.blogspot.com/2026/09/n-015-2026-practicante-para-la-oficina.html;"oferta laboral individual completa"
8466288525133707585;A;CONSERVAR;CONSERVADO;0;"MUNICIPALIDAD DE MAZAMARI: CAS N° 004 - ITEM N° 09: ANALISTA DE ACCIONES DE CONTROL INTERNO";https://empleosperuhoy.blogspot.com/2026/10/oportunidad-laboral-cas-004-item-analista-acciones-control-inter-c9bf.html;"oferta laboral individual completa"
8470999682468006041;A;CONSERVAR;CONSERVADO;0;"HOSPITAL REGIONAL DE MOQUEGUA: CAS N° 003 - ITEM 20: TÉCNICO EN ENFERMERÍA - MEDICINA HIPERBARICA";https://empleosperuhoy.blogspot.com/2026/10/hospital-regional-de-moquegua-cas-n-003_893.html;"oferta laboral individual completa"
8477099764814389192;A;CONSERVAR;CONSERVADO;0;"UNIVERSIDAD DE CAÑETE(UNDC): CAS N° 003- N° Plaza 072: ANALISTA DE SOPORTE PATRIMONIO";https://empleosperuhoy.blogspot.com/2026/10/oportunidad-laboral-cas-003-plaza-072-analista-soporte-patrimonio-univ.html;"oferta laboral individual completa"
8486492548334722134;A;CONSERVAR;CONSERVADO;0;"Redactor De Tesis Comunicacion Social - Remoto Piura";https://empleosperuhoy.blogspot.com/2026/10/redactor-de-tesis-comunicacion-social_01561676944.html;"oferta laboral individual completa"
8486753131241043789;A;CONSERVAR;CONSERVADO;0;"Nº 013-2026: Practicante para la Oficina de Informática y Telecomunicaciones - MINISTERIO DE CULTURA";https://empleosperuhoy.blogspot.com/2026/09/n-013-2026-practicante-para-la-oficina.html;"oferta laboral individual completa"
8488044161051885089;A;CONSERVAR;CONSERVADO;0;"MINISTERIO PÚBLICO - FISCALÍA: CAS N° 135 - CÓDIGO AFF-08: ASISTENTE EN FUNCIÓN FISCAL";https://empleosperuhoy.blogspot.com/2026/10/oportunidad-laboral-cas-135-codigo-aff-asistente-funcion-fiscal-01c5.html;"oferta laboral individual completa"
849025455222538969;A;CONSERVAR;CONSERVADO;0;"PODER JUDICIAL: CAS N° 010 - CÓDIGO 02991: Profesional en Trabajo Social";https://empleosperuhoy.blogspot.com/2026/10/oportunidad-laboral-cas-010-codigo-profesional-trabajo-social-poder-ju.html;"oferta laboral individual completa"
849241196356995159;A;CONSERVAR;CONSERVADO;0;"DIRESA CALLAO: Técnicos en Farmacia";https://empleosperuhoy.blogspot.com/2026/10/diresa-callao-tecnicos-en-farmacia_6.html;"oferta laboral individual completa"
849706014062558348;A;CONSERVAR;CONSERVADO;0;"Auxiliar De Oficina Presencial Tiempo Completo";https://empleosperuhoy.blogspot.com/2026/10/auxiliar-de-oficina-presencial-tiempo.html;"oferta laboral individual completa"
8500499789924476049;A;CONSERVAR;CONSERVADO;0;"INVERMET: ESPECIALISTA EN INGENIERIA AMBIENTAL";https://empleosperuhoy.blogspot.com/2026/10/invermet-especialista-en-ingenieria_8.html;"oferta laboral individual completa"
8503990953946855857;A;CONSERVAR;CONSERVADO;0;"OFIS: 3 Especialistas";https://empleosperuhoy.blogspot.com/2026/10/oferta-de-empleo-ofis-solicita-especialistas-convocatoria-octubr-a750.html;"oferta laboral individual completa"
8505421836862754267;A;CONSERVAR;CONSERVADO;0;"PAE - PROGRAMA DE ALIMENTACIÓN ESCOLAR: ESPECIALISTA EN SELECCIÓN";https://empleosperuhoy.blogspot.com/2026/10/oportunidad-laboral-cas-075-especialista-seleccion-pae-programa-alimen.html;"oferta laboral individual completa"
8507412403749761464;A;CONSERVAR;CONSERVADO;0;"PODER JUDICIAL: N° 02 - CÓDIGO 00309-2: SECRETARIO JUDICIAL";https://empleosperuhoy.blogspot.com/2026/10/poder-judicial-n-02-codigo-00309-2_8.html;"oferta laboral individual completa"
8515541312173147931;A;CONSERVAR;CONSERVADO;0;"HOSPITAL JULIO CESAR DEMARINI CARO: Médico Especialista en Nefrología (004-PCAS04/2026)";https://empleosperuhoy.blogspot.com/2026/10/oportunidad-laboral-cas-004-2026-medico-especialista-nefrologia-pcas04.html;"oferta laboral individual completa"
851797800410578864;A;CONSERVAR;CONSERVADO;0;"INDECOPI: N° 066-2026: Practicante para la sala Especializada en Eliminación de Barreras Burocráticas";https://empleosperuhoy.blogspot.com/2026/10/indecopi-n-066-2026-practicante-para-la_0.html;"oferta laboral individual completa"
8535453589911093063;A;CONSERVAR;CONSERVADO;0;"PODER JUDICIAL: N° 001 - CÓDIGO 00309-15-16: SECRETARIO JUDICIAL";https://empleosperuhoy.blogspot.com/2026/10/oportunidad-laboral-001-codigo-secretario-judicial-poder-arequip-4314.html;"oferta laboral individual completa"
8536152670484533050;A;CONSERVAR;CONSERVADO;0;"PODER JUDICIAL: N° 011 - CÓDIGO 00329: CHOFER I";https://empleosperuhoy.blogspot.com/2026/10/poder-judicial-n-011-codigo-00329_4.html;"oferta laboral individual completa"
8540756868540960617;A;CONSERVAR;CONSERVADO;0;"PODER JUDICIAL: N° 001 - CÓDIGO 00312-1: ANALISTA II";https://empleosperuhoy.blogspot.com/2026/10/poder-judicial-n-001-codigo-00312-1_0.html;"oferta laboral individual completa"
8543169773641846174;A;CONSERVAR;CONSERVADO;0;"Redactor De Tesis Doctorado En Ing Civil- Remoto";https://empleosperuhoy.blogspot.com/2026/10/redactor-de-tesis-doctorado-en-ing_080861515.html;"oferta laboral individual completa"
8543172585414412400;A;CONSERVAR;CONSERVADO;0;"PROGRAMA SANEAMIENTO URBANO: ASISTENTE EN INGENIERÍA";https://empleosperuhoy.blogspot.com/2026/10/programa-saneamiento-urbano-asistente_4.html;"oferta laboral individual completa"
8560278102822985613;A;CONSERVAR;CONSERVADO;0;"CUNA MÁS: Apoyo Administrativo";https://empleosperuhoy.blogspot.com/2026/10/oportunidad-laboral-cas-387-apoyo-administrativo-cuna-mas-ayacucho-632.html;"oferta laboral individual completa"
8561675014261282090;A;CONSERVAR;CONSERVADO;0;"SUNARP: SUNARP: (6) Especialista, analista y cajero";https://empleosperuhoy.blogspot.com/2026/10/sunarp-sunarp-6-especialista-analista-y_9.html;"oferta laboral individual completa"
8565195806290545947;A;CONSERVAR;CONSERVADO;0;"N° 023-2026: Practicante para la Gerencia de Operaciones";https://empleosperuhoy.blogspot.com/2026/09/n-023-2026-practicante-para-la-gerencia.html;"oferta laboral individual completa"
8565928600420309782;A;CONSERVAR;CONSERVADO;0;"Redactor De Tesis Maestría En Psicología -Remoto";https://empleosperuhoy.blogspot.com/2026/10/redactor-de-tesis-maestria-en_0440166095.html;"oferta laboral individual completa"
8566985636190490629;A;CONSERVAR;CONSERVADO;0;"UNIVERSIDAD DE FRONTERA DE SULLANA: INSTRUCTOR CULTURAL DE TEATRO/ORATORIA";https://empleosperuhoy.blogspot.com/2026/10/oportunidad-laboral-cas-002-instructor-cultural-teatro-oratoria-univer.html;"oferta laboral individual completa"
8580510020026605603;A;CONSERVAR;CONSERVADO;0;"CUNA MÁS: Coordinador para el Servicio de Acompañamiento a Familias";https://empleosperuhoy.blogspot.com/2026/10/oportunidad-laboral-cas-433-coordinador-servicio-acompanamiento-famili.html;"oferta laboral individual completa"
8583189476499433394;A;CONSERVAR;CONSERVADO;0;"MINISTERIO PÚBLICO - FISCALÍA: CAS N° 122 - CÓDIGO PER01: PERITO INGENIERO CIVIL";https://empleosperuhoy.blogspot.com/2026/10/ministerio-publico-fiscalia-cas-n-122_3.html;"oferta laboral individual completa"
8584687993919271366;A;CONSERVAR;CONSERVADO;0;"SUNARP: N° 046-2026: Practicante para la Procuraduría Pública";https://empleosperuhoy.blogspot.com/2026/10/oportunidad-laboral-practicas-sunarp-derecho-octubre-2026-631649.html;"oferta laboral individual completa"
859318634439842645;A;CONSERVAR;CONSERVADO;0;"UGEL HUÁNUCO: CAS N° 014 - CÓDIGO AIRHPS 001990: ASISTENTE ADMINISTRATIVO - UNIDAD DE GESTIÓN DE RECURSOS HUMANOS";https://empleosperuhoy.blogspot.com/2026/10/oportunidad-laboral-cas-014-codigo-airhps-asistente-administrati-cae1.html;"oferta laboral individual completa"
8595909481940396482;A;CONSERVAR;CONSERVADO;0;"Practicante En Desarrollo Comercial";https://empleosperuhoy.blogspot.com/2026/10/practicante-en-desarrollo-comercial.html;"oferta laboral individual completa"
8614629554853620195;A;CONSERVAR;CONSERVADO;0;"RED DE SALUD VIRÚ: Químico Farmacéutico";https://empleosperuhoy.blogspot.com/2026/10/red-de-salud-viru-quimico-farmaceutico_0.html;"oferta laboral individual completa"
8615231852887416165;A;CONSERVAR;CONSERVADO;0;"PODER JUDICIAL: N° 02 - CÓDIGO 00309-4: SECRETARIO JUDICIAL";https://empleosperuhoy.blogspot.com/2026/10/poder-judicial-n-02-codigo-00309-4_3.html;"oferta laboral individual completa"
8631065653003152183;A;CONSERVAR;CONSERVADO;0;"HOSPITAL GENERAL DE JAÉN: CAS N° 002 - Código AIRHSP 003587: TÉCNICO DE NUTRICIÓN";https://empleosperuhoy.blogspot.com/2026/10/oportunidad-laboral-cas-002-codigo-airhsp-tecnico-nutricion-hospital-g.html;"oferta laboral individual completa"
8640223651678294706;A;CONSERVAR;CONSERVADO;0;"CAS N° 004-2026: Técnico Asistencial";https://empleosperuhoy.blogspot.com/2026/09/cas-n-004-2026-tecnico-asistencial_0205019487.html;"oferta laboral individual completa"
8640313835487079591;A;CONSERVAR;CONSERVADO;0;"RED DE SALUD VIRÚ: Médico (Hospital Provincial de Virú)";https://empleosperuhoy.blogspot.com/2026/10/oportunidad-laboral-cas-003-2026-medico-hospital-provincial-viru-red-s.html;"oferta laboral individual completa"
8648545001258092154;A;CONSERVAR;CONSERVADO;0;"Redactor De Tesis Ing Sanitaria - Remoto";https://empleosperuhoy.blogspot.com/2026/10/redactor-de-tesis-ing-sanitaria-remoto.html;"oferta laboral individual completa"
8649066286588542726;A;CONSERVAR;CONSERVADO;0;"UGEL 5: Oficinista y trabajador de servicio";https://empleosperuhoy.blogspot.com/2026/10/oferta-de-empleo-ugel-solicita-oficinista-trabajador-servicio-co-6eb5.html;"oferta laboral individual completa"
8668400816222742411;A;CONSERVAR;CONSERVADO;0;"BASIC A1 (INGLÉS BÁSICO – NIVEL A1)";https://empleosperuhoy.blogspot.com/2026/09/basic-a1-ingles-basico-nivel-a1.html;"oferta laboral individual completa"
8668455743050904674;A;CONSERVAR;CONSERVADO;0;"HOSPITAL VILLA EL SALVADOR: Auxiliar Administrativo";https://empleosperuhoy.blogspot.com/2026/10/oportunidad-laboral-cas-006-2026-auxiliar-administrativo-hospital-vill.html;"oferta laboral individual completa"
8671146540484008116;A;CONSERVAR;CONSERVADO;0;"RED DE SALUD CAÑETE YAUYOS: 276 N° 001-2026: TECNICO ADMINISTRATIVO I";https://empleosperuhoy.blogspot.com/2026/10/oportunidad-laboral-276-001-2026-tecnico-administrativo-red-salud-cane.html;"oferta laboral individual completa"
86718170173623;A;CONSERVAR;CONSERVADO;0;"DIRECCION DE EDUCACION(DRE) ANCASH: Integrador Contable";https://empleosperuhoy.blogspot.com/2026/10/direccion-de-educaciondre-ancash_4.html;"oferta laboral individual completa"
8674622093663029736;A;CONSERVAR;CONSERVADO;0;"UNIVERSIDAD DE CAÑETE(UNDC): CAS N° 003- N° Plaza 050: ASISTENTE DE LABORATORIO DE HERRAMIENTAS DIGITALES Y DE INTERNET";https://empleosperuhoy.blogspot.com/2026/10/universidad-de-caneteundc-cas-n-003-n_74.html;"oferta laboral individual completa"
8678211357765518340;A;CONSERVAR;CONSERVADO;0;"PROGRAMA A COMER PESCADO: ESPECIALISTA EN TECNOLOGÍAS DE LA INFORMACIÓN";https://empleosperuhoy.blogspot.com/2026/10/oportunidad-laboral-cas-009-especialista-tecnologias-informacion-progr.html;"oferta laboral individual completa"
8681835442359403338;A;CONSERVAR;CONSERVADO;0;"SIS: SIS: (24) Gestores, Administradores, Analistas, Médicos y otros cargos";https://empleosperuhoy.blogspot.com/2026/10/oferta-de-empleo-sis-gestores-administradores-analistas-medicos-e8c8.html;"oferta laboral individual completa"
8686572499506950954;A;CONSERVAR;CONSERVADO;0;"HOSPITAL DE HUACHO: 276 N° 001-2026: Odontólogo";https://empleosperuhoy.blogspot.com/2026/10/hospital-de-huacho-276-n-001-2026_42.html;"oferta laboral individual completa"
8686659778456105907;A;CONSERVAR;CONSERVADO;0;"UNIVERSIDAD DE HUANTA: Supervisor de Mantenimiento";https://empleosperuhoy.blogspot.com/2026/10/oportunidad-laboral-cas-007-2026-supervisor-mantenimiento-universidad-.html;"oferta laboral individual completa"
8687636069803860236;A;CONSERVAR;CONSERVADO;0;"HOSPITAL GENERAL DE JAÉN: CAS N° 002 - Código AIRHSP 003617: ENFERMERA/O ESPECIALISTA EN NEFROLOGÍA";https://empleosperuhoy.blogspot.com/2026/10/oportunidad-laboral-cas-002-codigo-airhsp-enfermera-especialista-nefro.html;"oferta laboral individual completa"
8688645215159486738;A;CONSERVAR;CONSERVADO;0;"MINISTERIO DE VIVIENDA: Auxiliar en Archivo";https://empleosperuhoy.blogspot.com/2026/10/oportunidad-laboral-cas-082-auxiliar-archivo-ministerio-vivienda-lima-.html;"oferta laboral individual completa"
8694560406888269186;A;CONSERVAR;CONSERVADO;0;"HOSPITAL DE QUILLABAMBA: Médico y Especialista administrativo";https://empleosperuhoy.blogspot.com/2026/10/hospital-de-quillabamba-medico-y.html;"oferta laboral individual completa"
8708894186034416961;A;CONSERVAR;CONSERVADO;0;"PROGRAMA SANEAMIENTO URBANO: ESPECIALISTA LEGAL";https://empleosperuhoy.blogspot.com/2026/09/programa-saneamiento-urbano_0556223707.html;"oferta laboral individual completa"
8720902419462905946;A;CONSERVAR;CONSERVADO;0;"BCRP: para Practicante en la Subgerencia de Información";https://empleosperuhoy.blogspot.com/2026/10/oportunidad-laboral-practicas-bcrp-ciencias-comunicacion-octubre-2026-.html;"oferta laboral individual completa"
8726320091378100660;A;CONSERVAR;CONSERVADO;0;"Operario De Producción C/S Experiencia";https://empleosperuhoy.blogspot.com/2026/10/operario-de-produccion-cs-experiencia.html;"oferta laboral individual completa"
8733189384816600596;A;CONSERVAR;CONSERVADO;0;"UNIVERSIDAD DE FRONTERA DE SULLANA: Asistente Administrativo: Instituto de Investigación";https://empleosperuhoy.blogspot.com/2026/10/universidad-de-frontera-de-sullana_66.html;"oferta laboral individual completa"
8733591214195854432;A;CONSERVAR;CONSERVADO;0;"HOSPITAL SICUANI: CAS N° 003 - ITEM 05: TÉCNICO EN FARMACIA";https://empleosperuhoy.blogspot.com/2026/10/oportunidad-laboral-cas-003-item-tecnico-farmacia-hospital-sicuani-cus.html;"oferta laboral individual completa"
8734690895451520057;A;CONSERVAR;CONSERVADO;0;"MUNICIPALIDAD DE PICHACANI: Jefe de la Oficina de Abastecimiento, Logística y Patrimonio";https://empleosperuhoy.blogspot.com/2026/10/oportunidad-laboral-cas-003-jefe-oficina-abastecimiento-logistica-patr.html;"oferta laboral individual completa"
8748680163997208783;A;CONSERVAR;CONSERVADO;0;"UNIVERSIDAD DE CAÑETE(UNDC): CAS N° 003- N° Plaza 063: ANALISTA INFORMÁTICO";https://empleosperuhoy.blogspot.com/2026/10/oportunidad-laboral-cas-003-plaza-063-analista-informatico-universidad.html;"oferta laboral individual completa"
8761116792766878564;A;CONSERVAR;CONSERVADO;0;"MUNICIPALIDAD DE ILABAYA: Subgerente de Planeamiento Urbano Rural";https://empleosperuhoy.blogspot.com/2026/10/municipalidad-de-ilabaya-subgerente-de.html;"oferta laboral individual completa"
8761798004911687102;A;CONSERVAR;CONSERVADO;0;"MUNICIPALIDAD DE MARAS: GERENTE DE DESARROLLO ECONÓMICO Y RIEGO";https://empleosperuhoy.blogspot.com/2026/10/municipalidad-de-maras-gerente-de_9.html;"oferta laboral individual completa"
8764048403405613426;A;CONSERVAR;CONSERVADO;0;"ZOFRATACNA: 2 practicantes";https://empleosperuhoy.blogspot.com/2026/10/oferta-de-empleo-zofratacna-requiere-practicantes-convocatoria-o-1f76.html;"oferta laboral individual completa"
8772073216554946674;A;CONSERVAR;CONSERVADO;0;"Practicante De Talento Humano - Remoto";https://empleosperuhoy.blogspot.com/2026/10/practicante-de-talento-humano-remoto.html;"oferta laboral individual completa"
8772587595092025904;A;CONSERVAR;CONSERVADO;0;"MINISTERIO DE VIVIENDA: Especialista en Desarrollo de Sistemas Informáticos";https://empleosperuhoy.blogspot.com/2026/09/ministerio-de-vivienda-especialista-en.html;"oferta laboral individual completa"
8775981697451156619;A;CONSERVAR;CONSERVADO;0;"PODER JUDICIAL: PODER JUDICIAL: (15) Secretarias, asistentes, y auxiliar";https://empleosperuhoy.blogspot.com/2026/10/poder-judicial-poder-judicial-15_1.html;"oferta laboral individual completa"
878439700781566363;A;CONSERVAR;CONSERVADO;0;"RED DE SALUD CAÑETE YAUYOS: 276 N° 001-2026: MEDICO";https://empleosperuhoy.blogspot.com/2026/10/oportunidad-laboral-276-001-2026-medico-red-salud-canete-yauyos-lima-6.html;"oferta laboral individual completa"
8784714379227721102;A;CONSERVAR;CONSERVADO;0;"CAS N° 004-2026: Técnico en Farmacia";https://empleosperuhoy.blogspot.com/2026/09/cas-n-004-2026-tecnico-en-farmacia_0248840818.html;"oferta laboral individual completa"
8788157829830611375;A;CONSERVAR;CONSERVADO;0;"SIS: PROFESIONALES MÉDICOS DE EVALUACIÓN DE LAS PRESTACIONES";https://empleosperuhoy.blogspot.com/2026/10/oportunidad-laboral-cas-126-profesionales-medicos-evaluacion-las-prest.html;"oferta laboral individual completa"
8788886578019190056;A;CONSERVAR;CONSERVADO;0;"HOSPITAL JULIO CESAR DEMARINI CARO: Médico (016-PCAS04/2026)";https://empleosperuhoy.blogspot.com/2026/10/oportunidad-laboral-cas-004-2026-medico-016-pcas04-hospital-julio-cesa.html;"oferta laboral individual completa"
8791725674899812834;A;CONSERVAR;CONSERVADO;0;"SUNARP: N° 006-2026: Practicante para la Unidad de Planeamiento, Presupuesto y Modernización";https://empleosperuhoy.blogspot.com/2026/10/sunarp-n-006-2026-practicante-para-la_4.html;"oferta laboral individual completa"
8792122456097563924;A;CONSERVAR;CONSERVADO;0;"Buscamos Redactores Academicos - Derecho Ambiental";https://empleosperuhoy.blogspot.com/2026/10/buscamos-redactores-academicos-derecho.html;"oferta laboral individual completa"
8793275141052053673;A;CONSERVAR;CONSERVADO;0;"PODER JUDICIAL: CAS N° 062 - CÓDIGO 00156: Especialista en Contrataciones del Estado";https://empleosperuhoy.blogspot.com/2026/10/poder-judicial-cas-n-062-codigo-00156_3.html;"oferta laboral individual completa"
8796764254760396747;A;CONSERVAR;CONSERVADO;0;"OSINERGMIN: N° 028-2026: Practicante para la Secretaría Técnica de los Órganos Resolutivos";https://empleosperuhoy.blogspot.com/2026/10/osinergmin-n-028-2026-practicante-para_6.html;"oferta laboral individual completa"
8798921040230076932;A;CONSERVAR;CONSERVADO;0;"MINISTERIO DE ENERGÍA Y MINAS (MINEM): ESPECIALISTA LEGAL I - PLANEAMIENTO Y DESARROLLO ELÉCTRICO";https://empleosperuhoy.blogspot.com/2026/10/oportunidad-laboral-cas-074-especialista-legal-planeamiento-desarrollo.html;"oferta laboral individual completa"
8802247630664536849;A;CONSERVAR;CONSERVADO;0;"UNIVERSIDAD DE HUANTA: Técnico deportivo";https://empleosperuhoy.blogspot.com/2026/10/universidad-de-huanta-tecnico-deportivo_5.html;"oferta laboral individual completa"
8804609589866187845;A;CONSERVAR;CONSERVADO;0;"CORPAC: N° 063: OFICIAL DE SEGURIDAD AEROPORTUARIA";https://empleosperuhoy.blogspot.com/2026/10/oportunidad-laboral-063-oficial-seguridad-aeroportuaria-corpac-cusco-6.html;"oferta laboral individual completa"
8820797393341466913;A;CONSERVAR;CONSERVADO;0;"EXCEL BÁSICO";https://empleosperuhoy.blogspot.com/2026/09/excel-basico.html;"oferta laboral individual completa"
8823155019355908152;A;CONSERVAR;CONSERVADO;0;"HOSPITAL GENERAL DE JAÉN: CAS N° 002 - Código AIRHSP 003567 - 003568: OBSTETRA ESPECIALISTA EN OBSTETRICIA DE ALTO RIESGO";https://empleosperuhoy.blogspot.com/2026/10/oportunidad-laboral-cas-002-codigo-airhsp-obstetra-especialista-obstet.html;"oferta laboral individual completa"
8832552410485563107;A;CONSERVAR;CONSERVADO;0;"EJÉRCITO DEL PERÚ: NUTRICIONISTA";https://empleosperuhoy.blogspot.com/2026/10/oportunidad-laboral-nutricionista-ejercito-del-peru-lima-627394.html;"oferta laboral individual completa"
8839034603898484484;A;CONSERVAR;CONSERVADO;0;"PODER JUDICIAL: PODER JUDICIAL: (72) Especialistas, asistentes, secretarias y otros";https://empleosperuhoy.blogspot.com/2026/10/poder-judicial-poder-judicial-72_7.html;"oferta laboral individual completa"
8845616576831238954;A;CONSERVAR;CONSERVADO;0;"UNIVERSIDAD DE CAÑETE(UNDC): CAS N° 003- N° Plaza 038: ASISTENTE INFORMÁTICO DE LABORATORIOS DE CÓMPUTO";https://empleosperuhoy.blogspot.com/2026/10/oportunidad-laboral-cas-003-plaza-038-asistente-informatico-laboratori.html;"oferta laboral individual completa"
8850008046249892649;A;CONSERVAR;CONSERVADO;0;"INEI: OPERADOR DE MANTENIMIENTO DE LOCAL DE EVALUACIÓN - TUMBES";https://empleosperuhoy.blogspot.com/2026/10/oportunidad-laboral-operador-mantenimiento-local-evaluacion-tumbes-ine.html;"oferta laboral individual completa"
8850821728012544465;A;CONSERVAR;CONSERVADO;0;"PODER JUDICIAL: CAS N° 024 - CÓDIGO 00723: ASISTENTE JURISDICCIONAL";https://empleosperuhoy.blogspot.com/2026/10/poder-judicial-cas-n-024-codigo-00723_1.html;"oferta laboral individual completa"
8853641559690400444;A;CONSERVAR;CONSERVADO;0;"Practicante Preprofesional | Da El Primer Paso Profesional";https://empleosperuhoy.blogspot.com/2026/10/practicante-preprofesional-da-el-primer.html;"oferta laboral individual completa"
8859173305997789866;A;CONSERVAR;CONSERVADO;0;"DIRECCION DE EDUCACION(DRE) HUANCAVELICA: 276 N° 004: ABOGADO III";https://empleosperuhoy.blogspot.com/2026/10/direccion-de-educaciondre-huancavelica_02025622737.html;"oferta laboral individual completa"
8864115113584077248;A;CONSERVAR;CONSERVADO;0;"MINISTERIO DE VIVIENDA: Analista Programador de Aplicaciones Móviles";https://empleosperuhoy.blogspot.com/2026/10/oportunidad-laboral-cas-088-analista-programador-aplicaciones-moviles-.html;"oferta laboral individual completa"
8870477992323270376;A;CONSERVAR;CONSERVADO;0;"CUNA MÁS: Gestor de la Información";https://empleosperuhoy.blogspot.com/2026/10/cuna-mas-gestor-de-la-informacion_9.html;"oferta laboral individual completa"
8872118657903319452;A;CONSERVAR;CONSERVADO;0;"MUNICIPALIDAD SURQUILLO: Coordinador del CODISEC";https://empleosperuhoy.blogspot.com/2026/10/oportunidad-laboral-cas-128-coordinador-del-codisec-municipalidad-surq.html;"oferta laboral individual completa"
8875590097440811145;A;CONSERVAR;CONSERVADO;0;"RED DE SALUD CARABAYA: RED DE SALUD CARABAYA: (14) Digitadores, tec. enfermería, químicos y otros";https://empleosperuhoy.blogspot.com/2026/10/oferta-de-empleo-red-salud-carabaya-digitadores-tec-enfermeria-q-bbfd.html;"oferta laboral individual completa"
8875621275850707436;A;CONSERVAR;CONSERVADO;0;"RED DE SALUD CONCHUCOS NORTE - POMABAMBA: CAS N° 003 - CODIGO N° 001612: MEDICO ESPECIALISTA EN RADIOLOGIA";https://empleosperuhoy.blogspot.com/2026/10/red-de-salud-conchucos-norte-pomabamba_0538831022.html;"oferta laboral individual completa"
8878916748165874686;A;CONSERVAR;CONSERVADO;0;"INEI: OPERADOR DE MANTENIMIENTO DE LOCAL DE EVALUACIÓN - ÁNCASH";https://empleosperuhoy.blogspot.com/2026/10/oportunidad-laboral-operador-mantenimiento-local-evaluacion-ancash-ine.html;"oferta laboral individual completa"
8881365076925543838;A;CONSERVAR;CONSERVADO;0;"UNIVERSIDAD DE HUANTA: Analista Programador I";https://empleosperuhoy.blogspot.com/2026/10/universidad-de-huanta-analista_7.html;"oferta laboral individual completa"
8887469164055441384;A;CONSERVAR;CONSERVADO;0;"FONAFE: para Practicante de Riesgo Operacional";https://empleosperuhoy.blogspot.com/2026/10/oportunidad-laboral-practicas-fonafe-ingenieria-industrial-administrac.html;"oferta laboral individual completa"
8906278748967960793;A;CONSERVAR;CONSERVADO;0;"INDECOPI: N° 065-2026: Practicante para el Órgano Resolutivo de Procedimientos Sumarísimos N° 2";https://empleosperuhoy.blogspot.com/2026/10/oportunidad-laboral-practicas-indecopi-derecho-octubre-2026-631152.html;"oferta laboral individual completa"
8906529173026095431;A;CONSERVAR;CONSERVADO;0;"PAE - PROGRAMA DE ALIMENTACIÓN ESCOLAR: SUPERVISOR DE PLANTAS Y ALMACENES";https://empleosperuhoy.blogspot.com/2026/10/oportunidad-laboral-cas-094-supervisor-plantas-almacenes-pae-programa-.html;"oferta laboral individual completa"
8916947299585086949;A;CONSERVAR;CONSERVADO;0;"HOSPITAL GENERAL DE JAÉN: CAS N° 002 - Código AIRHSP 003566: ODONTÓLOGO ESPECIALISTA EN ODONTOPEDIATRÍA";https://empleosperuhoy.blogspot.com/2026/10/oportunidad-laboral-cas-002-codigo-airhsp-odontologo-especialista-odon.html;"oferta laboral individual completa"
892038681899192549;A;CONSERVAR;CONSERVADO;0;"HOSPITAL HIPOLITO UNANUE DE TACNA: Obstetra y Trabajador de servicio";https://empleosperuhoy.blogspot.com/2026/10/hospital-hipolito-unanue-de-tacna_2.html;"oferta laboral individual completa"
8926997534040539226;A;CONSERVAR;CONSERVADO;0;"PODER JUDICIAL: N° 02 - CÓDIGO 00309-1: SECRETARIO JUDICIAL";https://empleosperuhoy.blogspot.com/2026/10/poder-judicial-n-02-codigo-00309-1_6.html;"oferta laboral individual completa"
8935266676853246193;A;CONSERVAR;CONSERVADO;0;"Buscamos Asesor Académico - Ingeniero Mecánico Especializado En Aire Acondicionado";https://empleosperuhoy.blogspot.com/2026/10/buscamos-asesor-academico-ingeniero.html;"oferta laboral individual completa"
8935566067371686642;A;CONSERVAR;CONSERVADO;0;"MUNICIPALIDAD DE LARES: Técnico administrativo y Profesional electricista";https://empleosperuhoy.blogspot.com/2026/10/oferta-de-empleo-municipalidad-lares-requiere-tecnico-administra-8886.html;"oferta laboral individual completa"
8939546501810227734;A;CONSERVAR;CONSERVADO;0;"UGEL MARISCAL NIETO: UGEL MARISCAL NIETO: (19) Personal de mantenimiento y vigilancia, especialistas y técnicos";https://empleosperuhoy.blogspot.com/2026/10/oferta-de-empleo-ugel-mariscal-nieto-personal-mantenimiento-vigi-1acf.html;"oferta laboral individual completa"
8943354874553631171;A;CONSERVAR;CONSERVADO;0;"Practicante De Ciberseguridad - Remoto - Turno Mañana";https://empleosperuhoy.blogspot.com/2026/10/practicante-de-ciberseguridad-remoto.html;"oferta laboral individual completa"
8945181446882989053;A;CONSERVAR;CONSERVADO;0;"PODER JUDICIAL: CAS N° 011 - CÓDIGO 02725: ASISTENTE EN SERVICIOS DE COMUNICACIONES";https://empleosperuhoy.blogspot.com/2026/10/oportunidad-laboral-cas-011-codigo-asistente-servicios-comunicaciones-.html;"oferta laboral individual completa"
8948203683660192681;A;CONSERVAR;CONSERVADO;0;"UNIVERSIDAD NACIONAL DE CHUPACA: Jefes, analistas y especialista";https://empleosperuhoy.blogspot.com/2026/10/universidad-nacional-de-chupaca-jefes.html;"oferta laboral individual completa"
8948564061702197833;A;CONSERVAR;CONSERVADO;0;"MINISTERIO DE COMERCIO(MINCETUR): Fiscalizadores";https://empleosperuhoy.blogspot.com/2026/10/oportunidad-laboral-cas-023-fiscalizadores-ministerio-comercio-mincetu.html;"oferta laboral individual completa"
8953302190059741232;A;CONSERVAR;CONSERVADO;0;"DIRESA CAJAMARCA: TRABAJADOR/A SOCIAL";https://empleosperuhoy.blogspot.com/2026/10/diresa-cajamarca-trabajadora-social_9.html;"oferta laboral individual completa"
8956780714164400029;A;CONSERVAR;CONSERVADO;0;"Redactor De Tesis- Educación Fisica-Remoto";https://empleosperuhoy.blogspot.com/2026/10/redactor-de-tesis-educacion-fisica.html;"oferta laboral individual completa"
8957133443690679161;A;CONSERVAR;CONSERVADO;0;"EJÉRCITO DEL PERÚ: TÉCNICO EN RELACIONES PÚBLICAS";https://empleosperuhoy.blogspot.com/2026/10/ejercito-del-peru-tecnico-en-relaciones_5.html;"oferta laboral individual completa"
8965595660843818261;A;CONSERVAR;CONSERVADO;0;"SIS: Especialista en Planeamiento, Programación y Seguimiento Institucional";https://empleosperuhoy.blogspot.com/2026/10/sis-especialista-en-planeamiento_0.html;"oferta laboral individual completa"
8973441677921195412;A;CONSERVAR;CONSERVADO;0;"HOSPITAL JULIO CESAR DEMARINI CARO: Auxiliar Asistencial (018-PCAS04/2026)";https://empleosperuhoy.blogspot.com/2026/10/hospital-julio-cesar-demarini-caro_89.html;"oferta laboral individual completa"
8976945046737005859;A;CONSERVAR;CONSERVADO;0;"EJÉRCITO DEL PERÚ: TRANSCRIPTOR PAD";https://empleosperuhoy.blogspot.com/2026/10/ejercito-del-peru-transcriptor-pad_6.html;"oferta laboral individual completa"
8977821263013820003;A;CONSERVAR;CONSERVADO;0;"HOSPITAL SAN JUAN BAUTISTA HUARAL: N° 002: OBSTETRIZ";https://empleosperuhoy.blogspot.com/2026/10/hospital-san-juan-bautista-huaral-n-002_5.html;"oferta laboral individual completa"
8979580145707656079;A;CONSERVAR;CONSERVADO;0;"INEI: AUXILIAR DE SALUD DE LOCAL DE EVALUACIÓN - AYACUCHO";https://empleosperuhoy.blogspot.com/2026/10/oportunidad-laboral-auxiliar-salud-local-evaluacion-ayacucho-inei-6277.html;"oferta laboral individual completa"
9007147659360772497;A;CONSERVAR;CONSERVADO;0;"RED DE SALUD JAUJA: 276 N° 002: TÉCNICO/A EN RADIOLOGÍA";https://empleosperuhoy.blogspot.com/2026/10/oportunidad-laboral-276-002-tecnico-radiologia-red-salud-jauja-junin-6.html;"oferta laboral individual completa"
9024536965825375655;A;CONSERVAR;CONSERVADO;0;"HOSPITAL GENERAL DE JAÉN: CAS N° 002 - Código AIRHSP 003592 Y 003593: INGENIERO DE SISTEMAS";https://empleosperuhoy.blogspot.com/2026/10/oportunidad-laboral-cas-002-codigo-airhsp-ingeniero-sistemas-hospital-.html;"oferta laboral individual completa"
9036830352450426731;A;CONSERVAR;CONSERVADO;0;"OSINFOR: ESPECIALISTA EN COBRANZA COACTIVA";https://empleosperuhoy.blogspot.com/2026/10/oportunidad-laboral-cas-071-especialista-cobranza-coactiva-osinfor-lim.html;"oferta laboral individual completa"
9037627019037191223;A;CONSERVAR;CONSERVADO;0;"EJÉRCITO DEL PERÚ: AUXILIAR DE CONTABILIDAD";https://empleosperuhoy.blogspot.com/2026/10/oportunidad-laboral-auxiliar-contabilidad-ejercito-del-peru-piura-6273.html;"oferta laboral individual completa"
9043149523040813447;A;CONSERVAR;CONSERVADO;0;"Redactor De Tesis En Ing Sanitaria - Remoto Arequipa";https://empleosperuhoy.blogspot.com/2026/10/redactor-de-tesis-en-ing-sanitaria_0306670810.html;"oferta laboral individual completa"
9050802761822913793;A;CONSERVAR;CONSERVADO;0;"UNIVERSIDAD DE BAGUA: CAS N° 005 - ITEM N° 05: SECRETARIA/O - DIRECCIÓN DE INCUBADORA DE EMPRESAS";https://empleosperuhoy.blogspot.com/2026/10/oportunidad-laboral-cas-005-item-secretaria-direccion-incubadora-empre.html;"oferta laboral individual completa"
9054328702948276585;A;CONSERVAR;CONSERVADO;0;"DIRESA CALLAO: Tecnólogo Médico en Radiología";https://empleosperuhoy.blogspot.com/2026/10/oportunidad-laboral-cas-018-2026-tecnologo-medico-radiologia-diresa-ca.html;"oferta laboral individual completa"
9060639573057121091;A;CONSERVAR;CONSERVADO;0;"SUNEDU: ESPECIALISTA EN LOS PROCESOS DE VERIFICACIÓN DEL SERVICIO EDUCATIVO UNIVERSITARIO";https://empleosperuhoy.blogspot.com/2026/10/oportunidad-laboral-cas-063-especialista-los-procesos-verificacion-del.html;"oferta laboral individual completa"
9064979825236527992;A;CONSERVAR;CONSERVADO;0;"UNIVERSIDAD DE CAÑETE(UNDC): CAS N° 003- N° Plaza 057: ASISTENTE ADMINISTRATIVO";https://empleosperuhoy.blogspot.com/2026/10/oportunidad-laboral-cas-003-plaza-057-asistente-administrativo-univers.html;"oferta laboral individual completa"
9068978292406759750;A;CONSERVAR;CONSERVADO;0;"RED DE SALUD OTUZCO: RED DE SALUD OTUZCO: (27) Médicos, Enfermeras, Obstetras y otros cargos";https://empleosperuhoy.blogspot.com/2026/10/red-de-salud-otuzco-red-de-salud-otuzco_7.html;"oferta laboral individual completa"
90867130142511099;A;CONSERVAR;CONSERVADO;0;"UNIVERSIDAD DE BAGUA: CAS N° 005 - ITEM N° 14: PROFESIONAL II - SECRETARIA GENERAL-GRADOS Y TÍTULOS";https://empleosperuhoy.blogspot.com/2026/10/oportunidad-laboral-cas-005-item-profesional-secretaria-general-grados.html;"oferta laboral individual completa"
9094803313470261021;A;CONSERVAR;CONSERVADO;0;"CAS N° 004-2026: Técnico Asistencial (Departamento de Odontoestomatología)";https://empleosperuhoy.blogspot.com/2026/09/cas-n-004-2026-tecnico-asistencial_046234493.html;"oferta laboral individual completa"
9099263761733790981;A;CONSERVAR;CONSERVADO;0;"PODER JUDICIAL: N° 001 - CÓDIGO 00318: SECRETARIO DE SALA";https://empleosperuhoy.blogspot.com/2026/10/poder-judicial-n-001-codigo-00318_0.html;"oferta laboral individual completa"
9101737791512877608;A;CONSERVAR;CONSERVADO;0;"MINISTERIO DE EDUCACIÓN(MINEDU): COORDINADOR(A) DE POLÍTICAS PÚBLICAS";https://empleosperuhoy.blogspot.com/2026/10/oportunidad-laboral-cas-0083-coordinador-politicas-publicas-ministerio.html;"oferta laboral individual completa"
9101980262201057998;A;CONSERVAR;CONSERVADO;0;"RED DE SALUD CAÑETE YAUYOS: 276 N° 001-2026: Tecnico(a) en Asistencial";https://empleosperuhoy.blogspot.com/2026/10/oportunidad-laboral-276-001-2026-tecnico-asistencial-red-salud-canete-.html;"oferta laboral individual completa"
9111261070877199356;A;CONSERVAR;CONSERVADO;0;"UNIVERSIDAD DE HUANTA: Analista de Gestión de la Calidad";https://empleosperuhoy.blogspot.com/2026/10/oportunidad-laboral-cas-007-2026-analista-gestion-calidad-universidad-.html;"oferta laboral individual completa"
9118511859700522918;A;CONSERVAR;CONSERVADO;0;"DIRECCIÓN DE EDUCACIÓN(DRE)LIMA: SECRETARIA I";https://empleosperuhoy.blogspot.com/2026/10/direccion-de-educaciondrelima_0.html;"oferta laboral individual completa"
9120366382105749080;A;CONSERVAR;CONSERVADO;0;"SUNAFIL: COORDINADOR LEGAL";https://empleosperuhoy.blogspot.com/2026/10/oportunidad-laboral-cas-215-coordinador-legal-sunafil-lima-631690.html;"oferta laboral individual completa"
9131829743551594108;A;CONSERVAR;CONSERVADO;0;"CAS N° 004: EJECUTIVO DE SERVICIOS GENERALES";https://empleosperuhoy.blogspot.com/2026/09/cas-n-004-ejecutivo-de-servicios.html;"oferta laboral individual completa"
913352124562304399;A;CONSERVAR;CONSERVADO;0;"HOSPITAL DE HUACHO: 276 N° 001-2026: Especialista Administrativo I";https://empleosperuhoy.blogspot.com/2026/10/hospital-de-huacho-276-n-001-2026_66.html;"oferta laboral individual completa"
9137949769298141793;A;CONSERVAR;CONSERVADO;0;"GOBIERNO REGIONAL DE AYACUCHO: Nº 011-2026: Practicante para la Sub Gerencia de Estudios Definitivos";https://empleosperuhoy.blogspot.com/2026/10/gobierno-regional-de-ayacucho-n-011_4.html;"oferta laboral individual completa"
9138208926618958385;A;CONSERVAR;CONSERVADO;0;"Redactor De Tesis Phd Derecho - Remoto Todo El País";https://empleosperuhoy.blogspot.com/2026/10/redactor-de-tesis-phd-derecho-remoto_0325880053.html;"oferta laboral individual completa"
9158588902877350400;A;CONSERVAR;CONSERVADO;0;"UGEL 03 - TRUJILLO NOR OESTE: UGEL 03 - TRUJILLO NOR OESTE: solicita Secretaria";https://empleosperuhoy.blogspot.com/2026/10/ugel-03-trujillo-nor-oeste-ugel-03_6.html;"oferta laboral individual completa"
9166308769107678895;A;CONSERVAR;CONSERVADO;0;"Redactor De Tesis- Administración De Empresas- Remoto";https://empleosperuhoy.blogspot.com/2026/10/redactor-de-tesis-administracion-de.html;"oferta laboral individual completa"
9167658270246512032;A;CONSERVAR;CONSERVADO;0;"MUNICIPALIDAD DE HUÁNUCO: 728 N° 005: SERENO CHOFER";https://empleosperuhoy.blogspot.com/2026/10/municipalidad-de-huanuco-728-n-005.html;"oferta laboral individual completa"
9172448288566045742;A;CONSERVAR;CONSERVADO;0;"G-REGIONAL DE EDUCACIÓN LAMBAYEQUE: Abogados, planificador y técnico";https://empleosperuhoy.blogspot.com/2026/10/g-regional-de-educacion-lambayeque.html;"oferta laboral individual completa"
9172939896413531546;A;CONSERVAR;CONSERVADO;0;"DEFENSORÍA DEL PUEBLO: Especialista en Contrataciones Públicas";https://empleosperuhoy.blogspot.com/2026/10/defensoria-del-pueblo-especialista-en_4.html;"oferta laboral individual completa"
9175376782290732785;A;CONSERVAR;CONSERVADO;0;"HOSPITAL REGIONAL DE MOQUEGUA: CAS N° 003 - ITEM 04: MÉDICO DERMATÓLOGO - DEPARTAMENTO DE MEDICINA";https://empleosperuhoy.blogspot.com/2026/10/oportunidad-laboral-cas-003-item-medico-dermatologo-departamento-medic.html;"oferta laboral individual completa"
9175825281960258720;A;CONSERVAR;CONSERVADO;0;"EJÉRCITO DEL PERÚ: TÉCNICO EN RED";https://empleosperuhoy.blogspot.com/2026/10/oportunidad-laboral-tecnico-red-ejercito-del-peru-lima-627384.html;"oferta laboral individual completa"
9176259023121312960;A;CONSERVAR;CONSERVADO;0;"INDECOPI: N° 070-2026: Practicante para la sala Especializada en Propiedad Intelectual";https://empleosperuhoy.blogspot.com/2026/10/oportunidad-laboral-practicas-indecopi-derecho-octubre-2026-631165.html;"oferta laboral individual completa"
9180069787125447350;A;CONSERVAR;CONSERVADO;0;"Líder De Gestión Comercial - Remoto";https://empleosperuhoy.blogspot.com/2026/10/lider-de-gestion-comercial-remoto.html;"oferta laboral individual completa"
9186042667996021880;A;CONSERVAR;CONSERVADO;0;"RED DE SALUD VIRÚ: TECNÓLOGO MÉDICO EN RADIOLOGÍA";https://empleosperuhoy.blogspot.com/2026/10/oportunidad-laboral-cas-004-2026-tecnologo-medico-radiologia-red-salud.html;"oferta laboral individual completa"
9187805806459473248;A;CONSERVAR;CONSERVADO;0;"INDECOPI: N° 057-2026: Practicante para la Dirección de Atención al Ciudadano - ORI Arequipa";https://empleosperuhoy.blogspot.com/2026/10/indecopi-n-057-2026-practicante-para-la_2.html;"oferta laboral individual completa"
9190060615973116351;A;CONSERVAR;CONSERVADO;0;"HOSPITAL GENERAL DE JAÉN: CAS N° 002 - Código AIRHSP 003633: MÉDICO ESPECIALISTA EN ANESTESIOLOGIA";https://empleosperuhoy.blogspot.com/2026/10/oportunidad-laboral-cas-002-codigo-airhsp-medico-especialista-anestesi.html;"oferta laboral individual completa"
920798131738419268;A;CONSERVAR;CONSERVADO;0;"MUNICIPALIDAD DE MARAS: GERENTE DE DESARROLLO SOCIAL Y SERVICIOS MUNICIPALES";https://empleosperuhoy.blogspot.com/2026/10/oportunidad-laboral-cas-005-gerente-desarrollo-social-servicios-munici.html;"oferta laboral individual completa"
9209081200711225485;A;CONSERVAR;CONSERVADO;0;"HOSPITAL REGIONAL DE MOQUEGUA: CAS N° 003 - ITEM 06: MÉDICO ESPECIALISTA - ONCOLOGÍA - DEPARTAMENTO DE MEDICINA";https://empleosperuhoy.blogspot.com/2026/10/oportunidad-laboral-cas-003-item-medico-especialista-oncologia-departa.html;"oferta laboral individual completa"
9214168279415623696;A;CONSERVAR;CONSERVADO;0;"INEI: AUXILIAR DE SALUD DE LOCAL DE EVALUACIÓN - UCAYALI";https://empleosperuhoy.blogspot.com/2026/10/inei-auxiliar-de-salud-de-local-de_3.html;"oferta laboral individual completa"
921500802636855763;A;CONSERVAR;CONSERVADO;0;"AGILE MINDSET";https://empleosperuhoy.blogspot.com/2026/09/agile-mindset.html;"oferta laboral individual completa"
925786595962563279;A;CONSERVAR;CONSERVADO;0;"MINISTERIO DE ENERGÍA Y MINAS (MINEM): ESPECIALISTA II EN ARTICULACIÓN Y SOSTENIBILIDAD MINERA";https://empleosperuhoy.blogspot.com/2026/10/ministerio-de-energia-y-minas-minem_72.html;"oferta laboral individual completa"
939892341769961041;A;CONSERVAR;CONSERVADO;0;"MUNICIPALIDAD DE CARHUAZ: MUNICIPALIDAD DE CARHUAZ: (6) Supervisor de Limpieza, Promotor Social, Especialista legal y otros";https://empleosperuhoy.blogspot.com/2026/10/municipalidad-de-carhuaz-municipalidad.html;"oferta laboral individual completa"
94657553858184642;A;CONSERVAR;CONSERVADO;0;"PODER JUDICIAL: CAS N° 075 - CÓDIGO 01327: Asistente de Informática";https://empleosperuhoy.blogspot.com/2026/10/poder-judicial-cas-n-075-codigo-01327_8.html;"oferta laboral individual completa"
949481333789175308;A;CONSERVAR;CONSERVADO;0;"Redactor De Tesis Maestría Psicología - Remoto";https://empleosperuhoy.blogspot.com/2026/10/redactor-de-tesis-maestria-psicologia.html;"oferta laboral individual completa"
950174308589381527;A;CONSERVAR;CONSERVADO;0;"MUNICIPALIDAD SURQUILLO: Asistente(a) Administrativo(a)";https://empleosperuhoy.blogspot.com/2026/10/municipalidad-surquillo-asistentea_2.html;"oferta laboral individual completa"
953854123514874505;A;CONSERVAR;CONSERVADO;0;"MINISTERIO DE CULTURA: MINISTERIO DE CULTURA: (18) Analistas, Especialistas, Asistentes y otros cargos";https://empleosperuhoy.blogspot.com/2026/10/oferta-de-empleo-ministerio-cultura-analistas-especialistas-asis-6e66.html;"oferta laboral individual completa"
954172296397029010;A;CONSERVAR;CONSERVADO;0;"UGEL HUÁNUCO: CAS N° 015 - CÓDIGO AIRHPS 001299: TRABAJADOR DE SERVICIO V";https://empleosperuhoy.blogspot.com/2026/10/ugel-huanuco-cas-n-015-codigo-airhps_9.html;"oferta laboral individual completa"
954466833646357902;A;CONSERVAR;CONSERVADO;0;"Ingeniero En Redes Y Telecomunicaciones / Electrónico";https://empleosperuhoy.blogspot.com/2026/10/ingeniero-en-redes-y-telecomunicaciones.html;"oferta laboral individual completa"
957844077362287048;A;CONSERVAR;CONSERVADO;0;"DIRESA CALLAO: Enfermero/as";https://empleosperuhoy.blogspot.com/2026/10/oportunidad-laboral-cas-023-2026-enfermero-diresa-callao-633647.html;"oferta laboral individual completa"
971842013660703766;A;CONSERVAR;CONSERVADO;0;"RED DE SALUD CONCHUCOS NORTE: RED DE SALUD CONCHUCOS NORTE: (8) Médicos, Tecnólogos médicos, Químicos farmacéuticos y otros cargos";https://empleosperuhoy.blogspot.com/2026/10/red-de-salud-conchucos-norte-red-de.html;"oferta laboral individual completa"
972174358152883087;A;CONSERVAR;CONSERVADO;0;"GOBIERNO REGIONAL LIBERTAD: GOBIERNO REGIONAL LIBERTAD: (26) Especialistas, Analistas, Asistentes y otros cargos";https://empleosperuhoy.blogspot.com/2026/10/oferta-de-empleo-gobierno-regional-libertad-especialistas-analis-d78f.html;"oferta laboral individual completa"
972648774459281354;A;CONSERVAR;CONSERVADO;0;"EJÉRCITO DEL PERÚ: TECNÓLOGO MÉDICO (TERAPIA FÍSICA Y REHABILITACIÓN)";https://empleosperuhoy.blogspot.com/2026/10/oportunidad-laboral-tecnologo-medico-terapia-fisica-rehabilitacion-eje.html;"oferta laboral individual completa"
973111408906078582;A;CONSERVAR;CONSERVADO;0;"INEI: OPERADOR DE MANTENIMIENTO DE LOCAL DE EVALUACIÓN - CALLAO";https://empleosperuhoy.blogspot.com/2026/10/oportunidad-laboral-operador-mantenimiento-local-evaluacion-callao-ine.html;"oferta laboral individual completa"
982392753832487709;A;CONSERVAR;CONSERVADO;0;"HOSPITAL DE SICUANI: HOSPITAL DE SICUANI: (19) Médicos, Enfermeras Técnicos administrativos y otros cargos";https://empleosperuhoy.blogspot.com/2026/10/hospital-de-sicuani-hospital-de-sicuani_9.html;"oferta laboral individual completa"
98647297553455305;A;CONSERVAR;CONSERVADO;0;"HOSPITAL JULIO CESAR DEMARINI CARO: Ingeniero Especialista (Biomédico) (021-PCAS04/2026)";https://empleosperuhoy.blogspot.com/2026/10/hospital-julio-cesar-demarini-caro_53.html;"oferta laboral individual completa"
990763493037453799;A;CONSERVAR;CONSERVADO;0;"HOSPITAL GENERAL DE JAÉN: CAS N° 002 - Código AIRHSP 003532 - 003533: MÉDICO ESPECIALISTA EN PEDIATRÍA";https://empleosperuhoy.blogspot.com/2026/10/oportunidad-laboral-cas-002-codigo-airhsp-medico-especialista-pediatri.html;"oferta laboral individual completa"
995850549845190350;A;CONSERVAR;CONSERVADO;0;"PODER JUDICIAL: N° 02 - CÓDIGO 00309-9: SECRETARIO JUDICIAL";https://empleosperuhoy.blogspot.com/2026/10/oportunidad-laboral-codigo-secretario-judicial-poder-lima-632229.html;"oferta laboral individual completa"
996334710079235616;A;CONSERVAR;CONSERVADO;0;"UNIVERSIDAD DE BAGUA: CAS N° 005 - ITEM N° 26: TÉCNICO LABORATORISTA - FACULTAD DE CIENCIAS NATURALES Y APLICADAS";https://empleosperuhoy.blogspot.com/2026/10/universidad-de-bagua-cas-n-005-item-n_14.html;"oferta laboral individual completa"
997893090157234522;A;CONSERVAR;CONSERVADO;0;"PODER JUDICIAL: N° 001 - CÓDIGO 00288-2-3: AUXILIAR JUDICIAL";https://empleosperuhoy.blogspot.com/2026/10/poder-judicial-n-001-codigo-00288-2-3_5.html;"oferta laboral individual completa"
136720157432464816;D;RETIRAR;PENDIENTE;1;"Cómo responder “Háblame de ti” en una entrevista de trabajo";https://empleosperuhoy.blogspot.com/2026/09/como-responder-hablame-de-ti-en-una.html;"titulo de categoria/contenido, no de oferta individual"
144688865620574320;D;RETIRAR;PENDIENTE;1;"Beca para estudios en Tailandia";https://empleosperuhoy.blogspot.com/2026/09/beca-para-estudios-en-tailandia_0626857900.html;"titulo de categoria/contenido, no de oferta individual"
1613242035592352417;D;RETIRAR;PENDIENTE;1;"Qué NO poner en el currículum: Guía para armar un CV exitoso";https://empleosperuhoy.blogspot.com/2026/09/que-no-poner-en-el-curriculum-guia-para.html;"titulo de categoria/contenido, no de oferta individual"
1772644467657907377;D;RETIRAR;PENDIENTE;1;"Becas Docentes del Grupo Romero";https://empleosperuhoy.blogspot.com/2026/09/becas-docentes-del-grupo-romero.html;"titulo de categoria/contenido, no de oferta individual"
1888204780528235376;D;RETIRAR;PENDIENTE;1;"Cómo hacer un FODA personal para mejorar tu carrera profesional";https://empleosperuhoy.blogspot.com/2026/09/como-hacer-un-dafo-personal-para.html;"titulo de categoria/contenido, no de oferta individual"
2109948841204354656;D;RETIRAR;PENDIENTE;1;"Becas para estudios en la INDIA";https://empleosperuhoy.blogspot.com/2026/09/beca-para-estudios-en-tailandia.html;"titulo de categoria/contenido, no de oferta individual"
2395529925536716384;D;RETIRAR;PENDIENTE;1;"Consejos psicológicos para soportar la búsqueda de trabajo";https://empleosperuhoy.blogspot.com/2026/09/consejos-psicologicos-para-soportar-la.html;"titulo de categoria/contenido, no de oferta individual"
2414657531077897957;D;RETIRAR;PENDIENTE;1;"Beca Talento UPeU 2026-2027";https://empleosperuhoy.blogspot.com/2026/09/beca-talento-upeu-2026-2027.html;"titulo de categoria/contenido, no de oferta individual"
2445552715905270431;D;RETIRAR;PENDIENTE;1;"Cómo responder “¿Cuál es tu expectativa salarial?” en una entrevista de trabajo";https://empleosperuhoy.blogspot.com/2026/09/como-responder-cual-es-tu-expectativa.html;"titulo de categoria/contenido, no de oferta individual"
2541756278222011520;D;RETIRAR;PENDIENTE;1;"Qué ropa usar para una entrevista de trabajo: guía para vestir correctamente";https://empleosperuhoy.blogspot.com/2026/09/que-ropa-usar-para-una-entrevista-de.html;"titulo de categoria/contenido, no de oferta individual"
273370936278935905;D;RETIRAR;PENDIENTE;1;"Cómo postular a una beca en Perú: guía paso a paso";https://empleosperuhoy.blogspot.com/2026/09/como-postular-una-beca-en-peru-guia.html;"titulo de categoria/contenido, no de oferta individual"
2808928498950657271;D;RETIRAR;PENDIENTE;1;"Beca en Singapur";https://empleosperuhoy.blogspot.com/2026/09/beca-en-singapur.html;"titulo de categoria/contenido, no de oferta individual"
2988869234104233514;D;RETIRAR;PENDIENTE;1;"Cómo responder “¿Cuáles son tus fortalezas?” en una entrevista de trabajo";https://empleosperuhoy.blogspot.com/2026/09/como-responder-cuales-son-tus.html;"titulo de categoria/contenido, no de oferta individual"
3077804618526817493;D;RETIRAR;PENDIENTE;1;"Becas UNIR Territorio Perú";https://empleosperuhoy.blogspot.com/2026/09/becas-unir-territorio-peru.html;"titulo de categoria/contenido, no de oferta individual"
3214311401562922873;D;RETIRAR;PENDIENTE;1;"Cómo hacer tu primer CV sin experiencia en Perú: Guía definitiva";https://empleosperuhoy.blogspot.com/2026/09/como-hacer-tu-primer-cv-sin-experiencia.html;"titulo de categoria/contenido, no de oferta individual"
3254088036358861689;D;RETIRAR;PENDIENTE;1;"Beca para curso presencial en Japón";https://empleosperuhoy.blogspot.com/2026/09/beca-para-curso-presencial-en-japon.html;"titulo de categoria/contenido, no de oferta individual"
3468434083655180646;D;RETIRAR;PENDIENTE;1;"Cómo prepararse para una entrevista virtual: guía práctica para conseguir trabajo";https://empleosperuhoy.blogspot.com/2026/09/como-prepararse-para-una-entrevista.html;"titulo de categoria/contenido, no de oferta individual"
3791490107014313451;D;RETIRAR;PENDIENTE;1;"Cómo postular a una convocatoria CAS en Perú: guía paso a paso";https://empleosperuhoy.blogspot.com/2026/09/como-postular-una-convocatoria-cas-en.html;"titulo de categoria/contenido, no de oferta individual"
3965094016171733865;D;RETIRAR;PENDIENTE;1;"Guía de entrevista laboral: Preguntas clave y qué responder";https://empleosperuhoy.blogspot.com/2026/09/guia-de-entrevista-laboral-preguntas.html;"titulo de categoria/contenido, no de oferta individual"
4281642345292090501;D;RETIRAR;PENDIENTE;1;"Cómo conseguir prácticas profesionales en Perú: guía para encontrar y postular";https://empleosperuhoy.blogspot.com/2026/09/como-conseguir-practicas-profesionales.html;"titulo de categoria/contenido, no de oferta individual"
4476651376701167566;D;RETIRAR;PENDIENTE;1;"Becas Impacto Social y Cultural UNIR";https://empleosperuhoy.blogspot.com/2026/09/becas-impacto-social-y-cultural-unir.html;"titulo de categoria/contenido, no de oferta individual"
4633881328047294482;D;RETIRAR;PENDIENTE;1;"Cómo realizar entrevistas de trabajo exitosas";https://empleosperuhoy.blogspot.com/2026/09/como-realizar-entrevistas-de-trabajo.html;"titulo de categoria/contenido, no de oferta individual"
504639678929614284;D;RETIRAR;PENDIENTE;1;"Becas Generación Plateada: 100 mil becas gratuitas en cursos virtuales para personas mayores de 50 años";https://empleosperuhoy.blogspot.com/2026/09/becas-generacion-plateada-100-mil-becas.html;"titulo de categoria/contenido, no de oferta individual"
5085919579988037741;D;RETIRAR;PENDIENTE;1;"Qué es CAS y cómo funciona en Perú: guía para postular a empleos del Estado";https://empleosperuhoy.blogspot.com/2026/09/que-es-cas-y-como-funciona-en-peru-guia.html;"titulo de categoria/contenido, no de oferta individual"
5288885620149231648;D;RETIRAR;PENDIENTE;1;"Becas de Intercambio en Tailandia 2026";https://empleosperuhoy.blogspot.com/2026/09/beca-finalizada.html;"titulo de categoria/contenido, no de oferta individual"
5372765967562633057;D;RETIRAR;PENDIENTE;1;"Cómo conseguir trabajo remoto desde Perú (aunque no tengas experiencia)";https://empleosperuhoy.blogspot.com/2026/10/como-conseguir-trabajo-remoto-desde.html;"titulo de categoria/contenido, no de oferta individual"
547290889527094187;D;RETIRAR;PENDIENTE;1;"Cómo negociar el salario en una entrevista de trabajo: estrategias para defender tu valor profesional";https://empleosperuhoy.blogspot.com/2026/09/como-negociar-el-salario-en-una.html;"titulo de categoria/contenido, no de oferta individual"
5571126451708998077;D;RETIRAR;PENDIENTE;1;"Renuncié a mi trabajo, ¿y ahora qué? Pasos legales y financieros";https://empleosperuhoy.blogspot.com/2026/09/renuncie-mi-trabajo-y-ahora-que-pasos.html;"titulo de categoria/contenido, no de oferta individual"
5967799388059341021;D;RETIRAR;PENDIENTE;1;"Cómo preparar un currículum que te consigue entrevistas en Perú";https://empleosperuhoy.blogspot.com/2026/10/como-preparar-un-curriculum-que-te.html;"titulo de categoria/contenido, no de oferta individual"
6116284884722701301;D;RETIRAR;PENDIENTE;1;"Becas UNIR Joven Perú";https://empleosperuhoy.blogspot.com/2026/09/becas-unir-joven-peru.html;"titulo de categoria/contenido, no de oferta individual"
6432010943684791800;D;RETIRAR;PENDIENTE;1;"Beca en Japón: Gestión Urbana para un Desarrollo Urbano Sostenible (B)";https://empleosperuhoy.blogspot.com/2026/09/beca-en-japon-gestion-urbana-para-un.html;"titulo de categoria/contenido, no de oferta individual"
6464315738468322134;D;RETIRAR;PENDIENTE;1;"Becas de Excelencia de la Confederación Suiza 2027-2028";https://empleosperuhoy.blogspot.com/2026/09/becas-de-excelencia-de-la-confederacion.html;"titulo de categoria/contenido, no de oferta individual"
6968178560469746288;D;RETIRAR;PENDIENTE;1;"Becas Servidor Público del Perú UNIR";https://empleosperuhoy.blogspot.com/2026/09/becas-servidor-publico-del-peru-unir.html;"titulo de categoria/contenido, no de oferta individual"
7131616352410014552;D;RETIRAR;PENDIENTE;1;"Becas Poder Judicial del Perú UNIR";https://empleosperuhoy.blogspot.com/2026/09/becas-poder-judicial-del-peru-unir.html;"titulo de categoria/contenido, no de oferta individual"
7172940570977168499;D;RETIRAR;PENDIENTE;1;"Beca Chevening 2027-2028 para estudiar una maestría en Reino Unido";https://empleosperuhoy.blogspot.com/2026/09/beca-chevening-2027-2028-para-estudiar.html;"titulo de categoria/contenido, no de oferta individual"
733780673930615300;D;RETIRAR;PENDIENTE;1;"Habilidades blandas y profesionales: Cómo mejorar tu perfil laboral";https://empleosperuhoy.blogspot.com/2026/09/habilidades-blandas-y-profesionales.html;"sin senales de oferta laboral y sin etiqueta Empleo"
7476465586147116784;D;RETIRAR;PENDIENTE;1;"Becas PRONABEC Máster UCM";https://empleosperuhoy.blogspot.com/2026/09/becas-pronabec-master-ucm.html;"titulo de categoria/contenido, no de oferta individual"
7693824436567579250;D;RETIRAR;PENDIENTE;1;"Cómo responder “¿Cuáles son tus debilidades?” en una entrevista de trabajo";https://empleosperuhoy.blogspot.com/2026/09/como-responder-cuales-son-tus_02039347940.html;"titulo de categoria/contenido, no de oferta individual"
8401913038681566287;D;RETIRAR;PENDIENTE;1;"Cómo prepararse para una entrevista de trabajo: guía práctica para destacar";https://empleosperuhoy.blogspot.com/2026/09/como-prepararse-para-una-entrevista-de.html;"titulo de categoria/contenido, no de oferta individual"
8562897832762100672;D;RETIRAR;PENDIENTE;1;"Beca en Japón: JOVENES LIDERES “Curso de Promoción y Desarrollo de las Pequeñas y Medianas Empresas (SME)";https://empleosperuhoy.blogspot.com/2026/09/beca-en-japon-jovenes-lideres-curso-de.html;"titulo de categoria/contenido, no de oferta individual"
8580025907264806665;D;RETIRAR;PENDIENTE;1;"Qué hacer después de una entrevista de trabajo: pasos para aumentar tus oportunidades";https://empleosperuhoy.blogspot.com/2026/09/que-hacer-despues-de-una-entrevista-de.html;"titulo de categoria/contenido, no de oferta individual"
8733915297852451579;D;RETIRAR;PENDIENTE;1;"Cómo gestionar tu equipo de trabajo";https://empleosperuhoy.blogspot.com/2026/09/como-gestionar-tu-equipo-de-trabajo.html;"titulo de categoria/contenido, no de oferta individual"
8795049451270234843;D;RETIRAR;PENDIENTE;1;"Becas Funiber de Excelencia Académica LATAM";https://empleosperuhoy.blogspot.com/2026/09/becas-funiber-de-excelencia-academica.html;"titulo de categoria/contenido, no de oferta individual"
9072234159849390910;D;RETIRAR;PENDIENTE;1;"Becas de Movilidad Dobles Titulaciones de Postgrado AUIP";https://empleosperuhoy.blogspot.com/2026/09/becas-pronabec-inclusion-carreras.html;"titulo de categoria/contenido, no de oferta individual"
9140558115344002397;D;RETIRAR;PENDIENTE;1;"Cómo conseguir trabajo sin experiencia: guía práctica para empezar tu vida laboral";https://empleosperuhoy.blogspot.com/2026/09/como-conseguir-trabajo-sin-experiencia.html;"titulo de categoria/contenido, no de oferta individual"
1463549972841556067;C;RETIRAR;PENDIENTE;2;"UGEL LA MAR: Coordinador (a) de Innovación y Soporte Tecnológico";https://empleosperuhoy.blogspot.com/2026/10/ugel-la-mar-coordinador-de-innovacion-y.html;"duplicado de post 3206475073630547080 (mismo origen o mismo titulo) se conserva el mejor: UGEL LA MAR: Coordinador (a) de Innovación y Soporte Tecnológico"
1587560103609142190;C;RETIRAR;PENDIENTE;2;"UNIVERSIDAD TECNOLOGICA LIMA SUR(UNTELS): ASISTENTE ADMINISTRATIVO";https://empleosperuhoy.blogspot.com/2026/10/universidad-tecnologica-lima-suruntels_0732077669.html;"duplicado de post 7777720751105879676 (mismo origen o mismo titulo) se conserva el mejor: UNIVERSIDAD TECNOLOGICA LIMA SUR(UNTELS): Asistente Administrativo"
433824245774516070;C;RETIRAR;PENDIENTE;2;"UGEL 3: Especialista Pedagógico";https://empleosperuhoy.blogspot.com/2026/10/ugel-3-especialista-pedagogico_8.html;"duplicado de post 9145682624814146850 (mismo origen o mismo titulo) se conserva el mejor: UGEL-3: Especialista Pedagógico"
5084831292321068992;C;RETIRAR;PENDIENTE;2;"MUNICIPALIDAD JORGE BASADRE: 276 N° 0478-2026: PROYECTISTA III";https://empleosperuhoy.blogspot.com/2026/10/municipalidad-jorge-basadre-276-n-0478_0190103771.html;"duplicado de post 3894220150731240956 (mismo origen o mismo titulo) se conserva el mejor: MUNICIPALIDAD JORGE BASADRE: 276 N° 0478-2026: PROYECTISTA III"
7005913111355516658;C;RETIRAR;PENDIENTE;2;"UGEL FERREÑAFE: Coordinador (a) de innovación y soporte tecnológico";https://empleosperuhoy.blogspot.com/2026/10/ugel-ferrenafe-coordinador-de.html;"duplicado de post 5084574838255675294 (mismo origen o mismo titulo) se conserva el mejor: UGEL FERREÑAFE: Coordinador (a) de innovación y soporte tecnológico"
1415725581511318141;E;RETIRAR;PENDIENTE;3;":";https://empleosperuhoy.blogspot.com/2026/09/blog-post_793.html;"titulo invalido: ':'"
1570610277160501971;E;RETIRAR;PENDIENTE;3;"Errores comunes en una entrevista de trabajo: qué evitar para causar una buena impresión";https://empleosperuhoy.blogspot.com/2026/09/errores-comunes-en-una-entrevista-de.html;"marca de error / pagina rota en el contenido"
1194819881844186143;F;CONSERVAR;CONSERVADO;5;"Practicante Contable Sin Experiencia - Medio Tiempo";https://empleosperuhoy.blogspot.com/2026/10/practicante-contable-sin-experiencia.html;"dice 'A convenir' pero el contenido trae un monto de salario | SIN propuesta: se conserva y se registra para revision"
3583235084099855031;F;CONSERVAR;CONSERVADO;5;"Operario De Produccion";https://empleosperuhoy.blogspot.com/2026/10/operario-de-produccion.html;"dice 'A convenir' pero el contenido trae un monto de salario | SIN propuesta: se conserva y se registra para revision"
4843329619858793223;F;CONSERVAR;CONSERVADO;5;"Analista De Crédito Grupal - Ag. Smp";https://empleosperuhoy.blogspot.com/2026/10/analista-de-credito-grupal-ag-smp.html;"dice 'A convenir' pero el contenido trae un monto de salario | SIN propuesta: se conserva y se registra para revision"
6069553936003531273;F;CONSERVAR;CONSERVADO;5;"Anfitriona De Bienvenida";https://empleosperuhoy.blogspot.com/2026/10/anfitriona-de-bienvenida.html;"dice 'A convenir' pero el contenido trae un monto de salario | SIN propuesta: se conserva y se registra para revision"
7562783617105754380;F;CONSERVAR;CONSERVADO;5;"Auxiliar De Despacho";https://empleosperuhoy.blogspot.com/2026/10/auxiliar-de-despacho.html;"dice 'A convenir' pero el contenido trae un monto de salario | SIN propuesta: se conserva y se registra para revision"
8962648498940388486;F;CORREGIR;PENDIENTE;5;"Asesores De Cobranzas / Cartera Castigo / Gana S/1400";https://empleosperuhoy.blogspot.com/2026/10/asesores-de-cobranzas-cartera-castigo.html;"dice 'A convenir' pero el contenido trae un monto de salario"
1000038954509671828;G;CONSERVAR;CONSERVADO;7;"GOBIERNO REGIONAL CUSCO: 276 N° 003-2026: PLANIFICADOR III";https://empleosperuhoy.blogspot.com/2026/10/oportunidad-laboral-276-003-2026-planificador-iii-gobierno-regional-cu.html;"fecha de cierre pasada (2026-10-02)"
1002771502666617033;G;CONSERVAR;CONSERVADO;7;"PROCURADURÍA DEL ESTADO: PROCURADOR PÚBLICO DE LA MUNICIPALIDAD DISTRITAL DE SAMUEL PASTOR - CAMANÁ - AREQUIPA";https://empleosperuhoy.blogspot.com/2026/10/oportunidad-laboral-procurador-publico-municipalidad-distrital-samuel-.html;"fecha de cierre pasada (2026-09-30)"
1012087405635004838;G;CONSERVAR;CONSERVADO;7;"PROCURADURÍA DEL ESTADO: PROCURADOR PÚBLICO DE LA MUNICIPALIDAD DISTRITAL DE IMAZA - BAGUA - AMAZONAS";https://empleosperuhoy.blogspot.com/2026/10/procuraduria-del-estado-procurador_806.html;"fecha de cierre pasada (2026-09-30)"
1012699084342072013;G;CONSERVAR;CONSERVADO;7;"PERÚ COMPRAS: CAS N° 009 - COD 03: ASISTENTE EN ATENCIÓN AL USUARIO";https://empleosperuhoy.blogspot.com/2026/10/peru-compras-cas-n-009-cod-03-asistente_0.html;"fecha de cierre pasada (2026-09-30)"
1025930971286346645;G;CONSERVAR;CONSERVADO;7;"OEFA: ASISTENTE EN ALMACÉN";https://empleosperuhoy.blogspot.com/2026/10/oefa-asistente-en-almacen_7.html;"fecha de cierre pasada (2026-10-02)"
1031713638131534295;G;CONSERVAR;CONSERVADO;7;"GERENCIA DE SALUD LA LIBERTAD: NUTRICIONISTA";https://empleosperuhoy.blogspot.com/2026/10/oportunidad-laboral-cas-003-2026-nutricionista-gerencia-salud-libertad.html;"fecha de cierre pasada (2026-10-01)"
1034755547825373568;G;CONSERVAR;CONSERVADO;7;"PODER JUDICIAL: CAS N° 021 - CÓDIGO 01525-4: ESPECIALISTA LEGAL DE DESCARGA";https://empleosperuhoy.blogspot.com/2026/10/poder-judicial-cas-n-021-codigo-01525-4_5.html;"fecha de cierre pasada (2026-09-30)"
1089331342320507532;G;CONSERVAR;CONSERVADO;7;"PROCURADURÍA DEL ESTADO: PROCURADOR PÚBLICO DE LA MUNICIPALIDAD PROVINCIAL DE EL DORADO - SAN MARTÍN";https://empleosperuhoy.blogspot.com/2026/10/oportunidad-laboral-procurador-publico-municipalidad-provincial-dorado.html;"fecha de cierre pasada (2026-09-30)"
1091465017136055924;G;CONSERVAR;CONSERVADO;7;"PLAN MERISS: 728 N° 006 - ITEM 31: Asistente Técnico para Obra (GPSR)";https://empleosperuhoy.blogspot.com/2026/10/plan-meriss-728-n-006-item-31-asistente_1.html;"fecha de cierre pasada (2026-10-02)"
1103098319480937875;G;CONSERVAR;CONSERVADO;7;"SERFOR: ESPECIALISTA EN RECURSOS HUMANOS";https://empleosperuhoy.blogspot.com/2026/10/oportunidad-laboral-cas-060-especialista-recursos-humanos-serfor-lima-.html;"fecha de cierre pasada (2026-10-02)"
1111303850076340877;G;CONSERVAR;CONSERVADO;7;"MUNICIPALIDAD DE OCORURO: JEFE DE DEFENSA CIVIL";https://empleosperuhoy.blogspot.com/2026/10/municipalidad-de-ocoruro-jefe-de_6.html;"fecha de cierre pasada (2026-10-02)"
1118572547897315332;G;CONSERVAR;CONSERVADO;7;"MUNICIPALIDAD DE IPARIA: CAS N° 001 - ITEM 15: ELECTRICISTA DE MANTENIMIENTO EN REDES ELECTRICAS PUBLICAS";https://empleosperuhoy.blogspot.com/2026/10/oportunidad-laboral-cas-001-item-electricista-mantenimiento-redes-elec.html;"fecha de cierre pasada (2026-10-01)"
1138751367102318959;G;CONSERVAR;CONSERVADO;7;"MINISTERIO DE LA MUJER(MIMP): ANALISTA DE POLÍTICAS";https://empleosperuhoy.blogspot.com/2026/10/ministerio-de-la-mujermimp-analista-de_83.html;"fecha de cierre pasada (2026-10-01)"
1143657655576537980;G;CONSERVAR;CONSERVADO;7;"AUTORIDAD PORTUARIA(APN): N° 007-2026: Practicante para la Unidad de Relaciones Institucionales";https://empleosperuhoy.blogspot.com/2026/10/autoridad-portuariaapn-n-007-2026_7.html;"fecha de cierre pasada (2026-10-01)"
1161136638862199688;G;CONSERVAR;CONSERVADO;7;"MINISTERIO DE LA MUJER (MIMP): N° 092-2026: Practicante para la Dirección de Protección Especial - UPE Lambayeque";https://empleosperuhoy.blogspot.com/2026/10/ministerio-de-la-mujer-mimp-n-092-2026_5.html;"fecha de cierre pasada (2026-10-01)"
1162379040465156262;G;CONSERVAR;CONSERVADO;7;"MUNICIPALIDAD DE OCORURO: ASISTENTE ADMINISTRATIVO";https://empleosperuhoy.blogspot.com/2026/10/oportunidad-laboral-cas-001-asistente-administrativo-municipalidad-oco.html;"fecha de cierre pasada (2026-10-02)"
1169120078031272281;G;CONSERVAR;CONSERVADO;7;"GERENCIA EDUCACIÓN(GRE) AREQUIPA: ESPECIALISTA EN CONTRATACIONES CON EL ESTADO-ABASTECIMIENTOS";https://empleosperuhoy.blogspot.com/2026/10/gerencia-educaciongre-arequipa_3.html;"fecha de cierre pasada (2026-10-01)"
117484092060409966;G;CONSERVAR;CONSERVADO;7;"INDECOPI: DL 728 N° 072: EJECUTIVO(A) 1";https://empleosperuhoy.blogspot.com/2026/10/oportunidad-laboral-728-072-ejecutivo-indecopi-lima-631295.html;"fecha de cierre pasada (2026-10-01)"
1174937899873623272;G;CONSERVAR;CONSERVADO;7;"GOBIERNO REGIONAL CUSCO: 276 N° 003-2026: SECRETARIA IV";https://empleosperuhoy.blogspot.com/2026/10/gobierno-regional-cusco-276-n-003-2026_61.html;"fecha de cierre pasada (2026-10-02)"
119205651881671539;G;CONSERVAR;CONSERVADO;7;"MUNICIPALIDAD DE CACHIMAYO: RESPONSABLE ARCHIVO CENTRAL";https://empleosperuhoy.blogspot.com/2026/10/oportunidad-laboral-cas-002-responsable-archivo-central-municipalidad-.html;"fecha de cierre pasada (2026-10-02)"
1209984309345548527;G;CONSERVAR;CONSERVADO;7;"RED DE SALUD AZÁNGARO: MÉDICO GENERAL";https://empleosperuhoy.blogspot.com/2026/10/oportunidad-laboral-cas-001-medico-general-red-salud-azangaro-puno-633.html;"fecha de cierre pasada (2026-10-02)"
1215196876004078109;G;CONSERVAR;CONSERVADO;7;"ONP: CPMA N° 057: ASISTENTE DE ADMINISTRACIÓN DE PROGRAMACIÓN Y CONTROL DE LA PRODUCCIÓN";https://empleosperuhoy.blogspot.com/2026/10/onp-cpma-n-057-asistente-de_4.html;"fecha de cierre pasada (2026-08-25)"
1227365700516459406;G;CONSERVAR;CONSERVADO;7;"PROCURADURÍA DEL ESTADO: PROCURADOR PÚBLICO DE LA MUNICIPALIDAD DISTRITAL DE VELILLE - CHUMBIVILCAS - CUSCO";https://empleosperuhoy.blogspot.com/2026/10/oportunidad-laboral-procurador-publico-municipalidad-distrital-velille.html;"fecha de cierre pasada (2026-09-30)"
1251483235230383027;G;CONSERVAR;CONSERVADO;7;"MUNICIPALIDAD DE PUEBLO LIBRE: Técnico en Inventario Patrimonial";https://empleosperuhoy.blogspot.com/2026/10/oportunidad-laboral-cas-018-2026-tecnico-inventario-patrimonial-munici.html;"fecha de cierre pasada (2026-10-01)"
125418480505160316;G;CONSERVAR;CONSERVADO;7;"PLAN MERISS: 728 N° 006 - ITEM 03: Especialista Estructural";https://empleosperuhoy.blogspot.com/2026/10/plan-meriss-728-n-006-item-03_1.html;"fecha de cierre pasada (2026-10-02)"
1254267604286640033;G;CONSERVAR;CONSERVADO;7;"SUNASS: ASISTENTE/A PARA INFRAESTRUCTURA DE AGUA POTABLE Y SANEAMIENTO";https://empleosperuhoy.blogspot.com/2026/10/sunass-asistentea-para-infraestructura_6.html;"fecha de cierre pasada (2026-10-02)"
1317870852833319947;G;CONSERVAR;CONSERVADO;7;"AUTORIDAD NACIONAL DE INFRAESTRUCTURA: N° 113-2026: Practicante para la Dir. de Intervenciones Mult. y de Emergencia";https://empleosperuhoy.blogspot.com/2026/10/autoridad-nacional-de-infraestructura-n_80.html;"fecha de cierre pasada (2026-10-01)"
134541980636021600;G;CONSERVAR;CONSERVADO;7;"PROINNÓVATE: EJECUTIVO I";https://empleosperuhoy.blogspot.com/2026/10/proinnovate-ejecutivo-i_7.html;"fecha de cierre pasada (2026-09-30)"
1370076399336672326;G;CONSERVAR;CONSERVADO;7;"OEFA: ESPECIALISTA EN EJECUCIÓN CONTRACTUAL";https://empleosperuhoy.blogspot.com/2026/10/oefa-especialista-en-ejecucion_1.html;"fecha de cierre pasada (2026-10-02)"
138096989233725256;G;CONSERVAR;CONSERVADO;7;"MINISTERIO DE LA MUJER(MIMP): Oficial de Seguridad y Confianza Digital";https://empleosperuhoy.blogspot.com/2026/10/oportunidad-laboral-cas-162-oficial-seguridad-confianza-digital-minist.html;"fecha de cierre pasada (2026-10-01)"
1458273218938518241;G;CONSERVAR;CONSERVADO;7;"MINISTERIO DE ECONOMÍA (MEF): N° 56-2026: Practicante para la Oficina General de Planeamiento y Presupuesto";https://empleosperuhoy.blogspot.com/2026/10/oportunidad-laboral-practicas-ministerio-economia-mef-ingenieria-estad.html;"fecha de cierre pasada (2026-10-01)"
1460007175373436028;G;CONSERVAR;CONSERVADO;7;"PODER JUDICIAL: CAS N° 109 - CÓDIGO 03500: ARQUITECTO EN INFRAESTRUCTURA TI";https://empleosperuhoy.blogspot.com/2026/10/oportunidad-laboral-cas-109-codigo-arquitecto-infraestructura-poder-ju.html;"fecha de cierre pasada (2026-10-02)"
1504674317443167021;G;CONSERVAR;CONSERVADO;7;"AGROBANCO: para Practicante de Planeamiento económico-financiero";https://empleosperuhoy.blogspot.com/2026/10/oportunidad-laboral-practicas-agrobanco-ingenieria-industrial-contabil.html;"fecha de cierre pasada (2026-10-02)"
150561336451358107;G;CONSERVAR;CONSERVADO;7;"MINISTERIO DE LA MUJER (MIMP): N° 085-2026: Practicante para la Dirección de Protección Especial - UPE Madre de Dios";https://empleosperuhoy.blogspot.com/2026/10/ministerio-de-la-mujer-mimp-n-085-2026_1.html;"fecha de cierre pasada (2026-10-01)"
1513784016770416229;G;CONSERVAR;CONSERVADO;7;"GOBIERNO REGIONAL APURIMAC: ASISTENTE LEGAL PARA PROYECTOS DE INVERSIÓN PÚBLICA";https://empleosperuhoy.blogspot.com/2026/10/gobierno-regional-apurimac-asistente_0.html;"fecha de cierre pasada (2026-10-01)"
1518464790216022735;G;CONSERVAR;CONSERVADO;7;"PROCURADURÍA DEL ESTADO: PROCURADOR PÚBLICO DE LA MUNICIPALIDAD DISTRITAL DE HONORIA - PUERTO INCA - HUÁNUCO";https://empleosperuhoy.blogspot.com/2026/10/oportunidad-laboral-procurador-publico-municipalidad-distrital-honoria.html;"fecha de cierre pasada (2026-09-30)"
1529602511762876701;G;CONSERVAR;CONSERVADO;7;"PLAN MERISS: 728 N° 006 - ITEM 01: Especialista en Obras Hidráulicas";https://empleosperuhoy.blogspot.com/2026/10/oportunidad-laboral-728-006-item-especialista-obras-hidraulicas-43c1.html;"fecha de cierre pasada (2026-10-02)"
1533538093301782520;G;CONSERVAR;CONSERVADO;7;"HOSPITAL SANTA ROSA PUERTO MALDONADO: Urología";https://empleosperuhoy.blogspot.com/2026/10/oportunidad-laboral-cas-003-urologia-hospital-santa-rosa-puerto-maldon.html;"fecha de cierre pasada (2026-10-02)"
1585790220328726299;G;CONSERVAR;CONSERVADO;7;"MUNICIPALIDAD DE PUEBLO LIBRE: SERENO CHOFER";https://empleosperuhoy.blogspot.com/2026/10/oportunidad-laboral-cas-019-sereno-chofer-municipalidad-pueblo-libre-l.html;"fecha de cierre pasada (2026-10-01)"
1612575085376717343;G;CONSERVAR;CONSERVADO;7;"SIS: ASESOR DE SERVICIO MAC";https://empleosperuhoy.blogspot.com/2026/10/sis-asesor-de-servicio-mac_4.html;"fecha de cierre pasada (2026-10-01)"
1613719321685868635;G;CONSERVAR;CONSERVADO;7;"MUNICIPALIDAD DE OCORURO: JEFE DE TESORERIA";https://empleosperuhoy.blogspot.com/2026/10/municipalidad-de-ocoruro-jefe-de_1.html;"fecha de cierre pasada (2026-10-02)"
1625098856892882581;G;CONSERVAR;CONSERVADO;7;"PROCURADURÍA DEL ESTADO: PROCURADOR PÚBLICO DE LA MUNICIPALIDAD DISTRITAL DE SAN LUIS - CAÑETE - LIMA";https://empleosperuhoy.blogspot.com/2026/10/procuraduria-del-estado-procurador_9020.html;"fecha de cierre pasada (2026-09-30)"
1629859879183596277;G;CONSERVAR;CONSERVADO;7;"PROCURADURÍA DEL ESTADO: PROCURADOR PÚBLICO ADJUNTO MUNICIPALIDAD PROVINCIAL DE CARABAYA - PUNO";https://empleosperuhoy.blogspot.com/2026/10/procuraduria-del-estado-procurador_975.html;"fecha de cierre pasada (2026-09-30)"
1630203481783355079;G;CONSERVAR;CONSERVADO;7;"ONP: CPMA N° 051: ESPECIALISTA DE CONTROL PATRIMONIAL";https://empleosperuhoy.blogspot.com/2026/10/onp-cpma-n-051-especialista-de-control_2.html;"fecha de cierre pasada (2026-08-25)"
1669118988954681372;G;CONSERVAR;CONSERVADO;7;"PROCURADURÍA DEL ESTADO: PROCURADOR PÚBLICO DE LA MUNICIPALIDAD DISTRITAL DE NAMORA - CAJAMARCA - CAJAMARCA";https://empleosperuhoy.blogspot.com/2026/10/procuraduria-del-estado-procurador_372.html;"fecha de cierre pasada (2026-09-30)"
1680420012165884816;G;CONSERVAR;CONSERVADO;7;"MUNICIPALIDAD JORGE BASADRE: 276 N° 0479-2026: ASISTENTE DE OBRA";https://empleosperuhoy.blogspot.com/2026/10/municipalidad-jorge-basadre-276-n-0479.html;"fecha de cierre pasada (2026-10-02)"
1730688840922778497;G;CONSERVAR;CONSERVADO;7;"PROCURADURÍA DEL ESTADO: PROCURADOR PÚBLICO DE LA MUNICIPALIDAD DISTRITAL DE PACHANGARA - OYÓN - LIMA";https://empleosperuhoy.blogspot.com/2026/10/oportunidad-laboral-procurador-publico-municipalidad-distrital-pachang.html;"fecha de cierre pasada (2026-09-30)"
1740155637595136984;G;CONSERVAR;CONSERVADO;7;"MUNICIPALIDAD DE IPARIA: CAS N° 001 - ITEM 10: OPERADOR DE MAQUINARIA PESADA PARA LA SUB GERENCIA DE OBRAS";https://empleosperuhoy.blogspot.com/2026/10/oportunidad-laboral-cas-001-item-operador-maquinaria-pesada-sub-gerenc.html;"fecha de cierre pasada (2026-10-01)"
176022731945009434;G;CONSERVAR;CONSERVADO;7;"MINISTERIO DE LA MUJER(MIMP): Educador/a de Infantes de Wawa Wasi";https://empleosperuhoy.blogspot.com/2026/10/oportunidad-laboral-cas-154-educador-infantes-wawa-wasi-ministerio-muj.html;"fecha de cierre pasada (2026-10-01)"
1798684823623048573;G;CONSERVAR;CONSERVADO;7;"ONP: CPMA N° 056: ANALISTA DE VALORIZACION DE INVERSIONES";https://empleosperuhoy.blogspot.com/2026/10/onp-cpma-n-056-analista-de-valorizacion_7.html;"fecha de cierre pasada (2026-08-25)"
1798901360154213710;G;CONSERVAR;CONSERVADO;7;"AUTORIDAD NACIONAL DE INFRAESTRUCTURA: N° 114-2026: Practicante para la Dir. de Interv, Multisectoriales";https://empleosperuhoy.blogspot.com/2026/10/autoridad-nacional-de-infraestructura-n_6.html;"fecha de cierre pasada (2026-10-01)"
1819442542061301902;G;CONSERVAR;CONSERVADO;7;"PODER JUDICIAL: CAS N° 068 - CÓDIGO 00723: ASISTENTE JURISDICCIONAL";https://empleosperuhoy.blogspot.com/2026/10/oportunidad-laboral-cas-068-codigo-asistente-jurisdiccional-poder-judi.html;"fecha de cierre pasada (2026-10-02)"
1830191837045497530;G;CONSERVAR;CONSERVADO;7;"MINISTERIO DE EDUCACIÓN(MINEDU): ANALISTA";https://empleosperuhoy.blogspot.com/2026/10/ministerio-de-educacionminedu-analista_1.html;"fecha de cierre pasada (2026-10-02)"
184307413490908131;G;CONSERVAR;CONSERVADO;7;"SERFOR: ESPECIALISTA LEGAL";https://empleosperuhoy.blogspot.com/2026/10/oportunidad-laboral-cas-058-especialista-legal-serfor-lima-633585.html;"fecha de cierre pasada (2026-10-02)"
185104917322660459;G;CONSERVAR;CONSERVADO;7;"RED DE SALUD HUAMALÍES: LOC N° 056: Servicio de Médico Especialista en Pediatría";https://empleosperuhoy.blogspot.com/2026/10/red-de-salud-huamalies-loc-n-056_3.html;"fecha de cierre pasada (2026-09-30)"
1875907462372418824;G;CONSERVAR;CONSERVADO;7;"RED DE SALUD OTUZCO: DIGITADOR - P.S. I-4 AGALLPAMPA (000765)";https://empleosperuhoy.blogspot.com/2026/10/red-de-salud-otuzco-digitador-ps-i-4_8.html;"fecha de cierre pasada (2026-10-01)"
18784763697184587;G;CONSERVAR;CONSERVADO;7;"PLAN MERISS: 728 N° 006 - ITEM 17: Especialista en Agronomía";https://empleosperuhoy.blogspot.com/2026/10/oportunidad-laboral-728-006-item-especialista-agronomia-plan-mer-46c9.html;"fecha de cierre pasada (2026-10-02)"
191003141513982787;G;CONSERVAR;CONSERVADO;7;"PROCURADURÍA DEL ESTADO: PROCURADOR PÚBLICO DE LA MUNICIPALIDAD PROVINCIAL DE GRAN CHIMÚ - LA LIBERTAD";https://empleosperuhoy.blogspot.com/2026/10/oportunidad-laboral-procurador-publico-municipalidad-provincial-gran-c.html;"fecha de cierre pasada (2026-09-30)"
1914621837392922805;G;CONSERVAR;CONSERVADO;7;"TRIBUNAL CONSTITUCIONAL(TC): CAP N° 002-2026: ESPECIALISTA EN ADQUISICIONES I";https://empleosperuhoy.blogspot.com/2026/10/tribunal-constitucionaltc-cap-n-002_8.html;"fecha de cierre pasada (2026-10-02)"
192292643249761698;G;CONSERVAR;CONSERVADO;7;"DIRECCIÓN AGRARIA DE ANDAHUAYLAS: COORDINADOR I PARA SEGUIMIENTO Y EJECUCION DE PROYECTOS DE INVERSION PÚBLICA";https://empleosperuhoy.blogspot.com/2026/10/oportunidad-laboral-cas-005-coordinador-seguimiento-ejecucion-proyecto.html;"fecha de cierre pasada (2026-10-02)"
1923301969738383536;G;CONSERVAR;CONSERVADO;7;"RED DE SALUD HUAMALÍES: TÉCNICO ELECTRICISTA EN ÁREA REFRIGERACIÓN Y/O AIRE ACONDICIONADO";https://empleosperuhoy.blogspot.com/2026/10/oportunidad-laboral-cas-006-2026-tecnico-electricista-area-refrigeraci.html;"fecha de cierre pasada (2026-10-02)"
1936743680764554525;G;CONSERVAR;CONSERVADO;7;"PLAN MERISS: 728 N° 006 - ITEM 40: Asistente Técnico para Obra";https://empleosperuhoy.blogspot.com/2026/10/oportunidad-laboral-728-006-item-asistente-tecnico-obra-plan-mer-9bd3.html;"fecha de cierre pasada (2026-10-02)"
195161867665204883;G;CONSERVAR;CONSERVADO;7;"HOSPITAL SANTA ROSA PUERTO MALDONADO: CIRUJANO ONCOLÓGICA";https://empleosperuhoy.blogspot.com/2026/10/hospital-santa-rosa-puerto-maldonado_716.html;"fecha de cierre pasada (2026-10-02)"
1962257334274607289;G;CONSERVAR;CONSERVADO;7;"MUNICIPALIDAD DE PUEBLO LIBRE: SERENO MOTORIZADO";https://empleosperuhoy.blogspot.com/2026/10/municipalidad-de-pueblo-libre-sereno_5.html;"fecha de cierre pasada (2026-10-01)"
1970998200565293772;G;CONSERVAR;CONSERVADO;7;"RED DE SALUD OTUZCO: TECNICO EN ENFERMERIA - P.S. I-2 HUACAMOCHAL (000253)";https://empleosperuhoy.blogspot.com/2026/10/red-de-salud-otuzco-tecnico-en_0.html;"fecha de cierre pasada (2026-10-01)"
1996337490230822338;G;CONSERVAR;CONSERVADO;7;"RED DE SALUD OTUZCO: OBSTETRA - P.S. I-2 CANIBAMBA BAJO (001075)";https://empleosperuhoy.blogspot.com/2026/10/oportunidad-laboral-cas-004-obstetra-canibamba-bajo-red-salud-otuzco-l.html;"fecha de cierre pasada (2026-10-01)"
2003436056711335612;G;CONSERVAR;CONSERVADO;7;"AGROBANCO: para Practicante Profesional de Gerencia de Administración Operaciones y Finanzas";https://empleosperuhoy.blogspot.com/2026/10/agrobanco-para-practicante-profesional_7.html;"fecha de cierre pasada (2026-10-02)"
2014491421866564205;G;CONSERVAR;CONSERVADO;7;"PROCURADURÍA DEL ESTADO: PROCURADOR PÚBLICO DE LA MUNICIPALIDAD DISTRITAL DE SALITRAL - MORROPÓN - PIURA";https://empleosperuhoy.blogspot.com/2026/10/procuraduria-del-estado-procurador_74.html;"fecha de cierre pasada (2026-09-30)"
2026345270784104979;G;CONSERVAR;CONSERVADO;7;"DIRECCIÓN DE AGRICULTURA HUÁNUCO: 276 N° 003: TECNICO/A ADMINISTRATIVO/A";https://empleosperuhoy.blogspot.com/2026/10/oportunidad-laboral-276-003-tecnico-administrativo-direccion-agricultu.html;"fecha de cierre pasada (2026-10-02)"
2092912601753262773;G;CONSERVAR;CONSERVADO;7;"MINISTERIO DE LA MUJER (MIMP): N° 077-2026: Practicante para la Dirección de Protección Especial - UPE Cajamarca";https://empleosperuhoy.blogspot.com/2026/10/oportunidad-laboral-practicas-ministerio-mujer-mimp-secretariado-ab28.html;"fecha de cierre pasada (2026-10-01)"
2109498446784740486;G;CONSERVAR;CONSERVADO;7;"MINISTERIO DE LA MUJER (MIMP): N° 089-2026: Practicante para la Dirección de Protección Especial - UPE Tacna";https://empleosperuhoy.blogspot.com/2026/10/oportunidad-laboral-practicas-ministerio-mujer-mimp-secretariado-a96a.html;"fecha de cierre pasada (2026-10-01)"
2118796734235881234;G;CONSERVAR;CONSERVADO;7;"RED DE SALUD OTUZCO: PILOTO DE AMBULANCIA - P.S. I-2 BARRO NEGRO (001495)";https://empleosperuhoy.blogspot.com/2026/10/oportunidad-laboral-cas-004-piloto-ambulancia-barro-negro-red-salud-ot.html;"fecha de cierre pasada (2026-10-01)"
2118888107183917577;G;CONSERVAR;CONSERVADO;7;"PLAN MERISS: 728 N° 006 - ITEM 36: Ing Civil / Asistente Técnico para Obra";https://empleosperuhoy.blogspot.com/2026/10/plan-meriss-728-n-006-item-36-ing-civil_1.html;"fecha de cierre pasada (2026-10-02)"
2121955776955488521;G;CONSERVAR;CONSERVADO;7;"GERENCIA DE SALUD LA LIBERTAD: ENFERMERA/O ESPECIALISTA";https://empleosperuhoy.blogspot.com/2026/10/oportunidad-laboral-cas-003-2026-enfermera-especialista-gerencia-salud.html;"fecha de cierre pasada (2026-10-01)"
2144147859963209951;G;CONSERVAR;CONSERVADO;7;"PROCURADURÍA DEL ESTADO: PROCURADOR PÚBLICO DE LA MUNICIPALIDAD PROVINCIAL DE COTABAMBAS - APURÍMAC";https://empleosperuhoy.blogspot.com/2026/10/procuraduria-del-estado-procurador_035.html;"fecha de cierre pasada (2026-09-30)"
2146533191063268812;G;CONSERVAR;CONSERVADO;7;"MUNICIPALIDAD DE PUEBLO LIBRE: Operario de Barrido";https://empleosperuhoy.blogspot.com/2026/10/oportunidad-laboral-cas-018-2026-operario-barrido-municipalidad-pueblo.html;"fecha de cierre pasada (2026-10-01)"
2153058795995268953;G;CONSERVAR;CONSERVADO;7;"Practicante para la sub Gerencia Zonal Machupicchu";https://empleosperuhoy.blogspot.com/2026/09/practicante-para-la-sub-gerencia-zonal.html;"fecha de cierre pasada (2026-09-29)"
2176998477570631612;G;CONSERVAR;CONSERVADO;7;"GOBIERNO REGIONAL CUSCO: 276 N° 003-2026: TÉCNICO EN BIOLOGÍA II";https://empleosperuhoy.blogspot.com/2026/10/oportunidad-laboral-276-003-2026-tecnico-biologia-gobierno-regional-cu.html;"fecha de cierre pasada (2026-10-02)"
2180173788242922108;G;CONSERVAR;CONSERVADO;7;"ONP: CPMA N° 049: ASISTENTE VERIFICADOR/A DE EVIDENCIAS";https://empleosperuhoy.blogspot.com/2026/10/onp-cpma-n-049-asistente-verificadora_6.html;"fecha de cierre pasada (2026-08-25)"
219631651104524702;G;CONSERVAR;CONSERVADO;7;"AUTORIDAD PORTUARIA(APN): CAP N° 001: Especialista de Estudios y Proyectos de Infraestructura Portuaria 1";https://empleosperuhoy.blogspot.com/2026/10/autoridad-portuariaapn-cap-n-001_1.html;"fecha de cierre pasada (2026-09-30)"
2208271671379932101;G;CONSERVAR;CONSERVADO;7;"UGEL-1: AUXILIAR DE LABORATORIO";https://empleosperuhoy.blogspot.com/2026/10/ugel-1-auxiliar-de-laboratorio_1.html;"fecha de cierre pasada (2026-10-02)"
2212144573741741059;G;CONSERVAR;CONSERVADO;7;"PODER JUDICIAL: CAS N° 042 - CÓDIGO 02550: Coordinador/a de Causa/Audiencia";https://empleosperuhoy.blogspot.com/2026/10/poder-judicial-cas-n-042-codigo-02550_7.html;"fecha de cierre pasada (2026-09-30)"
2224570452854603698;G;CONSERVAR;CONSERVADO;7;"PERÚ COMPRAS: CAS N° 009 - COD 07: TÉCNICO EN SOPORTE INFORMÁTICO";https://empleosperuhoy.blogspot.com/2026/10/oportunidad-laboral-cas-009-cod-tecnico-soporte-informatico-peru-compr.html;"fecha de cierre pasada (2026-09-30)"
2270113527052476291;G;CONSERVAR;CONSERVADO;7;"PODER JUDICIAL: CAS N° 033 - CÓDIGO 02660: SECRETARIO/A JUDICIAL";https://empleosperuhoy.blogspot.com/2026/10/poder-judicial-cas-n-033-codigo-02660_0.html;"fecha de cierre pasada (2026-10-01)"
2292918530871729961;G;CONSERVAR;CONSERVADO;7;"SUNASS: ESPECIALISTA EN ANÁLISIS DE DATOS E INNOVACIÓN";https://empleosperuhoy.blogspot.com/2026/10/sunass-especialista-en-analisis-de_4.html;"fecha de cierre pasada (2026-10-02)"
2312594044448214205;G;CONSERVAR;CONSERVADO;7;"MINISTERIO DE LA MUJER (MIMP): N° 071-2026: Practicante para la Dirección de Protección Especial - UPE Amazonas";https://empleosperuhoy.blogspot.com/2026/10/oportunidad-laboral-practicas-ministerio-mujer-mimp-secretariado-ff5c.html;"fecha de cierre pasada (2026-10-01)"
232745440469548512;G;CONSERVAR;CONSERVADO;7;"MUNICIPALIDAD DE PUEBLO LIBRE: Nutricionista";https://empleosperuhoy.blogspot.com/2026/10/municipalidad-de-pueblo-libre_62.html;"fecha de cierre pasada (2026-10-01)"
2337816306594641834;G;CONSERVAR;CONSERVADO;7;"PODER JUDICIAL: CAS N° 068 - CÓDIGO 01128: ESPECIALISTA JUDICIAL DE JUZGADO";https://empleosperuhoy.blogspot.com/2026/10/poder-judicial-cas-n-068-codigo-01128_8.html;"fecha de cierre pasada (2026-10-02)"
2338314164794436003;G;CONSERVAR;CONSERVADO;7;"MUNICIPALIDAD DE YAULI - HUANCAVELICA: SECRETARIA";https://empleosperuhoy.blogspot.com/2026/10/oportunidad-laboral-cas-003-secretaria-municipalidad-yauli-huancavelic.html;"fecha de cierre pasada (2026-10-01)"
2375232831351086961;G;CONSERVAR;CONSERVADO;7;"DIRECCIÓN DE AGRICULTURA HUÁNUCO: 276 N° 003: TECNICO ADMINISTRATIVO III";https://empleosperuhoy.blogspot.com/2026/10/direccion-de-agricultura-huanuco-276-n_87.html;"fecha de cierre pasada (2026-10-02)"
238408448659552289;G;CONSERVAR;CONSERVADO;7;"Practicante del Grupo Funcional de Gestión Ambiental";https://empleosperuhoy.blogspot.com/2026/09/practicante-del-grupo-funcional-de.html;"fecha de cierre pasada (2026-09-30)"
2387631294091204101;G;CONSERVAR;CONSERVADO;7;"Nº 071 - 2026 Practicante para la Dirección de Evaluación Ambiental";https://empleosperuhoy.blogspot.com/2026/09/practicante-para-la-direccion-de.html;"fecha de cierre pasada (2026-09-28)"
2396901501933501373;G;CONSERVAR;CONSERVADO;7;"HOSPITAL REGIONAL DE MOQUEGUA: 276 N° 003-2026: ENFERMERA - SERV. DE ENFERMERÍA DE HOSPITALIZACIÓN-PEDIATRÍA";https://empleosperuhoy.blogspot.com/2026/10/hospital-regional-de-moquegua-276-n-003_7.html;"fecha de cierre pasada (2026-10-01)"
2411230190279122699;G;CONSERVAR;CONSERVADO;7;"PROCURADURÍA DEL ESTADO: PROCURADOR PÚBLICO ADJUNTO DEL MINISTERIO DE LA MUJER Y POBLACIONES VULNERABLES";https://empleosperuhoy.blogspot.com/2026/10/procuraduria-del-estado-procurador_85.html;"fecha de cierre pasada (2026-09-30)"
2420841753143781006;G;CONSERVAR;CONSERVADO;7;"GOBIERNO REGIONAL CUSCO: 276 N° 003-2026: PERIODISTA IV";https://empleosperuhoy.blogspot.com/2026/10/gobierno-regional-cusco-276-n-003-2026_14.html;"fecha de cierre pasada (2026-10-02)"
2436620982506639532;G;CONSERVAR;CONSERVADO;7;"MUNICIPALIDAD DE PUEBLO LIBRE: Auxiliar Coactivo";https://empleosperuhoy.blogspot.com/2026/10/municipalidad-de-pueblo-libre-auxiliar_6.html;"fecha de cierre pasada (2026-10-01)"
2479819908874764755;G;CONSERVAR;CONSERVADO;7;"PODER JUDICIAL: CAS N° 074 - CÓDIGO 01464: AUXILIAR JUDICIAL";https://empleosperuhoy.blogspot.com/2026/10/oportunidad-laboral-cas-074-codigo-auxiliar-judicial-poder-ancash-6319.html;"fecha de cierre pasada (2026-10-02)"
2500869327036211406;G;CONSERVAR;CONSERVADO;7;"DIRECCIÓN DE AGRICULTURA HUÁNUCO: 276 N° 003: INGENIERO IV";https://empleosperuhoy.blogspot.com/2026/10/oportunidad-laboral-276-003-ingeniero-direccion-agricultura-huanuco-63.html;"fecha de cierre pasada (2026-10-02)"
2531643980008101502;G;CONSERVAR;CONSERVADO;7;"Nº 073 - 2026 Practicante para la Dirección de Evaluación Ambiental";https://empleosperuhoy.blogspot.com/2026/09/n-073-2026-practicante-para-la.html;"fecha de cierre pasada (2026-09-28)"
2536348521219350723;G;CONSERVAR;CONSERVADO;7;"TRIBUNAL CONSTITUCIONAL(TC): CAP N° 009-2026: TÉCNICO ADMINISTRATIVO II";https://empleosperuhoy.blogspot.com/2026/10/oportunidad-laboral-cap-009-2026-tecnico-administrativo-tribunal-const.html;"fecha de cierre pasada (2026-10-02)"
254804948712853907;G;CONSERVAR;CONSERVADO;7;"MINISTERIO DE LA MUJER(MIMP): TÉCNICO/A EN ENFERMERÍA";https://empleosperuhoy.blogspot.com/2026/10/oportunidad-laboral-cas-086-tecnico-enfermeria-ministerio-mujer-mimp-a.html;"fecha de cierre pasada (2026-10-01)"
256678225107714522;G;CONSERVAR;CONSERVADO;7;"DEVIDA: CPMA N° 003-2026: ANALISTA DE PROYECTOS DE INVERSIÓN EN INFRAESTRUCTURA DE OFICINA ZONAL";https://empleosperuhoy.blogspot.com/2026/10/oportunidad-laboral-cpma-003-2026-analista-proyectos-inversion-infraes.html;"fecha de cierre pasada (2026-08-24)"
2592634448036294370;G;CONSERVAR;CONSERVADO;7;"RED DE SALUD CARABAYA: LOC N° 024: SERVICIO DE UN INGENIERO ESTADÍSTICO";https://empleosperuhoy.blogspot.com/2026/10/oportunidad-laboral-loc-024-servicio-ingeniero-estadistico-red-salud-c.html;"fecha de cierre pasada (2026-10-02)"
2600734031554371181;G;CONSERVAR;CONSERVADO;7;"PODER JUDICIAL: CAS N° 014 - CÓDIGO 01525: ESPECIALISTA LEGAL";https://empleosperuhoy.blogspot.com/2026/10/poder-judicial-cas-n-014-codigo-01525_8.html;"fecha de cierre pasada (2026-10-02)"
2607729348903568931;G;CONSERVAR;CONSERVADO;7;"MINISTERIO DE LA MUJER(MIMP): Especialista en Planificación, Gestión y Desarrollo";https://empleosperuhoy.blogspot.com/2026/10/oportunidad-laboral-cas-156-especialista-planificacion-gestion-desarro.html;"fecha de cierre pasada (2026-10-01)"
2633406909114545971;G;CONSERVAR;CONSERVADO;7;"MINISTERIO DE LA MUJER (MIMP): N° 073-2026: Practicante para la Dirección de Protección Espec. - UPE Apurímac";https://empleosperuhoy.blogspot.com/2026/10/oportunidad-laboral-practicas-ministerio-mujer-mimp-administraci-daf8.html;"fecha de cierre pasada (2026-10-01)"
2654365348672231568;G;CONSERVAR;CONSERVADO;7;"PROCURADURÍA DEL ESTADO: PROCURADOR PÚBLICO DE LA MUNICIPALIDAD DISTRITAL DE JACOBO HUNTER - AREQUIPA - AREQUIPA";https://empleosperuhoy.blogspot.com/2026/10/oportunidad-laboral-procurador-publico-municipalidad-distrital-jacobo-.html;"fecha de cierre pasada (2026-09-30)"
2674569341348558903;G;CONSERVAR;CONSERVADO;7;"PROCURADURÍA DEL ESTADO: PROCURADOR PÚBLICO DE LA MUNICIPALIDAD DISTRITAL DE CERRO AZUL - CAÑETE - LIMA";https://empleosperuhoy.blogspot.com/2026/10/procuraduria-del-estado-procurador_141.html;"fecha de cierre pasada (2026-09-30)"
2687409743925890657;G;CONSERVAR;CONSERVADO;7;"ONP: CPMA N° 046: ESPECIALISTA DE ASESORÍA PREVISIONAL";https://empleosperuhoy.blogspot.com/2026/10/onp-cpma-n-046-especialista-de-asesoria_6.html;"fecha de cierre pasada (2026-08-25)"
2744439768830245964;G;CONSERVAR;CONSERVADO;7;"GOBIERNO REGIONAL LIBERTAD: Coordinador en Formulación y Evaluación de Proyectos III";https://empleosperuhoy.blogspot.com/2026/10/oportunidad-laboral-cas-170-2026-coordinador-formulacion-evaluacion-pr.html;"fecha de cierre pasada (2026-10-02)"
2750918454671509018;G;CONSERVAR;CONSERVADO;7;"MUNICIPALIDAD DE IPARIA: CAS N° 001 - ITEM 01: ASISTENTE ADMINISTRATIVO ESPECIALISTA EN CONTRATACIONES DEL ESTADO";https://empleosperuhoy.blogspot.com/2026/10/oportunidad-laboral-cas-001-item-asistente-administrativo-especi-c754.html;"fecha de cierre pasada (2026-10-01)"
2800854534709903276;G;CONSERVAR;CONSERVADO;7;"GOBIERNO REGIONAL LIBERTAD: Especialista en Gestión de Proyectos";https://empleosperuhoy.blogspot.com/2026/10/gobierno-regional-libertad-especialista_31.html;"fecha de cierre pasada (2026-10-02)"
2812615402534368554;G;CONSERVAR;CONSERVADO;7;"MUNICIPALIDAD DE PUEBLO LIBRE: Inspector Municipal";https://empleosperuhoy.blogspot.com/2026/10/municipalidad-de-pueblo-libre-inspector_5.html;"fecha de cierre pasada (2026-10-01)"
2814206579961342173;G;CONSERVAR;CONSERVADO;7;"RED DE SALUD AZÁNGARO: QUÍMICO FARMACÉUTICO";https://empleosperuhoy.blogspot.com/2026/10/red-de-salud-azangaro-quimico_2.html;"fecha de cierre pasada (2026-10-02)"
2818549301248486557;G;CONSERVAR;CONSERVADO;7;"ONP: CPMA N° 059: ASISTENTE DE ORIENTACIÓN";https://empleosperuhoy.blogspot.com/2026/10/oportunidad-laboral-cpma-059-asistente-orientacion-oficina-normalizaci.html;"fecha de cierre pasada (2026-08-25)"
2868075975892773083;G;CONSERVAR;CONSERVADO;7;"PROCURADURÍA DEL ESTADO: PROCURADOR PÚBLICO ADJUNTO DEL GOBIERNO REGIONAL DE LAMBAYEQUE";https://empleosperuhoy.blogspot.com/2026/10/oportunidad-laboral-procurador-publico-adjunto-del-gobierno-regional-l.html;"fecha de cierre pasada (2026-09-30)"
2872549620934107150;G;CONSERVAR;CONSERVADO;7;"PROCURADURÍA DEL ESTADO: PROCURADOR PÚBLICO DE LA MUNICIPALIDAD DISTRITAL DE ISLAY - ISLAY - AREQUIPA";https://empleosperuhoy.blogspot.com/2026/10/procuraduria-del-estado-procurador_026.html;"fecha de cierre pasada (2026-09-30)"
290370281264073831;G;CONSERVAR;CONSERVADO;7;"PODER JUDICIAL: CAS N° 021 - CÓDIGO 01525-1: ESPECIALISTA LEGAL DE DESCARGA";https://empleosperuhoy.blogspot.com/2026/10/oportunidad-laboral-cas-021-codigo-especialista-legal-descarga-p-3809.html;"fecha de cierre pasada (2026-09-30)"
2927178531758558239;G;CONSERVAR;CONSERVADO;7;"PROCURADURÍA DEL ESTADO: PROCURADOR PÚBLICO DE LA MUNICIPALIDAD PROVINCIAL DE SAN PABLO - CAJAMARCA";https://empleosperuhoy.blogspot.com/2026/10/procuraduria-del-estado-procurador_066.html;"fecha de cierre pasada (2026-09-30)"
2934666654914985201;G;CONSERVAR;CONSERVADO;7;"Practicante para la Unidad Registral de la zona Registral Nº IV - Sede Iquitos - SUNARP";https://empleosperuhoy.blogspot.com/2026/09/practicante-para-la-unidad-registral-de.html;"fecha de cierre pasada (2026-09-28)"
2994800360773005611;G;CONSERVAR;CONSERVADO;7;"UGEL-1: OFICINISTA";https://empleosperuhoy.blogspot.com/2026/10/ugel-1-oficinista_9.html;"fecha de cierre pasada (2026-10-02)"
3060998272451714655;G;CONSERVAR;CONSERVADO;7;"ZOFRATACNA: N° 021-2026: Practicante para la Oficina de Administración y Finanzas - Ud. de Control Patrimonial";https://empleosperuhoy.blogspot.com/2026/09/zofratacna-n-021-2026-practicante-para.html;"fecha de cierre pasada (2026-09-29)"
3085493118766925530;G;CONSERVAR;CONSERVADO;7;"RED DE SALUD JAUJA: MEDICO ESPECIALISTA EN MEDICINA FISICA Y REHABILITACIÓN";https://empleosperuhoy.blogspot.com/2026/10/oportunidad-laboral-cas-010-medico-especialista-medicina-fisica-rehabi.html;"fecha de cierre pasada (2026-10-02)"
311219317340457807;G;CONSERVAR;CONSERVADO;7;"Programa Crédito Beca SERVIR 2026";https://empleosperuhoy.blogspot.com/2026/09/programa-credito-beca-servir-2026.html;"fecha de cierre pasada (2026-09-30)"
312927862628540870;G;CONSERVAR;CONSERVADO;7;"MINISTERIO DE TRABAJO(MTPE): ESPECIALISTA EN DERECHO";https://empleosperuhoy.blogspot.com/2026/10/oportunidad-laboral-cas-122-especialista-derecho-ministerio-trabajo-mt.html;"fecha de cierre pasada (2026-10-02)"
3130970903478523155;G;CONSERVAR;CONSERVADO;7;"RED DE SALUD OTUZCO: TECNICO EN ENFERMERIA - P.S. 1-2 SINSICAP (001168)";https://empleosperuhoy.blogspot.com/2026/10/oportunidad-laboral-cas-004-tecnico-enfermeria-sinsicap-red-salud-otuz.html;"fecha de cierre pasada (2026-10-01)"
316276299906101639;G;CONSERVAR;CONSERVADO;7;"MUNICIPALIDAD DE IPARIA: CAS N° 001 - ITEM 08: COORDINADOR DE PADRON NOMINAL DESARROLLO INFANTIL TEMPRANO";https://empleosperuhoy.blogspot.com/2026/10/municipalidad-de-iparia-cas-n-001-item_832.html;"fecha de cierre pasada (2026-10-01)"
3190162405001260850;G;CONSERVAR;CONSERVADO;7;"PROCURADURÍA DEL ESTADO: PROCURADOR PÚBLICO DE LA MUNICIPALIDAD PROVINCIAL DE JULCÁN - LA LIBERTAD";https://empleosperuhoy.blogspot.com/2026/10/oportunidad-laboral-procurador-publico-municipalidad-provincial-julcan.html;"fecha de cierre pasada (2026-09-30)"
323243571806312853;G;CONSERVAR;CONSERVADO;7;"PROCURADURÍA DEL ESTADO: PROCURADOR PÚBLICO DE LA MUNICIPALIDAD DISTRITAL DE MAJES - CAYLLOMA - AREQUIPA";https://empleosperuhoy.blogspot.com/2026/10/procuraduria-del-estado-procurador_31.html;"fecha de cierre pasada (2026-09-30)"
328399790639891350;G;CONSERVAR;CONSERVADO;7;"GERENCIA DE SALUD LA LIBERTAD: TÉCNICO EN LABORATORIO";https://empleosperuhoy.blogspot.com/2026/10/gerencia-de-salud-la-libertad-tecnico_1.html;"fecha de cierre pasada (2026-10-01)"
329402202281452376;G;CONSERVAR;CONSERVADO;7;"MINISTERIO DE LA MUJER(MIMP): TRABAJADOR/A SOCIAL (SUPLENCIA)";https://empleosperuhoy.blogspot.com/2026/10/ministerio-de-la-mujermimp-trabajadora_5.html;"fecha de cierre pasada (2026-10-01)"
3307089311811298757;G;CONSERVAR;CONSERVADO;7;"UNIVERSIDAD AGRARIA LA MOLINA: 276 N° 003-2026: MECÁNICO I";https://empleosperuhoy.blogspot.com/2026/10/universidad-agraria-la-molina-276-n-003_858.html;"fecha de cierre pasada (2026-10-02)"
3328164195992073125;G;CONSERVAR;CONSERVADO;7;"SENAMHI: OPERADOR DE OBSERVACIONES METEOROLÓGICAS O HIDROLÓGICAS ESTACION PAUCARBAMBA";https://empleosperuhoy.blogspot.com/2026/10/senamhi-operador-de-observaciones_9.html;"fecha de cierre pasada (2026-10-02)"
3358102765050050454;G;CONSERVAR;CONSERVADO;7;"PROGRAMA SUBSECTORIAL IRRIGACIONES(PSI): PROFESIONAL ESPECIALISTA EN GESTION DE PROYECTOS DE RIEGO TECNIFICADO";https://empleosperuhoy.blogspot.com/2026/10/oportunidad-laboral-cas-profesional-especialista-gestion-proyectos-rie.html;"fecha de cierre pasada (2026-10-01)"
337936616210732434;G;CONSERVAR;CONSERVADO;7;"MUNICIPALIDAD DE YAULI - HUANCAVELICA: SUB GERENTE DE OBRAS PUBLICAS";https://empleosperuhoy.blogspot.com/2026/10/municipalidad-de-yauli-huancavelica-sub_7.html;"fecha de cierre pasada (2026-10-01)"
3386221165896257128;G;CONSERVAR;CONSERVADO;7;"BCRP: para Practicante de Museo - Proyect. Artísticos y Mediación Cultural";https://empleosperuhoy.blogspot.com/2026/10/bcrp-para-practicante-de-museo-proyect_1.html;"fecha de cierre pasada (2026-10-02)"
3387984983129366585;G;CONSERVAR;CONSERVADO;7;"RED DE SALUD OTUZCO: TECNICO EN ENFERMERIA - P.S. I-2 HUARANCHAL (001163)";https://empleosperuhoy.blogspot.com/2026/10/oportunidad-laboral-cas-004-tecnico-enfermeria-huaranchal-red-salud-ot.html;"fecha de cierre pasada (2026-10-01)"
3473793775227970738;G;CONSERVAR;CONSERVADO;7;"MUNICIPALIDAD DE IPARIA: CAS N° 001 - ITEM 25: ASISTENTE ADMINISTRATIVO EN LA UNIDAD DE TESORERIA";https://empleosperuhoy.blogspot.com/2026/10/municipalidad-de-iparia-cas-n-001-item_038.html;"fecha de cierre pasada (2026-10-01)"
34763795773178188;G;CONSERVAR;CONSERVADO;7;"GOBIERNO REGIONAL LIBERTAD: Especialista en Formulación y Evaluación II";https://empleosperuhoy.blogspot.com/2026/10/oportunidad-laboral-cas-172-2026-especialista-formulacion-evaluacion-g.html;"fecha de cierre pasada (2026-10-02)"
3522165200179299402;G;CONSERVAR;CONSERVADO;7;"N° 030-2026: Practicante para el Gabinete de Asesores del Despacho Ministerial - MINISTERIO DE TRABAJO (MTPE)";https://empleosperuhoy.blogspot.com/2026/09/n-030-2026-practicante-para-el-gabinete.html;"fecha de cierre pasada (2026-09-29)"
3577323264548536116;G;CONSERVAR;CONSERVADO;7;"SUPERINTENDENCIA MERCADO VALORES(SMV): CPMT N° 003: ANALISTA DE BIENESTAR";https://empleosperuhoy.blogspot.com/2026/10/superintendencia-mercado-valoressmv_5.html;"fecha de cierre pasada (2026-09-22)"
3600414466972345924;G;CONSERVAR;CONSERVADO;7;"Practicante en la Gerencia General - ELECTRO PUNO";https://empleosperuhoy.blogspot.com/2026/09/practicante-en-la-gerencia-general.html;"fecha de cierre pasada (2026-09-29)"
3669991944652251963;G;CONSERVAR;CONSERVADO;7;"PROCURADURÍA DEL ESTADO: PROCURADOR PÚBLICO DE LA MUNICIPALIDAD DISTRITAL DE MOROCOCHA - YAULI - JUNÍN";https://empleosperuhoy.blogspot.com/2026/10/procuraduria-del-estado-procurador_89.html;"fecha de cierre pasada (2026-09-30)"
375538011138957913;G;CONSERVAR;CONSERVADO;7;"SUPERINTENDENCIA DE BANCA, SEGUROS Y AFP: para Practicante Profesional de Apoyo de labores de Auditoría y Control Gubernamental";https://empleosperuhoy.blogspot.com/2026/10/oportunidad-laboral-practicas-superintendencia-banca-seguros-afp-conta.html;"fecha de cierre pasada (2026-10-02)"
3773847982317909958;G;CONSERVAR;CONSERVADO;7;"MINISTERIO DE LA MUJER(MIMP): COORDINADOR/A DE GESTIÓN DE SERVICIO DE LA DPE";https://empleosperuhoy.blogspot.com/2026/10/ministerio-de-la-mujermimp-coordinadora_8.html;"fecha de cierre pasada (2026-10-01)"
378677744947565887;G;CONSERVAR;CONSERVADO;7;"PROCURADURÍA DEL ESTADO: PROCURADOR PÚBLICO DE LA MUNICIPALIDAD DISTRITAL DE PUCARÁ - HUANCAYO - JUNÍN";https://empleosperuhoy.blogspot.com/2026/10/oportunidad-laboral-procurador-publico-municipalidad-distrital-pucara-.html;"fecha de cierre pasada (2026-09-30)"
3842924122361267209;G;CONSERVAR;CONSERVADO;7;"MINISTERIO DE JUSTICIA(MINJUS): Especialista Legal II.";https://empleosperuhoy.blogspot.com/2026/10/oportunidad-laboral-cas-208-especialista-legal-ministerio-justicia-min.html;"fecha de cierre pasada (2026-10-01)"
3890610563730250558;G;CONSERVAR;CONSERVADO;7;"PODER JUDICIAL: CAS N° 066 - CÓDIGO 03523-2: AUXILIAR DE CONTROL Y VIGILANCIA";https://empleosperuhoy.blogspot.com/2026/10/poder-judicial-cas-n-066-codigo-03523-2_5.html;"fecha de cierre pasada (2026-10-01)"
3893587979188672507;G;CONSERVAR;CONSERVADO;7;"GERENCIA EDUCACIÓN(GRE) AREQUIPA: ABOGADO -ESPECIALISTA EN QUEJAS Y DENUNCIAS";https://empleosperuhoy.blogspot.com/2026/10/gerencia-educaciongre-arequipa-abogado_1.html;"fecha de cierre pasada (2026-10-01)"
3894220150731240956;G;CONSERVAR;CONSERVADO;7;"MUNICIPALIDAD JORGE BASADRE: 276 N° 0478-2026: PROYECTISTA III";https://empleosperuhoy.blogspot.com/2026/10/municipalidad-jorge-basadre-276-n-0478.html;"fecha de cierre pasada (2026-10-02) | duplicados conservados: 1"
3916518124434903987;G;CONSERVAR;CONSERVADO;7;"GOBIERNO REGIONAL LIBERTAD: Asistente en Proyectos de Inversión";https://empleosperuhoy.blogspot.com/2026/10/oportunidad-laboral-cas-169-2026-asistente-proyectos-inversion-gobiern.html;"fecha de cierre pasada (2026-10-02)"
3936778080347571225;G;CONSERVAR;CONSERVADO;7;"SENAMHI: CHOFER";https://empleosperuhoy.blogspot.com/2026/10/senamhi-chofer_5.html;"fecha de cierre pasada (2026-10-02)"
39389764531201649;G;CONSERVAR;CONSERVADO;7;"MUNICIPALIDAD DE YAULI - HUANCAVELICA: ASITENTE ADMINISTRATIVO";https://empleosperuhoy.blogspot.com/2026/10/oportunidad-laboral-cas-003-asitente-administrativo-municipalidad-yaul.html;"fecha de cierre pasada (2026-10-01)"
3940136728115305352;G;CONSERVAR;CONSERVADO;7;"MINISTERIO DE LA MUJER(MIMP): ANALISTA LEGAL EN ACREDITACIÓN Y SUPERVISIÓN";https://empleosperuhoy.blogspot.com/2026/10/ministerio-de-la-mujermimp-analista_1.html;"fecha de cierre pasada (2026-10-01)"
3943677384970815591;G;CONSERVAR;CONSERVADO;7;"RED DE SALUD PUERTO INCA: N° 003-2026: Practicante para la Microred de Puerto";https://empleosperuhoy.blogspot.com/2026/10/red-de-salud-puerto-inca-n-003-2026_5.html;"fecha de cierre pasada (2026-10-01)"
3945076261490873453;G;CONSERVAR;CONSERVADO;7;"PRONIED: ESPECIALISTA III EN GESTION PUBLICA";https://empleosperuhoy.blogspot.com/2026/10/oportunidad-laboral-cas-022-especialista-iii-gestion-publica-pronied-l.html;"fecha de cierre pasada (2026-09-30)"
395291871126578709;G;CONSERVAR;CONSERVADO;7;"PROCURADURÍA DEL ESTADO: PROCURADOR PÚBLICO DE LA MUNICIPALIDAD DISTRITAL DE LAS PIEDRAS - TAMBOPATA - MADRE DE DIOS";https://empleosperuhoy.blogspot.com/2026/10/procuraduria-del-estado-procurador_82.html;"fecha de cierre pasada (2026-09-30)"
3966365504838784895;G;CONSERVAR;CONSERVADO;7;"ONPE: ORIENTADOR CONV - ODPE CHANCHAMAYO";https://empleosperuhoy.blogspot.com/2026/10/oportunidad-laboral-orientador-conv-odpe-chanchamayo-onpe-junin-629416.html;"fecha de cierre pasada (2026-09-30)"
3969854300813352046;G;CONSERVAR;CONSERVADO;7;"MINISTERIO DE JUSTICIA(MINJUS): Especialista Legal";https://empleosperuhoy.blogspot.com/2026/10/ministerio-de-justiciaminjus_67.html;"fecha de cierre pasada (2026-10-01)"
3987233801294122527;G;CONSERVAR;CONSERVADO;7;"MINISTERIO DE JUSTICIA(MINJUS): Especialista en Gestión del Empleo y Compensación.";https://empleosperuhoy.blogspot.com/2026/10/oportunidad-laboral-cas-216-especialista-gestion-del-empleo-compensaci.html;"fecha de cierre pasada (2026-10-01)"
3987775027250605296;G;CONSERVAR;CONSERVADO;7;"MINISTERIO DE LA MUJER(MIMP): ANALISTA PSICOLÓGICO/A PARA LA ATENCIÓN, PREVENCIÓN DE LA TRATA DE PERSONAS";https://empleosperuhoy.blogspot.com/2026/10/oportunidad-laboral-cas-135-analista-psicologico-atencion-prevencion-t.html;"fecha de cierre pasada (2026-10-01)"
3991746939156146705;G;CONSERVAR;CONSERVADO;7;"UGEL 6: ESPECIALISTA EN LOGISTICA";https://empleosperuhoy.blogspot.com/2026/10/ugel-6-especialista-en-logistica_2.html;"fecha de cierre pasada (2026-10-02)"
3991881435795450077;G;CONSERVAR;CONSERVADO;7;"PERÚ COMPRAS: CAS N° 010 - COD 01: EJECUTIVO/A DE MODALIDADES EFICIENTES";https://empleosperuhoy.blogspot.com/2026/10/peru-compras-cas-n-010-cod-01_9.html;"fecha de cierre pasada (2026-09-30)"
4016503477312953222;G;CONSERVAR;CONSERVADO;7;"MINISTERIO DE JUSTICIA(MINJUS): Analista Legal III";https://empleosperuhoy.blogspot.com/2026/10/oportunidad-laboral-cas-211-analista-legal-iii-ministerio-justicia-min.html;"fecha de cierre pasada (2026-10-01)"
4016918418136054018;G;CONSERVAR;CONSERVADO;7;"SINEACE: COORDINADOR LEGAL";https://empleosperuhoy.blogspot.com/2026/10/oportunidad-laboral-cas-032-coordinador-legal-sineace-lima-633076.html;"fecha de cierre pasada (2026-09-30)"
40195735403677805;G;CONSERVAR;CONSERVADO;7;"PLAN MERISS: 728 N° 006 - ITEM 15: Especialista en Geotecnia";https://empleosperuhoy.blogspot.com/2026/10/oportunidad-laboral-728-006-item-especialista-geotecnia-plan-meriss-cu.html;"fecha de cierre pasada (2026-10-02)"
401991674017894235;G;CONSERVAR;CONSERVADO;7;"RED DE SALUD CARABAYA: LOC N° 024: TÉCNICO BIOMÉDICO";https://empleosperuhoy.blogspot.com/2026/10/red-de-salud-carabaya-loc-n-024-tecnico_2.html;"fecha de cierre pasada (2026-10-02)"
4020727286226312192;G;CONSERVAR;CONSERVADO;7;"UICET: COORDINADOR EN CONTROL PREVIO";https://empleosperuhoy.blogspot.com/2026/10/uicet-coordinador-en-control-previo_3.html;"fecha de cierre pasada (2026-09-30)"
4024200807097638371;G;CONSERVAR;CONSERVADO;7;"UGEL CONTUMAZÁ: RELACIONISTA PÚBLICO I";https://empleosperuhoy.blogspot.com/2026/10/ugel-contumaza-relacionista-publico-i_3.html;"fecha de cierre pasada (2026-10-02)"
4028760617606536985;G;CONSERVAR;CONSERVADO;7;"SINEACE: ASISTENTE ADMINISTRATIVO";https://empleosperuhoy.blogspot.com/2026/10/sineace-asistente-administrativo_0.html;"fecha de cierre pasada (2026-09-30)"
40288517851620227;G;CONSERVAR;CONSERVADO;7;"RED DE SALUD CARABAYA: LOC N° 024: TECNICO EN ENFERMERIA";https://empleosperuhoy.blogspot.com/2026/10/red-de-salud-carabaya-loc-n-024-tecnico_6.html;"fecha de cierre pasada (2026-10-02)"
4046788635424332413;G;CONSERVAR;CONSERVADO;7;"PROMPERÚ: ESPECIALISTA EN PRODUCTOS DE AGRONEGOCIOS II";https://empleosperuhoy.blogspot.com/2026/10/oportunidad-laboral-cas-064-especialista-productos-agronegocios-prompe.html;"fecha de cierre pasada (2026-10-02)"
4049171134696526476;G;CONSERVAR;CONSERVADO;7;"PODER JUDICIAL: CAS N° 015 - CÓDIGO 01525-10: Especialista legal";https://empleosperuhoy.blogspot.com/2026/10/poder-judicial-cas-n-015-codigo-01525_3.html;"fecha de cierre pasada (2026-10-01)"
4049624671389590223;G;CONSERVAR;CONSERVADO;7;"MINISTERIO DE LA MUJER(MIMP): ANALISTA EN INFRAESTRUCTURA PARA SUPERVISIÓN Y ACREDITACIÓN";https://empleosperuhoy.blogspot.com/2026/10/oportunidad-laboral-cas-132-analista-infraestructura-supervision-acred.html;"fecha de cierre pasada (2026-10-01)"
4062613371522260724;G;CONSERVAR;CONSERVADO;7;"DEFENSORÍA DEL PUEBLO: Analista en Psicología";https://empleosperuhoy.blogspot.com/2026/10/oportunidad-laboral-cas-193-analista-psicologia-defensoria-del-pueblo-.html;"fecha de cierre pasada (2026-09-30)"
4066735981877138995;G;CONSERVAR;CONSERVADO;7;"MINISTERIO DE LA MUJER(MIMP): ECONOMISTA";https://empleosperuhoy.blogspot.com/2026/10/oportunidad-laboral-cas-126-economista-ministerio-mujer-mimp-lima-6298.html;"fecha de cierre pasada (2026-10-01)"
4117144637478312477;G;CONSERVAR;CONSERVADO;7;"OEFA: AUXILIAR ADMINISTRATIVO/A";https://empleosperuhoy.blogspot.com/2026/10/oefa-auxiliar-administrativoa_8.html;"fecha de cierre pasada (2026-10-02)"
4121252029742938818;G;CONSERVAR;CONSERVADO;7;"MINISTERIO DE JUSTICIA(MINJUS): Especialista I en Políticas Públicas";https://empleosperuhoy.blogspot.com/2026/10/oportunidad-laboral-cas-214-especialista-politicas-publicas-ministerio.html;"fecha de cierre pasada (2026-10-01)"
4145675909955660600;G;CONSERVAR;CONSERVADO;7;"HOSPITAL SANTA ROSA PUERTO MALDONADO: Oncología medica";https://empleosperuhoy.blogspot.com/2026/10/oportunidad-laboral-cas-003-oncologia-medica-hospital-santa-rosa-puert.html;"fecha de cierre pasada (2026-10-02)"
4149302094755007973;G;CONSERVAR;CONSERVADO;7;"HOSPITAL SAN JUAN DE DIOS DE PISCO: CAS N° 002 - ITEM 07: TECNICO EN SALUD AMBIENTAL I";https://empleosperuhoy.blogspot.com/2026/10/oportunidad-laboral-cas-002-item-tecnico-salud-ambiental-hospital-san-.html;"fecha de cierre pasada (2026-10-01)"
4152158296288544147;G;CONSERVAR;CONSERVADO;7;"UGEL 6: ESPECIALISTA DE PLANEAMIENTO";https://empleosperuhoy.blogspot.com/2026/10/oportunidad-laboral-cas-073-especialista-planeamiento-ugel-lima-630473.html;"fecha de cierre pasada (2026-10-02)"
4158360235431047479;G;CONSERVAR;CONSERVADO;7;"PODER JUDICIAL: CAS N° 028 - CÓDIGO 01128: ESPECIALISTA JUDICIAL DE JUZGADO";https://empleosperuhoy.blogspot.com/2026/10/oportunidad-laboral-cas-028-codigo-especialista-judicial-juzgado-poder.html;"fecha de cierre pasada (2026-10-02)"
4166954852303583969;G;CONSERVAR;CONSERVADO;7;"MINISTERIO DE EDUCACIÓN(MINEDU): COORDINADOR";https://empleosperuhoy.blogspot.com/2026/10/ministerio-de-educacionminedu_20.html;"fecha de cierre pasada (2026-10-02)"
4170107701938867687;G;CONSERVAR;CONSERVADO;7;"HOSPITAL REGIONAL DE MOQUEGUA: 276 N° 003-2026: TÉCNICO ASISTENCIAL - SERVICIOS GENERALES – LAVANDERÍA";https://empleosperuhoy.blogspot.com/2026/10/hospital-regional-de-moquegua-276-n-003_79.html;"fecha de cierre pasada (2026-10-01)"
4174357450742355444;G;CONSERVAR;CONSERVADO;7;"TRIBUNAL CONSTITUCIONAL(TC): CAP N° 004-2026: ASESOR/A JURISDICCIONAL I";https://empleosperuhoy.blogspot.com/2026/10/tribunal-constitucionaltc-cap-n-004_9.html;"fecha de cierre pasada (2026-10-02)"
4174702334710224003;G;CONSERVAR;CONSERVADO;7;"RED DE SALUD AZÁNGARO: PSICOLOGO(A)";https://empleosperuhoy.blogspot.com/2026/10/red-de-salud-azangaro-psicologoa_4.html;"fecha de cierre pasada (2026-10-02)"
4175608180273088872;G;CONSERVAR;CONSERVADO;7;"GERENCIA DE SALUD LA LIBERTAD: CHOFER";https://empleosperuhoy.blogspot.com/2026/10/oportunidad-laboral-cas-003-2026-chofer-gerencia-salud-libertad-630987.html;"fecha de cierre pasada (2026-10-01)"
4178329239585320531;G;CONSERVAR;CONSERVADO;7;"GOBIERNO REGIONAL CUSCO: 276 N° 003-2026: ESPECIALISTA ADMINISTRATIVO III";https://empleosperuhoy.blogspot.com/2026/10/gobierno-regional-cusco-276-n-003-2026_89.html;"fecha de cierre pasada (2026-10-02)"
4180634926021611493;G;CONSERVAR;CONSERVADO;7;"GERENCIA EDUCACIÓN(GRE) AREQUIPA: ABOGADO ESPECIALISTA - ASESORIA JURIDICА";https://empleosperuhoy.blogspot.com/2026/10/gerencia-educaciongre-arequipa-abogado_5.html;"fecha de cierre pasada (2026-10-01)"
4185609321706859786;G;CONSERVAR;CONSERVADO;7;"MUNICIPALIDAD DE YAULI - HUANCAVELICA: RESPONSABLE DE SISFOH";https://empleosperuhoy.blogspot.com/2026/10/oportunidad-laboral-cas-003-responsable-sisfoh-municipalidad-yauli-hua.html;"fecha de cierre pasada (2026-10-01)"
4185942656244955672;G;CONSERVAR;CONSERVADO;7;"SINEACE: ASISTENTE ADMINISTRATIVA";https://empleosperuhoy.blogspot.com/2026/10/sineace-asistente-administrativa_3.html;"fecha de cierre pasada (2026-09-30)"
4187305192998362204;G;CONSERVAR;CONSERVADO;7;"RED DE SALUD CARABAYA: LOC N° 024: SERVICIO ESPECIALIZADO EN PSICOLOGÍA";https://empleosperuhoy.blogspot.com/2026/10/oportunidad-laboral-loc-024-servicio-especializado-psicologia-red-salu.html;"fecha de cierre pasada (2026-10-02)"
419548423183947181;G;CONSERVAR;CONSERVADO;7;"MUNICIPALIDAD DE PUEBLO LIBRE: Auxiliar en Archivo";https://empleosperuhoy.blogspot.com/2026/10/oportunidad-laboral-cas-018-2026-auxiliar-archivo-municipalidad-pueblo.html;"fecha de cierre pasada (2026-10-01)"
4198828078988841433;G;CONSERVAR;CONSERVADO;7;"COLEGIO MILITAR PEDRO RUIZ GALLO: 276 N° 004: Artesano I";https://empleosperuhoy.blogspot.com/2026/10/colegio-militar-pedro-ruiz-gallo-276-n_7.html;"fecha de cierre pasada (2026-10-02)"
4216739007146244118;G;CONSERVAR;CONSERVADO;7;"MUNICIPALIDAD DE PUEBLO LIBRE: SERENO GIR";https://empleosperuhoy.blogspot.com/2026/10/oportunidad-laboral-cas-019-sereno-gir-municipalidad-pueblo-libre-lima.html;"fecha de cierre pasada (2026-10-01)"
4220567295830188677;G;CONSERVAR;CONSERVADO;7;"OEFA: ECONOMISTA";https://empleosperuhoy.blogspot.com/2026/10/oportunidad-laboral-cas-132-economista-oefa-lima-630197.html;"fecha de cierre pasada (2026-10-02)"
4221783472377976068;G;CONSERVAR;CONSERVADO;7;"MUNICIPALIDAD DE IPARIA: CAS N° 001 - ITEM 04: RECAUDADOR EN LA UNIDAD DE TESORERIA";https://empleosperuhoy.blogspot.com/2026/10/oportunidad-laboral-cas-001-item-recaudador-unidad-tesoreria-municipal.html;"fecha de cierre pasada (2026-10-01)"
4236381016471098632;G;CONSERVAR;CONSERVADO;7;"MINISTERIO DE LA MUJER(MIMP): TRABAJADOR/A SOCIAL";https://empleosperuhoy.blogspot.com/2026/10/ministerio-de-la-mujermimp-trabajadora_41.html;"fecha de cierre pasada (2026-10-01)"
4237080816275533254;G;CONSERVAR;CONSERVADO;7;"SIS: AUXILIAR DE ARCHIVO";https://empleosperuhoy.blogspot.com/2026/10/oportunidad-laboral-cas-115-auxiliar-archivo-sis-ancash-630746.html;"fecha de cierre pasada (2026-10-01)"
4247956193704974221;G;CONSERVAR;CONSERVADO;7;"GOBIERNO REGIONAL LIBERTAD: Analista en Ingeniería";https://empleosperuhoy.blogspot.com/2026/10/gobierno-regional-libertad-analista-en_70.html;"fecha de cierre pasada (2026-10-02)"
4253938045132562831;G;CONSERVAR;CONSERVADO;7;"MINISTERIO DE LA MUJER(MIMP): ASISTENTE EN SEGUIMIENTO Y MONITOREO DE LA DIRECCIÓN DE PROTECCIÓN ESPECIAL";https://empleosperuhoy.blogspot.com/2026/10/oportunidad-laboral-cas-082-asistente-seguimiento-monitoreo-direccion-.html;"fecha de cierre pasada (2026-10-01)"
4254981469442497824;G;CONSERVAR;CONSERVADO;7;"COPESCO CUSCO: DL 728 N° 032: ASISTENTE TECNICO DE OBRA II";https://empleosperuhoy.blogspot.com/2026/10/oportunidad-laboral-728-032-asistente-tecnico-obra-copesco-cusco-63359.html;"fecha de cierre pasada (2026-10-02)"
4256022648293431845;G;CONSERVAR;CONSERVADO;7;"PERÚ COMPRAS: CAS N° 009 - COD 06: ESPECIALISTA EN DESARROLLO DE SISTEMAS";https://empleosperuhoy.blogspot.com/2026/10/peru-compras-cas-n-009-cod-06_6.html;"fecha de cierre pasada (2026-09-30)"
4258164171405387399;G;CONSERVAR;CONSERVADO;7;"HOSPITAL REGIONAL DE MOQUEGUA: 276 N° 003-2026: TÉCNICO EN ENFERMERÍA I – CENTRO QUIRÚRGICO";https://empleosperuhoy.blogspot.com/2026/10/oportunidad-laboral-276-003-2026-tecnico-enfermeria-centro-quirurgico-.html;"fecha de cierre pasada (2026-10-01)"
4277053216898672891;G;CONSERVAR;CONSERVADO;7;"UNIVERSIDAD AGRARIA LA MOLINA: 276 N° 003-2026: TÉCNICO ADMINISTRATIVO III";https://empleosperuhoy.blogspot.com/2026/10/universidad-agraria-la-molina-276-n-003_28.html;"fecha de cierre pasada (2026-10-02)"
4278360102730511898;G;CONSERVAR;CONSERVADO;7;"UGEL-1: ESPECIALISTA EN PLANIFICACIÓN DE GESTIÓN PEDAGÓGICA";https://empleosperuhoy.blogspot.com/2026/10/oportunidad-laboral-cas-078-especialista-planificacion-gestion-pedagog.html;"fecha de cierre pasada (2026-09-30)"
4280548743927464;G;CONSERVAR;CONSERVADO;7;"MINISTERIO DE JUSTICIA(MINJUS): Asistente I.";https://empleosperuhoy.blogspot.com/2026/10/ministerio-de-justiciaminjus-asistente-i_4.html;"fecha de cierre pasada (2026-10-01)"
4289380238403124226;G;CONSERVAR;CONSERVADO;7;"GOBIERNO REGIONAL CUSCO: 276 N° 003-2026: AUDITOR III";https://empleosperuhoy.blogspot.com/2026/10/gobierno-regional-cusco-276-n-003-2026_47.html;"fecha de cierre pasada (2026-10-02)"
4309885882638717738;G;CONSERVAR;CONSERVADO;7;"PODER JUDICIAL: CAS N° 029 - CÓDIGO 01889: ESPECIALISTA JUDICIAL";https://empleosperuhoy.blogspot.com/2026/10/poder-judicial-cas-n-029-codigo-01889_7.html;"fecha de cierre pasada (2026-09-30)"
4311436734932341890;G;CONSERVAR;CONSERVADO;7;"PODER JUDICIAL: CAS N° 029 - CÓDIGO 01128: ESPECIALISTA JUDICIAL DE JUZGADO";https://empleosperuhoy.blogspot.com/2026/10/oportunidad-laboral-cas-029-codigo-especialista-judicial-juzgado-poder.html;"fecha de cierre pasada (2026-09-30)"
4313221778497500053;G;CONSERVAR;CONSERVADO;7;"HOSPITAL REGIONAL DE MOQUEGUA: 276 N° 003-2026: TÉCNICO EN ENFERMERÍA I – HOSPITALIZACIÓN SALUD MENTAL";https://empleosperuhoy.blogspot.com/2026/10/oportunidad-laboral-276-003-2026-tecnico-enfermeria-hospitalizacion-sa.html;"fecha de cierre pasada (2026-10-01)"
4317286628398326885;G;CONSERVAR;CONSERVADO;7;"GOBIERNO REGIONAL CUSCO: 276 N° 003-2026: ESPECIALISTA EN CAPACITACION IV";https://empleosperuhoy.blogspot.com/2026/10/oportunidad-laboral-276-003-2026-especialista-capacitacion-gobierno-re.html;"fecha de cierre pasada (2026-10-02)"
4319684143318382699;G;CONSERVAR;CONSERVADO;7;"UNIVERSIDAD AGRARIA LA MOLINA: 276 N° 003-2026: SECRETARIA/O III";https://empleosperuhoy.blogspot.com/2026/10/oportunidad-laboral-276-003-2026-secretaria-iii-universidad-agra-32ed.html;"fecha de cierre pasada (2026-10-02)"
4327597435764276776;G;CONSERVAR;CONSERVADO;7;"PODER JUDICIAL: CAS N° 065- CÓDIGO 01525-7: ESPECIALISTA LEGAL";https://empleosperuhoy.blogspot.com/2026/10/poder-judicial-cas-n-065-codigo-01525-7_5.html;"fecha de cierre pasada (2026-09-30)"
4330897739858788872;G;CONSERVAR;CONSERVADO;7;"MINISTERIO DE LA MUJER(MIMP): PSICÓLOGO/A";https://empleosperuhoy.blogspot.com/2026/10/ministerio-de-la-mujermimp-psicologoa_1.html;"fecha de cierre pasada (2026-10-01)"
4337915251468550812;G;CONSERVAR;CONSERVADO;7;"ONPE: AUXILIAR DE OPERACIONES T2 - ODPE HUAYTARA";https://empleosperuhoy.blogspot.com/2026/10/onpe-auxiliar-de-operaciones-t2-odpe_7.html;"fecha de cierre pasada (2026-10-03)"
4338817646968102948;G;CONSERVAR;CONSERVADO;7;"HOSPITAL SANTA ROSA PUERTO MALDONADO: Enfermero/a";https://empleosperuhoy.blogspot.com/2026/10/oportunidad-laboral-cas-003-enfermero-hospital-santa-rosa-puerto-maldo.html;"fecha de cierre pasada (2026-10-02)"
4349879695239973291;G;CONSERVAR;CONSERVADO;7;"MUNICIPALIDAD DE PUEBLO LIBRE: Operario de Áreas Verdes";https://empleosperuhoy.blogspot.com/2026/10/municipalidad-de-pueblo-libre-operario_27.html;"fecha de cierre pasada (2026-10-01)"
4358290897165614487;G;CONSERVAR;CONSERVADO;7;"RED DE SALUD OTUZCO: MEDICO - HOSP. II-1 HOSPITAL DE APOYO OTUZCO SAMU (001342)";https://empleosperuhoy.blogspot.com/2026/10/red-de-salud-otuzco-medico-hosp-ii-1_4.html;"fecha de cierre pasada (2026-10-01)"
4359929121735633379;G;CONSERVAR;CONSERVADO;7;"INABIF: AUXILIAR ADMINISTRATIVO";https://empleosperuhoy.blogspot.com/2026/10/oportunidad-laboral-cas-329-auxiliar-administrativo-inabif-lima-629885.html;"fecha de cierre pasada (2026-09-30)"
4360647409469092856;G;CONSERVAR;CONSERVADO;7;"MINISTERIO DE LA MUJER(MIMP): AUXILIAR ADMINISTRATIVO";https://empleosperuhoy.blogspot.com/2026/10/ministerio-de-la-mujermimp-auxiliar_1.html;"fecha de cierre pasada (2026-10-01)"
4367061741479519087;G;CONSERVAR;CONSERVADO;7;"SIS: PROFESIONAL DE SUPERVISION PRESTACIONAL";https://empleosperuhoy.blogspot.com/2026/10/oportunidad-laboral-cas-118-profesional-supervision-prestacional-sis-a.html;"fecha de cierre pasada (2026-10-01)"
4375302606840020240;G;CONSERVAR;CONSERVADO;7;"UGEL MARISCAL NIETO: PERSONAL DE MANTENIMIENTO Y VIGILANCIA";https://empleosperuhoy.blogspot.com/2026/10/oportunidad-laboral-cas-010-personal-mantenimiento-vigilancia-ugel-mar.html;"fecha de cierre pasada (2026-10-01)"
4377904731425570073;G;CONSERVAR;CONSERVADO;7;"PLAN MERISS: 728 N° 006 - ITEM 02: Especialista en Agronomía";https://empleosperuhoy.blogspot.com/2026/10/plan-meriss-728-n-006-item-02_8.html;"fecha de cierre pasada (2026-10-02)"
4379573252081236010;G;CONSERVAR;CONSERVADO;7;"SUNASS: ESPECIALISTA EN FISCALIZACIÓN DE PRESTADORES DEL ÁMBITO RURAL";https://empleosperuhoy.blogspot.com/2026/10/sunass-especialista-en-fiscalizacion-de_1.html;"fecha de cierre pasada (2026-10-02)"
4388898329484480247;G;CONSERVAR;CONSERVADO;7;"MUNICIPALIDAD DE IPARIA: CAS N° 001 - ITEM 11: OPERADOR DE VOLQUETE DE LA SUB GERENCIA DE OBRAS Y DESARROLLO URBANO";https://empleosperuhoy.blogspot.com/2026/10/oportunidad-laboral-cas-001-item-operador-volquete-sub-gerencia-obras-.html;"fecha de cierre pasada (2026-10-01)"
4408468768131909075;G;CONSERVAR;CONSERVADO;7;"SUNASS: CHOFER";https://empleosperuhoy.blogspot.com/2026/10/oportunidad-laboral-cas-074-chofer-sunass-san-martin-630977.html;"fecha de cierre pasada (2026-10-02)"
4420385235629899143;G;CONSERVAR;CONSERVADO;7;"PODER JUDICIAL: CAS N° 090 - CÓDIGO 01128: ESPECIALISTA JUDICIAL DE JUZGADO";https://empleosperuhoy.blogspot.com/2026/10/oportunidad-laboral-cas-090-codigo-especialista-judicial-juzgado-poder.html;"fecha de cierre pasada (2026-10-01)"
4420879116638555202;G;CONSERVAR;CONSERVADO;7;"RED DE SALUD OTUZCO: OBSTETRA - P.S.I-1 PACHIN ALTO (001472)";https://empleosperuhoy.blogspot.com/2026/10/red-de-salud-otuzco-obstetra-psi-1_0.html;"fecha de cierre pasada (2026-10-01)"
4436110879111907248;G;CONSERVAR;CONSERVADO;7;"MINISTERIO DE EDUCACIÓN(MINEDU): TECNICO EN ARCHIVO";https://empleosperuhoy.blogspot.com/2026/10/ministerio-de-educacionminedu-tecnico_7.html;"fecha de cierre pasada (2026-10-02)"
4436195576728757954;G;CONSERVAR;CONSERVADO;7;"DIRECCION AGRARIA(DRA) AYACUCHO: AUXILIAR DE CAMPO (SIGLA - DCS 01)";https://empleosperuhoy.blogspot.com/2026/10/oportunidad-laboral-cas-003-auxiliar-campo-sigla-dcs-direccion-agraria.html;"fecha de cierre pasada (2026-10-01)"
4436329369844980172;G;CONSERVAR;CONSERVADO;7;"PODER JUDICIAL: CAS N° 068 - CÓDIGO 00391: APOYO EN LOS ORGANOS JURISDICCIONALES";https://empleosperuhoy.blogspot.com/2026/10/oportunidad-laboral-cas-068-codigo-apoyo-los-organos-jurisdiccionales-.html;"fecha de cierre pasada (2026-10-02)"
4437159211800820716;G;CONSERVAR;CONSERVADO;7;"RED DE SALUD HUAMALÍES: PERSONAL TÉCNICO PARA ADMISIÓN Y ARCHIVO CLÍNICO /CAJA";https://empleosperuhoy.blogspot.com/2026/10/oportunidad-laboral-cas-006-2026-personal-tecnico-admision-archivo-cli.html;"fecha de cierre pasada (2026-10-02)"
4439788009889532095;G;CONSERVAR;CONSERVADO;7;"PLAN MERISS: 728 N° 006 - ITEM 30: Licenciado/a en Enfermería / Enfermera Ocupacional";https://empleosperuhoy.blogspot.com/2026/10/oportunidad-laboral-728-006-item-licenciado-enfermeria-enfermera-ocupa.html;"fecha de cierre pasada (2026-10-02)"
4442386758759420715;G;CONSERVAR;CONSERVADO;7;"RED DE SALUD OTUZCO: TECNOLOGO MEDICO EN RADIOLOGIA - HOSP. II-1 HOSPITAL DE APOYO OTUZCO (001242)";https://empleosperuhoy.blogspot.com/2026/10/red-de-salud-otuzco-tecnologo-medico-en_2.html;"fecha de cierre pasada (2026-10-01)"
4449744825885701166;G;CONSERVAR;CONSERVADO;7;"PENSIÓN65: ANALISTA DE CONTROL PREVIO";https://empleosperuhoy.blogspot.com/2026/10/oportunidad-laboral-cas-021-analista-control-previo-pension65-lima-628.html;"fecha de cierre pasada (2026-09-30)"
4463228138949612557;G;CONSERVAR;CONSERVADO;7;"PODER JUDICIAL: CAS N° 092 - CÓDIGO 02546: ASISTENTE ADMINISTRATIVO I MODULO";https://empleosperuhoy.blogspot.com/2026/10/oportunidad-laboral-cas-092-codigo-asistente-administrativo-modulo-pod.html;"fecha de cierre pasada (2026-10-01)"
4464269427161474074;G;CONSERVAR;CONSERVADO;7;"PLAN MERISS: 728 N° 006 - ITEM 13: Asistente Técnico de Inspección";https://empleosperuhoy.blogspot.com/2026/10/oportunidad-laboral-728-006-item-asistente-tecnico-inspeccion-pl-0f1a.html;"fecha de cierre pasada (2026-10-02)"
4465586517240657234;G;CONSERVAR;CONSERVADO;7;"MINISTERIO DE LA MUJER(MIMP): ABOGADO/A (SUPLENCIA)";https://empleosperuhoy.blogspot.com/2026/10/ministerio-de-la-mujermimp-abogadoa_78.html;"fecha de cierre pasada (2026-10-01)"
4472874420479770315;G;CONSERVAR;CONSERVADO;7;"SINEACE: ESPECIALISTA EN EVALUACIÓN Y ACREDITACIÓN";https://empleosperuhoy.blogspot.com/2026/10/sineace-especialista-en-evaluacion-y_6.html;"fecha de cierre pasada (2026-09-30)"
4482994113958166088;G;CONSERVAR;CONSERVADO;7;"JUNTOS: COORDINADOR/A DE SERVICIOS COMPLEMENTARIOS";https://empleosperuhoy.blogspot.com/2026/10/juntos-coordinadora-de-servicios_7.html;"fecha de cierre pasada (2026-10-01)"
4489232838135794175;G;CONSERVAR;CONSERVADO;7;"INDECOPI: DL 728 N° 074: ESPECIALISTA 2";https://empleosperuhoy.blogspot.com/2026/10/oportunidad-laboral-728-074-especialista-indecopi-lima-631297.html;"fecha de cierre pasada (2026-10-01)"
4494737164457168410;G;CONSERVAR;CONSERVADO;7;"UGEL MARISCAL NIETO: ESPECIALISTA EN RECURSOS HUMANOS";https://empleosperuhoy.blogspot.com/2026/10/ugel-mariscal-nieto-especialista-en_2.html;"fecha de cierre pasada (2026-10-01)"
4502397995742337550;G;CONSERVAR;CONSERVADO;7;"TRIBUNAL CONSTITUCIONAL(TC): CAP N° 005-2026: ESPECIALISTA I";https://empleosperuhoy.blogspot.com/2026/10/tribunal-constitucionaltc-cap-n-005_8.html;"fecha de cierre pasada (2026-10-02)"
4506207705417120432;G;CONSERVAR;CONSERVADO;7;"ELECTROSUR: 728 N° 011: ANALISTA CONTABLE";https://empleosperuhoy.blogspot.com/2026/10/electrosur-728-n-011-analista-contable_9.html;"fecha de cierre pasada (2026-09-30)"
4509689734569469444;G;CONSERVAR;CONSERVADO;7;"FONDEPES: ANALISTA ADMINISTRATIVO II DE ALTA DIRECCIÓN";https://empleosperuhoy.blogspot.com/2026/10/fondepes-analista-administrativo-ii-de_3.html;"fecha de cierre pasada (2026-10-01)"
4518133752338397164;G;CONSERVAR;CONSERVADO;7;"UNIVERSIDAD AGRARIA LA MOLINA: 276 N° 003-2026: SECRETARIA/O IV";https://empleosperuhoy.blogspot.com/2026/10/oportunidad-laboral-276-003-2026-secretaria-universidad-agraria-10be.html;"fecha de cierre pasada (2026-10-02)"
4518192594202323263;G;CONSERVAR;CONSERVADO;7;"RED DE SALUD SAN MARTIN DE PANGOA: ENFERMERA/O";https://empleosperuhoy.blogspot.com/2026/10/oportunidad-laboral-cas-007-2026-enfermera-red-salud-san-martin-ca02.html;"fecha de cierre pasada (2026-10-02)"
4525269577100726751;G;CONSERVAR;CONSERVADO;7;"MINISTERIO DE COMERCIO(MINCETUR): CI N° 008: ASESOR TÉCNICO";https://empleosperuhoy.blogspot.com/2026/10/oportunidad-laboral-008-asesor-tecnico-ministerio-comercio-mincetur-li.html;"fecha de cierre pasada (2026-08-05)"
4527822088560994241;G;CONSERVAR;CONSERVADO;7;"MUNICIPALIDAD DE YAULI - HUANCAVELICA: ASISTENTE ADMINISTRATIVO EN PROCEDIMIENTOS ADMINISTRATIVOS DISCIPLINARIOS";https://empleosperuhoy.blogspot.com/2026/10/oportunidad-laboral-cas-003-asistente-administrativo-procedimientos-ad.html;"fecha de cierre pasada (2026-10-01)"
4528758787990062686;G;CONSERVAR;CONSERVADO;7;"UGEL ILO: 276 N° 012: TRABAJADOR DE SERVICIOS";https://empleosperuhoy.blogspot.com/2026/10/oportunidad-laboral-276-012-trabajador-servicios-ugel-ilo-moquegua-633.html;"fecha de cierre pasada (2026-10-02)"
4534464213221720657;G;CONSERVAR;CONSERVADO;7;"PODER JUDICIAL: CAS N° 066 - CÓDIGO 01719: ADMINISTRADOR DE MÓDULO";https://empleosperuhoy.blogspot.com/2026/10/oportunidad-laboral-cas-066-codigo-administrador-modulo-poder-judicial.html;"fecha de cierre pasada (2026-10-01)"
4549987521384140450;G;CONSERVAR;CONSERVADO;7;"MINISTERIO DE LA MUJER(MIMP): Analista en Salud Mental";https://empleosperuhoy.blogspot.com/2026/10/oportunidad-laboral-cas-153-analista-salud-mental-ministerio-mujer-mim.html;"fecha de cierre pasada (2026-10-01)"
4551505139478930526;G;CONSERVAR;CONSERVADO;7;"DIRECCIÓN DE AGRICULTURA HUÁNUCO: 276 N° 003: PLANIFICADOR III";https://empleosperuhoy.blogspot.com/2026/10/oportunidad-laboral-276-003-planificador-iii-direccion-agricultura-hua.html;"fecha de cierre pasada (2026-10-02)"
4555131763509916843;G;CONSERVAR;CONSERVADO;7;"PODER JUDICIAL: CAS N° 039 - CÓDIGO 01129: ESPECIALISTA JUDICIAL DE AUDIENCIA";https://empleosperuhoy.blogspot.com/2026/10/poder-judicial-cas-n-039-codigo-01129_0.html;"fecha de cierre pasada (2026-09-30)"
455843561579621783;G;CONSERVAR;CONSERVADO;7;"RED DE SALUD JAUJA: ASISTENTE PROFESIONAL";https://empleosperuhoy.blogspot.com/2026/10/oportunidad-laboral-cas-010-asistente-profesional-red-salud-jauja-juni.html;"fecha de cierre pasada (2026-10-02)"
4565154826702499717;G;CONSERVAR;CONSERVADO;7;"PODER JUDICIAL: CAS N° 091 - CÓDIGO 02971: PROFESIONAL LEGAL DE JUZGADO";https://empleosperuhoy.blogspot.com/2026/10/oportunidad-laboral-cas-091-codigo-profesional-legal-juzgado-poder-jud.html;"fecha de cierre pasada (2026-10-01)"
4578393759309669205;G;CONSERVAR;CONSERVADO;7;"PERÚ COMPRAS: CAS N° 009 - COD 04: ESPECIALISTA EN GESTIÓN DE CATÁLOGOS ELECTRÓNICOS";https://empleosperuhoy.blogspot.com/2026/10/oportunidad-laboral-cas-009-cod-especialista-gestion-catalogos-electro.html;"fecha de cierre pasada (2026-09-30)"
4580972716779228016;G;CONSERVAR;CONSERVADO;7;"N° 031-2026: Practicante para el Gabinete de Asesores del Despacho Ministerial - MINISTERIO DE TRABAJO (MTPE)";https://empleosperuhoy.blogspot.com/2026/09/n-031-2026-practicante-para-el-gabinete.html;"fecha de cierre pasada (2026-09-29)"
4586353784885477089;G;CONSERVAR;CONSERVADO;7;"GOBIERNO REGIONAL CUSCO: 276 N° 003-2026: INGENIERO III";https://empleosperuhoy.blogspot.com/2026/10/gobierno-regional-cusco-276-n-003-2026_297.html;"fecha de cierre pasada (2026-10-02)"
4588227103381243377;G;CONSERVAR;CONSERVADO;7;"PODER JUDICIAL: CAS N° 030 - CÓDIGO 00448: RESGUARDO, CUSTODIA Y VIGILANCIA";https://empleosperuhoy.blogspot.com/2026/10/oportunidad-laboral-cas-030-codigo-resguardo-custodia-vigilancia-poder.html;"fecha de cierre pasada (2026-09-30)"
4592489850060081775;G;CONSERVAR;CONSERVADO;7;"MUNICIPALIDAD DE YAULI - HUANCAVELICA: ASISTENTE ADMINISTRATIVO EN ESCALAFÓN";https://empleosperuhoy.blogspot.com/2026/10/municipalidad-de-yauli-huancavelica_43.html;"fecha de cierre pasada (2026-10-01)"
4601740486132281880;G;CONSERVAR;CONSERVADO;7;"MINISTERIO DE JUSTICIA(MINJUS): Experto en Gestión Pública III.";https://empleosperuhoy.blogspot.com/2026/10/ministerio-de-justiciaminjus-experto-en_9.html;"fecha de cierre pasada (2026-10-01)"
4602489547801878853;G;CONSERVAR;CONSERVADO;7;"MINISTERIO DE JUSTICIA(MINJUS): Auxiliar";https://empleosperuhoy.blogspot.com/2026/10/oportunidad-laboral-cas-224-auxiliar-ministerio-justicia-minjus-lima-6.html;"fecha de cierre pasada (2026-10-01)"
4608871413291558416;G;CONSERVAR;CONSERVADO;7;"PENSIÓN65: ASISTENTE ADMINISTRATIVO";https://empleosperuhoy.blogspot.com/2026/10/oportunidad-laboral-cas-028-asistente-administrativo-pension65-moquegu.html;"fecha de cierre pasada (2026-09-30)"
4611920616274441771;G;CONSERVAR;CONSERVADO;7;"MUNICIPALIDAD DE IPARIA: CAS N° 001 - ITEM 13: APOYO ADMINISTRATIVO PARA LA SUB GERENCIA DE OBRAS Y DESARROLLO URBANO";https://empleosperuhoy.blogspot.com/2026/10/oportunidad-laboral-cas-001-item-apoyo-administrativo-sub-gerencia-obr.html;"fecha de cierre pasada (2026-10-01)"
4613792654381192308;G;CONSERVAR;CONSERVADO;7;"RED DE SALUD JAUJA: ESPECIALISTA EN RECURSOS HUMANOS";https://empleosperuhoy.blogspot.com/2026/10/oportunidad-laboral-cas-011-especialista-recursos-humanos-red-salud-ja.html;"fecha de cierre pasada (2026-10-02)"
4615672993906810821;G;CONSERVAR;CONSERVADO;7;"MINISTERIO DE EDUCACIÓN(MINEDU): COORDINADOR(A) DE BIENESTAR SOCIAL";https://empleosperuhoy.blogspot.com/2026/10/ministerio-de-educacionminedu_74.html;"fecha de cierre pasada (2026-10-02)"
4617532007652078643;G;CONSERVAR;CONSERVADO;7;"HOSPITAL SAN JUAN DE DIOS DE PISCO: CAS N° 002 - ITEM 03: TECNOLOGO MEDICO EN TERAPIA DE LENGUAJE";https://empleosperuhoy.blogspot.com/2026/10/hospital-san-juan-de-dios-de-pisco-cas_4.html;"fecha de cierre pasada (2026-10-01)"
4624601359603270123;G;CONSERVAR;CONSERVADO;7;"MUNICIPALIDAD DE PUEBLO LIBRE: Especialista de Tesorería";https://empleosperuhoy.blogspot.com/2026/10/municipalidad-de-pueblo-libre_2.html;"fecha de cierre pasada (2026-10-01)"
4634093958111285296;G;CONSERVAR;CONSERVADO;7;"PERÚ COMPRAS: CAS N° 009 - COD 05: ANALISTA DE DESARROLLO";https://empleosperuhoy.blogspot.com/2026/10/oportunidad-laboral-cas-009-cod-analista-desarrollo-peru-compras-lima-.html;"fecha de cierre pasada (2026-09-30)"
4634669120372668418;G;CONSERVAR;CONSERVADO;7;"UGEL  BELLAVISTA: COORDINADOR (A) DE INNOVACION Y SOPORTE TECNOLÓGICO";https://empleosperuhoy.blogspot.com/2026/10/ugel-bellavista-coordinador-de_4.html;"fecha de cierre pasada (2026-10-02)"
4637680292959877162;G;CONSERVAR;CONSERVADO;7;"GOBIERNO REGIONAL LIBERTAD: Especialista en Seguimiento, Monitoreo y Ejecución Presupuestal de Inversiones II";https://empleosperuhoy.blogspot.com/2026/10/gobierno-regional-libertad-especialista_0.html;"fecha de cierre pasada (2026-10-02)"
4647958221092306997;G;CONSERVAR;CONSERVADO;7;"MUNICIPALIDAD DE CHORRILLOS: ASISTENTE ADMINISTRATIVO";https://empleosperuhoy.blogspot.com/2026/10/oportunidad-laboral-cas-010-asistente-administrativo-municipalid-4992.html;"fecha de cierre pasada (2026-10-01)"
4653499067122512651;G;CONSERVAR;CONSERVADO;7;"MUNICIPALIDAD DE CACHIMAYO: ASISTENTE TECNICO LEGAL DE SECRETARIA GENERAL.";https://empleosperuhoy.blogspot.com/2026/10/municipalidad-de-cachimayo-asistente_8.html;"fecha de cierre pasada (2026-10-02)"
4655567583889623250;G;CONSERVAR;CONSERVADO;7;"RED DE SALUD AZÁNGARO: MÉDICO ESPECIALISTA EN PEDIATRÍA";https://empleosperuhoy.blogspot.com/2026/10/red-de-salud-azangaro-medico_4.html;"fecha de cierre pasada (2026-10-02)"
4656258189220846319;G;CONSERVAR;CONSERVADO;7;"MUNICIPALIDAD TACNA: ESPECIALISTA 1";https://empleosperuhoy.blogspot.com/2026/10/municipalidad-tacna-especialista-1_6.html;"fecha de cierre pasada (2026-10-02)"
4660734469894517236;G;CONSERVAR;CONSERVADO;7;"RED DE SALUD SAN MARTIN DE PANGOA: OBSTETRA";https://empleosperuhoy.blogspot.com/2026/10/red-de-salud-san-martin-de-pangoa_57.html;"fecha de cierre pasada (2026-10-02)"
4661868508684813140;G;CONSERVAR;CONSERVADO;7;"UNIVERSIDAD AGRARIA LA MOLINA: 276 N° 003-2026: TÉCNICO DE LABORATORIO II";https://empleosperuhoy.blogspot.com/2026/10/universidad-agraria-la-molina-276-n-003_70.html;"fecha de cierre pasada (2026-10-02)"
4662349685549824722;G;CONSERVAR;CONSERVADO;7;"SUTRAN: PROFESIONAL TÉCNICO A EN RECURSOS HUMANOS";https://empleosperuhoy.blogspot.com/2026/10/sutran-profesional-tecnico-en-recursos_6.html;"fecha de cierre pasada (2026-10-02)"
4667180255805076258;G;CONSERVAR;CONSERVADO;7;"GOBIERNO REGIONAL CUSCO: 276 N° 003-2026: PLANIFICADOR IV";https://empleosperuhoy.blogspot.com/2026/10/gobierno-regional-cusco-276-n-003-2026_516.html;"fecha de cierre pasada (2026-10-02)"
4671754809318819428;G;CONSERVAR;CONSERVADO;7;"MUNICIPALIDAD DE CONSTITUCIÓN: CAS N° 003 - ITEM 03: Especialista de Ejecución de Obras";https://empleosperuhoy.blogspot.com/2026/10/municipalidad-de-constitucion-cas-n-003_9.html;"fecha de cierre pasada (2026-10-01)"
4675336288794277390;G;CONSERVAR;CONSERVADO;7;"GOBIERNO REGIONAL CUSCO: 276 N° 003-2026: MADRE SUSTITUTA I";https://empleosperuhoy.blogspot.com/2026/10/gobierno-regional-cusco-276-n-003-2026_050.html;"fecha de cierre pasada (2026-10-02)"
4706292227839266159;G;CONSERVAR;CONSERVADO;7;"PLAN MERISS: 728 N° 006 - ITEM 43: Especialista en Temas Productivos, Transformación y Mercado / Especialista GIR";https://empleosperuhoy.blogspot.com/2026/10/plan-meriss-728-n-006-item-43_7.html;"fecha de cierre pasada (2026-10-02)"
471000817241863556;G;CONSERVAR;CONSERVADO;7;"PROGRAMA SUBSECTORIAL IRRIGACIONES(PSI): PROFESIONAL DIAGRAMADOR(A) DE LA ACTIVIDAD DE ASISTENCIA TECNICA DEL SUB COMPONENTE A.2";https://empleosperuhoy.blogspot.com/2026/10/oportunidad-laboral-profesional-diagramador-actividad-asistencia-tecni.html;"fecha de cierre pasada (2026-09-04)"
4712126968968944464;G;CONSERVAR;CONSERVADO;7;"PERÚ COMPRAS: CAS N° 009 - COD 02: TÉCNICO EN ARCHIVOS";https://empleosperuhoy.blogspot.com/2026/10/peru-compras-cas-n-009-cod-02-tecnico_5.html;"fecha de cierre pasada (2026-09-30)"
4714201624031592333;G;CONSERVAR;CONSERVADO;7;"MINISTERIO DE LA MUJER(MIMP): ESPECIALISTA EN PRESUPUESTO PARA LA GESTIÓN DE PROGRAMAS PRESUPUESTALES";https://empleosperuhoy.blogspot.com/2026/10/oportunidad-laboral-cas-136-especialista-presupuesto-gestion-programas.html;"fecha de cierre pasada (2026-10-01)"
4715958546049888872;G;CONSERVAR;CONSERVADO;7;"PODER JUDICIAL: CAS N° 029 - CÓDIGO 00448: RESGUARDO, CUSTODIA Y VIGILANCIA";https://empleosperuhoy.blogspot.com/2026/10/oportunidad-laboral-cas-029-codigo-resguardo-custodia-vigilancia-poder.html;"fecha de cierre pasada (2026-09-30)"
4721293269961205726;G;CONSERVAR;CONSERVADO;7;"MINISTERIO DE LA MUJER(MIMP): Especialista en Seguimiento y Evaluación de Programas Presupuestales";https://empleosperuhoy.blogspot.com/2026/10/oportunidad-laboral-cas-151-especialista-seguimiento-evaluacion-progra.html;"fecha de cierre pasada (2026-10-01)"
4728057298220062264;G;CONSERVAR;CONSERVADO;7;"INVERMET: AUXILIARES DE ARCHIVO.";https://empleosperuhoy.blogspot.com/2026/10/invermet-auxiliares-de-archivo_5.html;"fecha de cierre pasada (2026-10-01)"
4728193605367643962;G;CONSERVAR;CONSERVADO;7;"MINISTERIO DE LA MUJER(MIMP): EDUCADOR/A";https://empleosperuhoy.blogspot.com/2026/10/oportunidad-laboral-cas-087-educador-ministerio-mujer-mimp-amazonas-62.html;"fecha de cierre pasada (2026-10-01)"
4728365806142717628;G;CONSERVAR;CONSERVADO;7;"PLAN MERISS: 728 N° 006 - ITEM 32: Asistente Técnico de Supervisión";https://empleosperuhoy.blogspot.com/2026/10/plan-meriss-728-n-006-item-32-asistente_3.html;"fecha de cierre pasada (2026-10-02)"
4729845300622939255;G;CONSERVAR;CONSERVADO;7;"MINISTERIO DE ENERGÍA Y MINAS (MINEM): COORDINADOR/A DE POLÍTICAS EN PLANEAMIENTO Y EFICIENCIA ENERGÉTICA";https://empleosperuhoy.blogspot.com/2026/10/oportunidad-laboral-cas-071-coordinador-politicas-planeamiento-eficien.html;"fecha de cierre pasada (2026-10-01)"
4738109350407684974;G;CONSERVAR;CONSERVADO;7;"RED DE SALUD JAUJA: MEDICO CIRUJANO";https://empleosperuhoy.blogspot.com/2026/10/red-de-salud-jauja-medico-cirujano_2.html;"fecha de cierre pasada (2026-10-02)"
4741201102750965291;G;CONSERVAR;CONSERVADO;7;"PROCURADURÍA DEL ESTADO: PROCURADOR PÚBLICO DE LA MUNICIPALIDAD DISTRITAL DE LA BANDA DE SHILCAYO - SAN MARTÍN - SAN MARTÍN";https://empleosperuhoy.blogspot.com/2026/10/procuraduria-del-estado-procurador_00.html;"fecha de cierre pasada (2026-09-30)"
4762906133683114796;G;CONSERVAR;CONSERVADO;7;"HOSPITAL SANTA ROSA PUERTO MALDONADO: Auxiliar de nutricion y dietetica";https://empleosperuhoy.blogspot.com/2026/10/hospital-santa-rosa-puerto-maldonado_34.html;"fecha de cierre pasada (2026-10-02)"
4778350572733216848;G;CONSERVAR;CONSERVADO;7;"HOSPITAL REGIONAL DE MOQUEGUA: 276 N° 003-2026: ASISTENTE EN SERVICIOS DE SALUD – EMERGENCIA Y CUIDADOS CRÍTICOS";https://empleosperuhoy.blogspot.com/2026/10/hospital-regional-de-moquegua-276-n-003_4.html;"fecha de cierre pasada (2026-10-01)"
4782466157091519344;G;CONSERVAR;CONSERVADO;7;"GOBIERNO REGIONAL CUSCO: 276 N° 003-2026: ESPECIALISTA ADMINISTRATIVO IV";https://empleosperuhoy.blogspot.com/2026/10/oportunidad-laboral-276-003-2026-especialista-administrativo-gob-0a91.html;"fecha de cierre pasada (2026-10-02)"
4783495180840685422;G;CONSERVAR;CONSERVADO;7;"DIRECCIÓN DE EDUCACIÓN(DRE)LIMA: ESPECIALISTA EN PRENSA Y COMUNICACIONES";https://empleosperuhoy.blogspot.com/2026/10/direccion-de-educaciondrelima_5.html;"fecha de cierre pasada (2026-10-01)"
4784891418557568155;G;CONSERVAR;CONSERVADO;7;"MUNICIPALIDAD DE IPARIA: CAS N° 001 - ITEM 19: ASISTENTE TECNICO CADISTA PARA LA SUB GERENCIA DE OBRAS Y DESARROLLO URBANO";https://empleosperuhoy.blogspot.com/2026/10/oportunidad-laboral-cas-001-item-asistente-tecnico-cadista-sub-gerenci.html;"fecha de cierre pasada (2026-10-01)"
4796823712744374123;G;CONSERVAR;CONSERVADO;7;"MINISTERIO DE LA MUJER(MIMP): ASISTENTE DE INFORMACIÓN";https://empleosperuhoy.blogspot.com/2026/10/ministerio-de-la-mujermimp-asistente-de_4.html;"fecha de cierre pasada (2026-10-01)"
4799621702974447751;G;CONSERVAR;CONSERVADO;7;"SENASA: Especialista Legal en Contrataciones Públicas";https://empleosperuhoy.blogspot.com/2026/10/senasa-especialista-legal-en_7.html;"fecha de cierre pasada (2026-10-03)"
4802645744286826448;G;CONSERVAR;CONSERVADO;7;"INSTITUTO CATASTRAL DE LIMA(ICL): Articulación de los procesos operativos de la Gerencia de Catastro";https://empleosperuhoy.blogspot.com/2026/10/oportunidad-laboral-articulacion-los-procesos-operativos-gerencia-cata.html;"fecha de cierre pasada (2026-08-25)"
4804995909784502464;G;CONSERVAR;CONSERVADO;7;"HOSPITAL SANTA ROSA PUERTO MALDONADO: MEDICO GENERAL";https://empleosperuhoy.blogspot.com/2026/10/oportunidad-laboral-cas-003-medico-general-hospital-santa-rosa-p-2000.html;"fecha de cierre pasada (2026-10-02)"
4824864939504196767;G;CONSERVAR;CONSERVADO;7;"INABIF: PSICÓLOGO(A)";https://empleosperuhoy.blogspot.com/2026/10/oportunidad-laboral-cas-331-psicologo-inabif-junin-629887.html;"fecha de cierre pasada (2026-09-30)"
4827221295153486172;G;CONSERVAR;CONSERVADO;7;"PLAN MERISS: 728 N° 006 - ITEM 51: Asistente Tecnico de GPSR";https://empleosperuhoy.blogspot.com/2026/10/oportunidad-laboral-728-006-item-asistente-tecnico-gpsr-plan-mer-0e9a.html;"fecha de cierre pasada (2026-10-02)"
4829961149032591015;G;CONSERVAR;CONSERVADO;7;"PODER JUDICIAL: CAS N° 072 - CÓDIGO 00723: ASISTENTE JURISDICCIONAL";https://empleosperuhoy.blogspot.com/2026/10/poder-judicial-cas-n-072-codigo-00723_3.html;"fecha de cierre pasada (2026-10-01)"
4839105614387563963;G;CONSERVAR;CONSERVADO;7;"UGEL HUANTA: COORDINADOR DE INNOVACIÓN Y SOPORTE TECNOLÓGICO";https://empleosperuhoy.blogspot.com/2026/10/ugel-huanta-coordinador-de-innovacion-y_2.html;"fecha de cierre pasada (2026-10-02)"
4842489476603352482;G;CONSERVAR;CONSERVADO;7;"INABIF: ANALISTA DE ACOMPAÑAMIENTO PROFESIONAL DE ASISTENCIA ECONÓMICA";https://empleosperuhoy.blogspot.com/2026/10/oportunidad-laboral-cas-330-analista-acompanamiento-profesional-asiste.html;"fecha de cierre pasada (2026-09-30)"
4843604057479454143;G;CONSERVAR;CONSERVADO;7;"MUNICIPALIDAD DE OLLANTAYTAMBO: 276 N° 003: Especialista de Calidad";https://empleosperuhoy.blogspot.com/2026/10/oportunidad-laboral-276-003-especialista-calidad-municipalidad-ollanta.html;"fecha de cierre pasada (2026-10-01)"
4846559218007284564;G;CONSERVAR;CONSERVADO;7;"UGEL 6: AUXILIAR ADMINISTRATIVO - ARCHIVO";https://empleosperuhoy.blogspot.com/2026/10/oportunidad-laboral-cas-071-auxiliar-administrativo-archivo-ugel-lima-.html;"fecha de cierre pasada (2026-10-02)"
4850073636278929907;G;CONSERVAR;CONSERVADO;7;"HOSPITAL SANTA ROSA PUERTO MALDONADO: MEDICO ESPECIALIDAD EN TRAUMATOLOGÍA Y ORTOPEDIA";https://empleosperuhoy.blogspot.com/2026/10/hospital-santa-rosa-puerto-maldonado_7.html;"fecha de cierre pasada (2026-10-02)"
4858302439622095699;G;CONSERVAR;CONSERVADO;7;"PLAN MERISS: 728 N° 006 - ITEM 25: Ingeniero Ambiental / Especialista Ambiental";https://empleosperuhoy.blogspot.com/2026/10/plan-meriss-728-n-006-item-25-ingeniero_0.html;"fecha de cierre pasada (2026-10-02)"
4866629196536502476;G;CONSERVAR;CONSERVADO;7;"GOBIERNO REGIONAL APURIMAC: ASISTENTE TÉCNICO PARA PROYECTOS DE INVERSIÓN PÚBLICA.";https://empleosperuhoy.blogspot.com/2026/10/oportunidad-laboral-cas-012-asistente-tecnico-proyectos-inversion-publ.html;"fecha de cierre pasada (2026-10-01)"
4892376378099366271;G;CONSERVAR;CONSERVADO;7;"MUNICIPALIDAD DE IPARIA: CAS N° 001 - ITEM 05: DIGITADOR SISFOH PARA LA SUB GERENCIA DE DESARROLLO SOCIAL Y ECONOMICO";https://empleosperuhoy.blogspot.com/2026/10/oportunidad-laboral-cas-001-item-digitador-sisfoh-sub-gerencia-desarro.html;"fecha de cierre pasada (2026-10-01)"
4926737800361532758;G;CONSERVAR;CONSERVADO;7;"GOBIERNO REGIONAL CUSCO: 276 N° 003-2026: TIA SUSTITUTA";https://empleosperuhoy.blogspot.com/2026/10/gobierno-regional-cusco-276-n-003-2026_73.html;"fecha de cierre pasada (2026-10-02)"
4948515041113673199;G;CONSERVAR;CONSERVADO;7;"PLAN MERISS: 728 N° 006 - ITEM 28: Responsable de Parte Social";https://empleosperuhoy.blogspot.com/2026/10/plan-meriss-728-n-006-item-28_1.html;"fecha de cierre pasada (2026-10-02)"
4950382945401491095;G;CONSERVAR;CONSERVADO;7;"GOBIERNO REGIONAL CUSCO: 276 N° 003-2026: ESPECIALISTA EN ARCHIVO III";https://empleosperuhoy.blogspot.com/2026/10/oportunidad-laboral-276-003-2026-especialista-archivo-iii-gobier-53ee.html;"fecha de cierre pasada (2026-10-02)"
4956379269208869073;G;CONSERVAR;CONSERVADO;7;"PLAN MERISS: 728 N° 006 - ITEM 21: Especialista en Sistemas de Aspersión o Diseño Hidráulico";https://empleosperuhoy.blogspot.com/2026/10/oportunidad-laboral-728-006-item-especialista-sistemas-aspersion-747b.html;"fecha de cierre pasada (2026-10-02)"
4960068201828277562;G;CONSERVAR;CONSERVADO;7;"PLAN MERISS: 728 N° 006 - ITEM 14: Especialista en Obras Hidráulicas";https://empleosperuhoy.blogspot.com/2026/10/oportunidad-laboral-728-006-item-especialista-obras-hidraulicas-29ab.html;"fecha de cierre pasada (2026-10-02)"
4977015503230657838;G;CONSERVAR;CONSERVADO;7;"SENAMHI: OPERADOR DE OBSERVACIONES METEOROLÓGICAS O HIDROLÓGICAS ESTACION BAGAZAN (PE)";https://empleosperuhoy.blogspot.com/2026/10/senamhi-operador-de-observaciones_46.html;"fecha de cierre pasada (2026-10-02)"
4980944820951920556;G;CONSERVAR;CONSERVADO;7;"GOBIERNO REGIONAL LIBERTAD: Especialista en Estructuras III";https://empleosperuhoy.blogspot.com/2026/10/gobierno-regional-libertad-especialista_78.html;"fecha de cierre pasada (2026-10-02)"
498588190853890613;G;CONSERVAR;CONSERVADO;7;"HOSPITAL REGIONAL DE MOQUEGUA: 276 N° 003-2026: MÉDICO - TRAUMATOLOGÍA";https://empleosperuhoy.blogspot.com/2026/10/oportunidad-laboral-276-003-2026-medico-traumatologia-hospital-regiona.html;"fecha de cierre pasada (2026-10-01)"
5009487043073875288;G;CONSERVAR;CONSERVADO;7;"PODER JUDICIAL: CAS N° 073 - CÓDIGO 00723: ASISTENTE JURISDICCIONAL";https://empleosperuhoy.blogspot.com/2026/10/poder-judicial-cas-n-073-codigo-00723_5.html;"fecha de cierre pasada (2026-10-02)"
5011456746595848938;G;CONSERVAR;CONSERVADO;7;"MINISTERIO DE LA MUJER(MIMP): ABOGADO/A";https://empleosperuhoy.blogspot.com/2026/10/oportunidad-laboral-cas-096-abogado-ministerio-mujer-mimp-ayacucho-629.html;"fecha de cierre pasada (2026-10-01)"
5014608681809465285;G;CONSERVAR;CONSERVADO;7;"MINISTERIO DE EDUCACIÓN(MINEDU): ASESOR (A) LEGAL";https://empleosperuhoy.blogspot.com/2026/10/oportunidad-laboral-cas-0583-asesor-legal-ministerio-educacion-minedu-.html;"fecha de cierre pasada (2026-10-02)"
5018038468735293182;G;CONSERVAR;CONSERVADO;7;"RED DE SALUD HUAMALÍES: TÉCNICO EN RADIOLOGÍA/ASISTENCIAL EN SALUD CON CAPACITACIÓN EN RADIOLOGÍA";https://empleosperuhoy.blogspot.com/2026/10/oportunidad-laboral-cas-006-2026-tecnico-radiologia-asistencial-salud-.html;"fecha de cierre pasada (2026-10-02)"
5020749792907235414;G;CONSERVAR;CONSERVADO;7;"PODER JUDICIAL: CAS N° 039 - CÓDIGO 01417: SECRETARIO/A JUDICIAL";https://empleosperuhoy.blogspot.com/2026/10/oportunidad-laboral-cas-039-codigo-secretario-judicial-poder-huanuco-6.html;"fecha de cierre pasada (2026-09-30)"
5027941163007947212;G;CONSERVAR;CONSERVADO;7;"RED DE SALUD SAN MARTIN DE PANGOA: TECNICO ADMINISTRATIVO";https://empleosperuhoy.blogspot.com/2026/10/red-de-salud-san-martin-de-pangoa_09.html;"fecha de cierre pasada (2026-10-02)"
5044291554549243723;G;CONSERVAR;CONSERVADO;7;"RED DE SALUD HUAMALÍES: TÉCNICO EN ENFERMERÍA ESPECIALIDAD EN (AGUA)";https://empleosperuhoy.blogspot.com/2026/10/red-de-salud-huamalies-tecnico-en_1.html;"fecha de cierre pasada (2026-10-02)"
5047584547398186944;G;CONSERVAR;CONSERVADO;7;"PROINNÓVATE: ESPECIALISTA LEGAL";https://empleosperuhoy.blogspot.com/2026/10/proinnovate-especialista-legal_9.html;"fecha de cierre pasada (2026-10-02)"
5056396985821496074;G;CONSERVAR;CONSERVADO;7;"MINISTERIO DE LA MUJER(MIMP): Analista en Administración de Personas";https://empleosperuhoy.blogspot.com/2026/10/ministerio-de-la-mujermimp-analista-en_4.html;"fecha de cierre pasada (2026-10-01)"
5060601966801785277;G;CONSERVAR;CONSERVADO;7;"RED DE SALUD AZÁNGARO: Odontólogo";https://empleosperuhoy.blogspot.com/2026/10/oportunidad-laboral-cas-001-odontologo-red-salud-azangaro-puno-633270.html;"fecha de cierre pasada (2026-10-02)"
5063631402610086433;G;CONSERVAR;CONSERVADO;7;"MINISTERIO DE ENERGÍA Y MINAS (MINEM): ESPECIALISTA II - LEGAL";https://empleosperuhoy.blogspot.com/2026/10/oportunidad-laboral-cas-072-especialista-legal-ministerio-energia-mina.html;"fecha de cierre pasada (2026-10-01)"
5065908571753400202;G;CONSERVAR;CONSERVADO;7;"MUNICIPALIDAD DE IPARIA: CAS N° 001 - ITEM 26: REGISTRADOR CIVIL PARA LA SUB GERENCIA DE DESARROLLO SOCIAL Y ECONOMICO";https://empleosperuhoy.blogspot.com/2026/10/municipalidad-de-iparia-cas-n-001-item_98.html;"fecha de cierre pasada (2026-10-01)"
5068013999698604338;G;CONSERVAR;CONSERVADO;7;"TRIBUNAL CONSTITUCIONAL(TC): CAP N° 003-2026: ASESOR/A JURISDICCIONAL II";https://empleosperuhoy.blogspot.com/2026/10/tribunal-constitucionaltc-cap-n-003_1.html;"fecha de cierre pasada (2026-10-02)"
5069302822546729018;G;CONSERVAR;CONSERVADO;7;"PLAN MERISS: 728 N° 006 - ITEM 49: Supervisor de Estudios / Ing Agrónomo";https://empleosperuhoy.blogspot.com/2026/10/oportunidad-laboral-728-006-item-supervisor-estudios-ing-agronomo-plan.html;"fecha de cierre pasada (2026-10-02)"
5080087596127084234;G;CONSERVAR;CONSERVADO;7;"GOBIERNO REGIONAL CUSCO: 276 N° 003-2026: ESPECIALISTA EN MODERNIZACIÓN DE LA GESTIÓN PÚBLICA III";https://empleosperuhoy.blogspot.com/2026/10/oportunidad-laboral-276-003-2026-especialista-modernizacion-gestion-pu.html;"fecha de cierre pasada (2026-10-02)"
5087685333188203495;G;CONSERVAR;CONSERVADO;7;"PLAN MERISS: 728 N° 006 - ITEM 10: Asistente Técnico de Obra 1";https://empleosperuhoy.blogspot.com/2026/10/oportunidad-laboral-728-006-item-asistente-tecnico-obra-plan-mer-7adf.html;"fecha de cierre pasada (2026-10-02)"
5090001975361091734;G;CONSERVAR;CONSERVADO;7;"RED DE SALUD JAUJA: ESPECIALISTA EN PLANEAMIENTO";https://empleosperuhoy.blogspot.com/2026/10/red-de-salud-jauja-especialista-en_7.html;"fecha de cierre pasada (2026-10-02)"
5106884964441980943;G;CONSERVAR;CONSERVADO;7;"PODER JUDICIAL: CAS N° 040 - CÓDIGO 00628: APOYO EN LA UNIDAD OPERATIVA DE MANTENIMIENTO";https://empleosperuhoy.blogspot.com/2026/10/oportunidad-laboral-cas-040-codigo-apoyo-unidad-operativa-mantenimient.html;"fecha de cierre pasada (2026-10-01)"
5108244045041422209;G;CONSERVAR;CONSERVADO;7;"GOBIERNO REGIONAL CUSCO: 276 N° 003-2026: CHOFER III";https://empleosperuhoy.blogspot.com/2026/10/oportunidad-laboral-276-003-2026-chofer-iii-gobierno-regional-cu-7ec1.html;"fecha de cierre pasada (2026-10-02)"
5124627752884527420;G;CONSERVAR;CONSERVADO;7;"PROCURADURÍA DEL ESTADO: PROCURADOR PÚBLICO DE LA MUNICIPALIDAD DISTRITAL DE YACUS - HUÁNUCO - HUÁNUCO";https://empleosperuhoy.blogspot.com/2026/10/oportunidad-laboral-procurador-publico-municipalidad-distrital-yacus-h.html;"fecha de cierre pasada (2026-09-30)"
5124647526208844916;G;CONSERVAR;CONSERVADO;7;"RED DE SALUD CARABAYA: LOC N° 024: Químico Farmacéutico.";https://empleosperuhoy.blogspot.com/2026/10/oportunidad-laboral-loc-024-quimico-farmaceutico-red-salud-carabaya-pu.html;"fecha de cierre pasada (2026-10-02)"
5142007255232592405;G;CONSERVAR;CONSERVADO;7;"MINISTERIO DE ECONOMÍA (MEF): N° 61-2026: Practicante para la Oficina General de Servicios al Usuario";https://empleosperuhoy.blogspot.com/2026/10/ministerio-de-economia-mef-n-61-2026_6.html;"fecha de cierre pasada (2026-10-01)"
5145508582071213377;G;CONSERVAR;CONSERVADO;7;"MUNICIPALIDAD DE YAULI - HUANCAVELICA: ASISTENTE ADMINISTRATIVO EN CONTRATOS";https://empleosperuhoy.blogspot.com/2026/10/municipalidad-de-yauli-huancavelica_14.html;"fecha de cierre pasada (2026-10-01)"
5148307652284728104;G;CONSERVAR;CONSERVADO;7;"HOSPITAL SAN JUAN DE DIOS DE PISCO: CAS N° 002 - ITEM 06: TECNICO EN SERVICIOS GENERALES/ VIGILANCIA";https://empleosperuhoy.blogspot.com/2026/10/hospital-san-juan-de-dios-de-pisco-cas_07.html;"fecha de cierre pasada (2026-10-01)"
5167827074497917089;G;CONSERVAR;CONSERVADO;7;"RED DE SALUD CARABAYA: LOC N° 024: Médico Cirujano";https://empleosperuhoy.blogspot.com/2026/10/oportunidad-laboral-loc-024-medico-cirujano-red-salud-carabaya-puno-63.html;"fecha de cierre pasada (2026-10-02)"
5175042411720451291;G;CONSERVAR;CONSERVADO;7;"MINISTERIO DE LA MUJER(MIMP): COORDINADOR DE CONTRATACIONES";https://empleosperuhoy.blogspot.com/2026/10/oportunidad-laboral-cas-142-coordinador-contrataciones-ministerio-muje.html;"fecha de cierre pasada (2026-10-01)"
5175712957311343730;G;CONSERVAR;CONSERVADO;7;"MUNICIPALIDAD DE IPARIA: CAS N° 001 - ITEM 07: ASISTENTE ADMINISTRATIVO PARA LA UNIDAD DE LOGISTICA Y ABASTECIMIENTO";https://empleosperuhoy.blogspot.com/2026/10/municipalidad-de-iparia-cas-n-001-item_38.html;"fecha de cierre pasada (2026-10-01)"
5182731105334370315;G;CONSERVAR;CONSERVADO;7;"HOSPITAL REGIONAL DE MOQUEGUA: 276 N° 003-2026: TÉCNICO EN ENFERMERÍA I – CIRUGÍA";https://empleosperuhoy.blogspot.com/2026/10/hospital-regional-de-moquegua-276-n-003_51.html;"fecha de cierre pasada (2026-10-01)"
5183047669031309354;G;CONSERVAR;CONSERVADO;7;"UGEL UTCUBAMBA: Asistente de la Oficina Patrimonio";https://empleosperuhoy.blogspot.com/2026/10/oportunidad-laboral-cas-018-asistente-oficina-patrimonio-ugel-utcubamb.html;"fecha de cierre pasada (2026-10-02)"
5184625184621736740;G;CONSERVAR;CONSERVADO;7;"SUNASS: ESPECIALISTA EN ADMINISTRACIÓN DE BASES DE DATOS";https://empleosperuhoy.blogspot.com/2026/10/sunass-especialista-en-administracion_2.html;"fecha de cierre pasada (2026-10-02)"
5195902582014229041;G;CONSERVAR;CONSERVADO;7;"UNIVERSIDAD AGRARIA LA MOLINA: 276 N° 003-2026: TÉCNICO AGROPECUARIO I";https://empleosperuhoy.blogspot.com/2026/10/oportunidad-laboral-276-003-2026-tecnico-agropecuario-universida-5595.html;"fecha de cierre pasada (2026-10-02)"
5196465363893958728;G;CONSERVAR;CONSERVADO;7;"PROCURADURÍA DEL ESTADO: PROCURADOR PÚBLICO DE LA MUNICIPALIDAD DISTRITAL DE LA MORADA - MARAÑON - HUÁNUCO";https://empleosperuhoy.blogspot.com/2026/10/procuraduria-del-estado-procurador_316.html;"fecha de cierre pasada (2026-09-30)"
5201431041059689166;G;CONSERVAR;CONSERVADO;7;"UGEL UTCUBAMBA: Personal de Limpieza";https://empleosperuhoy.blogspot.com/2026/10/ugel-utcubamba-personal-de-limpieza_4.html;"fecha de cierre pasada (2026-10-02)"
5206491386705285372;G;CONSERVAR;CONSERVADO;7;"PLAN MERISS: 728 N° 006 - ITEM 04: Modelador BIM 1";https://empleosperuhoy.blogspot.com/2026/10/oportunidad-laboral-728-006-item-modelador-bim-plan-meriss-cusco-63159.html;"fecha de cierre pasada (2026-10-02)"
5223686891377161767;G;CONSERVAR;CONSERVADO;7;"DIRECCIÓN DE AGRICULTURA HUÁNUCO: 276 N° 003: TECNICO AGROPECUARIO III";https://empleosperuhoy.blogspot.com/2026/10/direccion-de-agricultura-huanuco-276-n_70.html;"fecha de cierre pasada (2026-10-02)"
5224634057098036203;G;CONSERVAR;CONSERVADO;7;"MINISTERIO DE ECONOMÍA (MEF): N° 63-2026: Practicante para la Procuraduría Pública";https://empleosperuhoy.blogspot.com/2026/10/ministerio-de-economia-mef-n-63-2026_7.html;"fecha de cierre pasada (2026-10-01)"
523286159840437164;G;CONSERVAR;CONSERVADO;7;"RED DE SALUD HUAMALÍES: TÉCNICO EN ENFERMERÍA";https://empleosperuhoy.blogspot.com/2026/10/red-de-salud-huamalies-tecnico-en_3.html;"fecha de cierre pasada (2026-10-02)"
5237318668141588381;G;CONSERVAR;CONSERVADO;7;"MUNICIPALIDAD DE PUEBLO LIBRE: Operarios de Limpieza";https://empleosperuhoy.blogspot.com/2026/10/municipalidad-de-pueblo-libre-operarios_2.html;"fecha de cierre pasada (2026-10-01)"
5242364033987103029;G;CONSERVAR;CONSERVADO;7;"PLAN MERISS: 728 N° 006 - ITEM 50: Inspector de Obra";https://empleosperuhoy.blogspot.com/2026/10/oportunidad-laboral-728-006-item-inspector-obra-plan-meriss-cusco-6316.html;"fecha de cierre pasada (2026-10-02)"
5263073190903787694;G;CONSERVAR;CONSERVADO;7;"MUNICIPALIDAD DE YAULI - HUANCAVELICA: ASISTENTE ADMINISTRATIVO PARA LA UNIDAD DE ARCHIVO CENTRAL";https://empleosperuhoy.blogspot.com/2026/10/oportunidad-laboral-cas-003-asistente-administrativo-unidad-archivo-ce.html;"fecha de cierre pasada (2026-10-01)"
5269053532102384303;G;CONSERVAR;CONSERVADO;7;"RED DE SALUD HUAMALÍES: TECNÓLOGO MÉDICO – BANCO DE SANGRE";https://empleosperuhoy.blogspot.com/2026/10/red-de-salud-huamalies-tecnologo-medico_9.html;"fecha de cierre pasada (2026-10-02)"
5269585546607039837;G;CONSERVAR;CONSERVADO;7;"MUNICIPALIDAD DE CHORRILLOS: SUPERVISOR";https://empleosperuhoy.blogspot.com/2026/10/municipalidad-de-chorrillos-supervisor_3.html;"fecha de cierre pasada (2026-10-01)"
5269651987508918178;G;CONSERVAR;CONSERVADO;7;"GOBIERNO REGIONAL LIBERTAD: Especialista";https://empleosperuhoy.blogspot.com/2026/10/gobierno-regional-libertad-especialista_1.html;"fecha de cierre pasada (2026-10-02)"
5274936731211801028;G;CONSERVAR;CONSERVADO;7;"MINISTERIO DE LA MUJER(MIMP): Especialista en Gobierno y Proyectos Digitales";https://empleosperuhoy.blogspot.com/2026/10/ministerio-de-la-mujermimp-especialista_5.html;"fecha de cierre pasada (2026-10-01)"
5280393259026351802;G;CONSERVAR;CONSERVADO;7;"PODER JUDICIAL: CAS N° 039 - CÓDIGO 01786: COORDINADOR (A) DE CAUSA";https://empleosperuhoy.blogspot.com/2026/10/poder-judicial-cas-n-039-codigo-01786_2.html;"fecha de cierre pasada (2026-09-30)"
5280744826731369319;G;CONSERVAR;CONSERVADO;7;"PLAN MERISS: 728 N° 006 - ITEM 05: Asistente Técnico de Obra 1";https://empleosperuhoy.blogspot.com/2026/10/plan-meriss-728-n-006-item-05-asistente_3.html;"fecha de cierre pasada (2026-10-02)"
5281441499884760823;G;CONSERVAR;CONSERVADO;7;"PROCURADURÍA DEL ESTADO: PROCURADOR PÚBLICO DE LA MUNICIPALIDAD DISTRITAL DE LURICOCHA - HUANTA - AYACUCHO";https://empleosperuhoy.blogspot.com/2026/10/procuraduria-del-estado-procurador_73.html;"fecha de cierre pasada (2026-09-30)"
5281666021815443786;G;CONSERVAR;CONSERVADO;7;"MINISTERIO DE JUSTICIA(MINJUS): Analista en Procedimiento Administrativo Disciplinario.";https://empleosperuhoy.blogspot.com/2026/10/oportunidad-laboral-cas-215-analista-procedimiento-administrativo-disc.html;"fecha de cierre pasada (2026-10-01)"
5291394418668767769;G;CONSERVAR;CONSERVADO;7;"SUNARP: 728 N° 004: TÉCNICO/A ADMINISTRATIVO";https://empleosperuhoy.blogspot.com/2026/10/oportunidad-laboral-728-004-tecnico-administrativo-sunarp-lambayeque-6.html;"fecha de cierre pasada (2026-10-01)"
5296492265752148227;G;CONSERVAR;CONSERVADO;7;"ONP: CPMA N° 054: OPERADOR/A DE APOYO DE VERIFICACIÓN";https://empleosperuhoy.blogspot.com/2026/10/oportunidad-laboral-cpma-054-operador-apoyo-verificacion-oficina-norma.html;"fecha de cierre pasada (2026-08-25)"
5297835756197826751;G;CONSERVAR;CONSERVADO;7;"ONPE: COORDINADOR DE MESA - ODPE GRAU";https://empleosperuhoy.blogspot.com/2026/10/onpe-coordinador-de-mesa-odpe-grau_1.html;"fecha de cierre pasada (2026-09-30)"
5312301336546122042;G;CONSERVAR;CONSERVADO;7;"RED DE SALUD SAN MARTIN DE PANGOA: TRABAJADOR/A SOCIAL";https://empleosperuhoy.blogspot.com/2026/10/oportunidad-laboral-cas-007-2026-trabajador-social-red-salud-san-marti.html;"fecha de cierre pasada (2026-10-02)"
5319682223776916887;G;CONSERVAR;CONSERVADO;7;"PODER JUDICIAL: CAS N° 092 - CÓDIGO 01765: ASISTENTE LEGAL";https://empleosperuhoy.blogspot.com/2026/10/poder-judicial-cas-n-092-codigo-01765_5.html;"fecha de cierre pasada (2026-10-01)"
5322365021267147320;G;CONSERVAR;CONSERVADO;7;"PODER JUDICIAL: CAS N° 022 - CÓDIGO 01525: Especialista Legal de Descarga";https://empleosperuhoy.blogspot.com/2026/10/oportunidad-laboral-cas-022-codigo-especialista-legal-descarga-poder-j.html;"fecha de cierre pasada (2026-10-02)"
5328934124872845818;G;CONSERVAR;CONSERVADO;7;"PROCURADURÍA DEL ESTADO: PROCURADOR PÚBLICO DEL GOBIERNO REGIONAL DE ICA";https://empleosperuhoy.blogspot.com/2026/10/procuraduria-del-estado-procurador_56.html;"fecha de cierre pasada (2026-09-30)"
5329226019266285354;G;CONSERVAR;CONSERVADO;7;"MINISTERIO DE LA MUJER(MIMP): PROFESIONAL";https://empleosperuhoy.blogspot.com/2026/10/oportunidad-laboral-cas-146-profesional-ministerio-mujer-mimp-lima-629.html;"fecha de cierre pasada (2026-10-01)"
5330230268504373485;G;CONSERVAR;CONSERVADO;7;"MINISTERIO DE JUSTICIA(MINJUS): Especialista Legal.";https://empleosperuhoy.blogspot.com/2026/10/oportunidad-laboral-cas-226-especialista-legal-ministerio-justicia-min.html;"fecha de cierre pasada (2026-10-01)"
5338615888352511985;G;CONSERVAR;CONSERVADO;7;"PODER JUDICIAL: CAS N° 039 - CÓDIGO 01924: PERSONAL DE SEGURIDAD";https://empleosperuhoy.blogspot.com/2026/10/poder-judicial-cas-n-039-codigo-01924_6.html;"fecha de cierre pasada (2026-09-30)"
5340010168707805547;G;CONSERVAR;CONSERVADO;7;"PROGRAMA SUBSECTORIAL IRRIGACIONES(PSI): PROFESIONAL SISTEMATIZADOR(A) DE LA ACTIVIDAD DE ASISTENCIA TECNICA DEL SUB COMPONENTE A.2";https://empleosperuhoy.blogspot.com/2026/10/programa-subsectorial-irrigacionespsi_13.html;"fecha de cierre pasada (2026-09-04)"
5342738868441369071;G;CONSERVAR;CONSERVADO;7;"HOSPITAL REGIONAL DE MOQUEGUA: 276 N° 003-2026: TÉCNICO ASISTENCIAL - SERVICIOS GENERALES – RESIDUOS SÓLIDOS";https://empleosperuhoy.blogspot.com/2026/10/oportunidad-laboral-276-003-2026-tecnico-asistencial-servicios-g-32f7.html;"fecha de cierre pasada (2026-10-01)"
5347925109857016721;G;CONSERVAR;CONSERVADO;7;"DEFENSORÍA DEL PUEBLO: Analista Administrativo";https://empleosperuhoy.blogspot.com/2026/10/defensoria-del-pueblo-analista_0.html;"fecha de cierre pasada (2026-09-30)"
5364003139664396582;G;CONSERVAR;CONSERVADO;7;"PROCURADURÍA DEL ESTADO: PROCURADOR PÚBLICO ADJUNTO DEL GOBIERNO REGIONAL DE CAJAMARCA";https://empleosperuhoy.blogspot.com/2026/10/oportunidad-laboral-procurador-publico-adjunto-del-gobierno-regional-c.html;"fecha de cierre pasada (2026-09-30)"
5369651900126432214;G;CONSERVAR;CONSERVADO;7;"GERENCIA DE SALUD LA LIBERTAD: OBSTETRA";https://empleosperuhoy.blogspot.com/2026/10/oportunidad-laboral-cas-003-2026-obstetra-gerencia-salud-liberta-0138.html;"fecha de cierre pasada (2026-10-01)"
5373173966802211072;G;CONSERVAR;CONSERVADO;7;"OFIS: ESPECIALISTA EN CONTROL PATRIMONIAL Y ALMACÉN.";https://empleosperuhoy.blogspot.com/2026/10/ofis-especialista-en-control_8.html;"fecha de cierre pasada (2026-10-01)"
5373991310516059354;G;CONSERVAR;CONSERVADO;7;"PROCURADURÍA DEL ESTADO: PROCURADOR PÚBLICO DE LA MUNICIPALIDAD PROVINCIAL DE EL COLLAO - PUNO";https://empleosperuhoy.blogspot.com/2026/10/oportunidad-laboral-procurador-publico-municipalidad-provincial-collao.html;"fecha de cierre pasada (2026-09-30)"
5384919741618731609;G;CONSERVAR;CONSERVADO;7;"ONP: CPMA N° 052: ANALISTA DE COMUNICACIÓN INTERNA";https://empleosperuhoy.blogspot.com/2026/10/oportunidad-laboral-cpma-052-analista-comunicacion-interna-oficina-nor.html;"fecha de cierre pasada (2026-08-25)"
5385322493771890854;G;CONSERVAR;CONSERVADO;7;"MINISTERIO DE ECONOMÍA (MEF): N° 62-2026: Practicante para la Procuraduría Pública";https://empleosperuhoy.blogspot.com/2026/10/oportunidad-laboral-practicas-ministerio-economia-mef-derecho-oc-cf02.html;"fecha de cierre pasada (2026-10-01)"
5425605858630889825;G;CONSERVAR;CONSERVADO;7;"ARCHIVO GENERAL DE LA NACION(AGN): Responsable de Unidad Formuladora";https://empleosperuhoy.blogspot.com/2026/10/oportunidad-laboral-cas-011-responsable-unidad-formuladora-archivo-gen.html;"fecha de cierre pasada (2026-10-01)"
5427003423328283108;G;CONSERVAR;CONSERVADO;7;"UGEL AMBO: N° 17-2026: Practicante para la Unidad de Gestión de Recursos Humanos";https://empleosperuhoy.blogspot.com/2026/10/oportunidad-laboral-practicas-ugel-ambo-administracion-contabili-be03.html;"fecha de cierre pasada (2026-10-02)"
5431065037935480846;G;CONSERVAR;CONSERVADO;7;"PROCURADURÍA DEL ESTADO: PROCURADOR PÚBLICO DE LA MUNICIPALIDAD PROVINCIAL DE OTUZCO - LA LIBERTAD";https://empleosperuhoy.blogspot.com/2026/10/oportunidad-laboral-procurador-publico-municipalidad-provincial-otuzco.html;"fecha de cierre pasada (2026-09-30)"
5431496452232447198;G;CONSERVAR;CONSERVADO;7;"MINISTERIO DE LA MUJER (MIMP): N° 091-2026: Practicante para la Dirección de Protección Especial - UPE Ucayali";https://empleosperuhoy.blogspot.com/2026/10/ministerio-de-la-mujer-mimp-n-091-2026_5.html;"fecha de cierre pasada (2026-10-01)"
5438874181845850622;G;CONSERVAR;CONSERVADO;7;"OEFA: EJECUTIVO/A DE LA DIRECCIÓN DE SUPERVISIÓN AMBIENTAL EN ACTIVIDADES PRODUCTIVAS";https://empleosperuhoy.blogspot.com/2026/10/oefa-ejecutivoa-de-la-direccion-de_0.html;"fecha de cierre pasada (2026-10-02)"
5441975766706035055;G;CONSERVAR;CONSERVADO;7;"PODER JUDICIAL: CAS N° 040 - CÓDIGO 00448: RESGUARDO, CUSTODIA Y VIGILANCIA";https://empleosperuhoy.blogspot.com/2026/10/poder-judicial-cas-n-040-codigo-00448_3.html;"fecha de cierre pasada (2026-10-01)"
5443327131498947744;G;CONSERVAR;CONSERVADO;7;"HOSPITAL SANTA ROSA PUERTO MALDONADO: Trabajador de servicios generales";https://empleosperuhoy.blogspot.com/2026/10/oportunidad-laboral-cas-003-trabajador-servicios-generales-hospital-sa.html;"fecha de cierre pasada (2026-10-02)"
5447366522130128284;G;CONSERVAR;CONSERVADO;7;"PROCURADURÍA DEL ESTADO: PROCURADOR PÚBLICO DE LA MUNICIPALIDAD DISTRITAL DE LUCRE - QUISPICANCHI - CUSCO";https://empleosperuhoy.blogspot.com/2026/10/procuraduria-del-estado-procurador_08.html;"fecha de cierre pasada (2026-09-30)"
5454179138143397368;G;CONSERVAR;CONSERVADO;7;"RED DE SALUD CARABAYA: LOC N° 024: SERVICIO DE DIGITACIÓN SISMED";https://empleosperuhoy.blogspot.com/2026/10/oportunidad-laboral-loc-024-servicio-digitacion-sismed-red-salud-carab.html;"fecha de cierre pasada (2026-10-02)"
5466878985580215641;G;CONSERVAR;CONSERVADO;7;"COPESCO CUSCO: DL 728 N° 009: ABOGADO IV (UNIDAD DE ASESORIA LEGAL)";https://empleosperuhoy.blogspot.com/2026/10/oportunidad-laboral-728-009-abogado-unidad-asesoria-legal-copesco-cusc.html;"fecha de cierre pasada (2026-10-02)"
5472985463014928657;G;CONSERVAR;CONSERVADO;7;"MUNICIPALIDAD DE YAULI - HUANCAVELICA: AUXILIAR ADMINISTRATIVO";https://empleosperuhoy.blogspot.com/2026/10/oportunidad-laboral-cas-003-auxiliar-administrativo-municipalidad-yaul.html;"fecha de cierre pasada (2026-10-01)"
5473665095768200534;G;CONSERVAR;CONSERVADO;7;"GOBIERNO REGIONAL CUSCO: 276 N° 003-2026: ECONOMISTA IV";https://empleosperuhoy.blogspot.com/2026/10/gobierno-regional-cusco-276-n-003-2026_9.html;"fecha de cierre pasada (2026-10-02)"
5484077289938786249;G;CONSERVAR;CONSERVADO;7;"AUTORIDAD NACIONAL DE INFRAESTRUCTURA: N° 115-2026: Practicante para la Dir. de Interv. Multisectoriales";https://empleosperuhoy.blogspot.com/2026/10/oportunidad-laboral-practicas-autoridad-nacional-infraestructura-8c25.html;"fecha de cierre pasada (2026-10-01)"
5491843498437685842;G;CONSERVAR;CONSERVADO;7;"PLAN MERISS: 728 N° 006 - ITEM 22: Especialista en Sistemas de Aspersión o Diseño Hidráulico";https://empleosperuhoy.blogspot.com/2026/10/plan-meriss-728-n-006-item-22_1.html;"fecha de cierre pasada (2026-10-02)"
5497052827709474871;G;CONSERVAR;CONSERVADO;7;"PROCURADURÍA DEL ESTADO: PROCURADOR PÚBLICO DE LA MUNICIPALIDAD DISTRITAL DE COCACHACRA - ISLAY - AREQUIPA";https://empleosperuhoy.blogspot.com/2026/10/procuraduria-del-estado-procurador_569.html;"fecha de cierre pasada (2026-09-30)"
5499492023615982285;G;CONSERVAR;CONSERVADO;7;"PLAN MERISS: 728 N° 006 - ITEM 23: Especialista BIM";https://empleosperuhoy.blogspot.com/2026/10/oportunidad-laboral-728-006-item-especialista-bim-plan-meriss-cusco-63.html;"fecha de cierre pasada (2026-10-02)"
5503238624608112132;G;CONSERVAR;CONSERVADO;7;"PROCURADURÍA DEL ESTADO: PROCURADOR PÚBLICO DE LA MUNICIPALIDAD DISTRITAL DE MORALES - SAN MARTÍN - SAN MARTÍN";https://empleosperuhoy.blogspot.com/2026/10/procuraduria-del-estado-procurador_78.html;"fecha de cierre pasada (2026-09-30)"
5510456974493432085;G;CONSERVAR;CONSERVADO;7;"UGEL 6: ESPECIALISTA AIRHSP";https://empleosperuhoy.blogspot.com/2026/10/ugel-6-especialista-airhsp_9.html;"fecha de cierre pasada (2026-10-02)"
5511450502342740719;G;CONSERVAR;CONSERVADO;7;"DIRECCIÓN DE AGRICULTURA HUÁNUCO: 276 N° 003: ESPECIALISTA EN ESTADISTICA III";https://empleosperuhoy.blogspot.com/2026/10/direccion-de-agricultura-huanuco-276-n_5.html;"fecha de cierre pasada (2026-10-02)"
551654672848090233;G;CONSERVAR;CONSERVADO;7;"PODER JUDICIAL: CAS N° 110 - CÓDIGO 03006: ANALISTA EN BIENESTAR SOCIAL";https://empleosperuhoy.blogspot.com/2026/10/oportunidad-laboral-cas-110-codigo-analista-bienestar-social-poder-jud.html;"fecha de cierre pasada (2026-10-01)"
5519877793198712387;G;CONSERVAR;CONSERVADO;7;"RED DE SALUD AZÁNGARO: MÉDICO ESPECIALISTA EN MEDICINA INTERNA";https://empleosperuhoy.blogspot.com/2026/10/oportunidad-laboral-cas-001-medico-especialista-medicina-interna-red-s.html;"fecha de cierre pasada (2026-10-02)"
552292355667638007;G;CONSERVAR;CONSERVADO;7;"PLAN MERISS: 728 N° 006 - ITEM 12: Especialista en Agronomía 1";https://empleosperuhoy.blogspot.com/2026/10/plan-meriss-728-n-006-item-12_9.html;"fecha de cierre pasada (2026-10-02)"
5528711743937871604;G;CONSERVAR;CONSERVADO;7;"MINISTERIO DE LA MUJER(MIMP): COORDINADOR/A";https://empleosperuhoy.blogspot.com/2026/10/oportunidad-laboral-cas-095-coordinador-ministerio-mujer-mimp-ayacucho.html;"fecha de cierre pasada (2026-10-01)"
554341955173565915;G;CONSERVAR;CONSERVADO;7;"MUNICIPALIDAD DE PUEBLO LIBRE: Facilitador en Gestión de Riesgo de Desastres";https://empleosperuhoy.blogspot.com/2026/10/municipalidad-de-pueblo-libre_0.html;"fecha de cierre pasada (2026-10-01)"
5543463420189936915;G;CONSERVAR;CONSERVADO;7;"MUNICIPALIDAD DE MIRAFLORES: N° 021-2026: Practicante para la Subgerencia de Catastro";https://empleosperuhoy.blogspot.com/2026/10/oportunidad-laboral-practicas-municipalidad-miraflores-topografia-geom.html;"fecha de cierre pasada (2026-10-02)"
5550372355743822819;G;CONSERVAR;CONSERVADO;7;"MINISTERIO DE LA MUJER (MIMP): N° 072-2026: Practicante para la Dirección de Protección Especial - UPE Áncash";https://empleosperuhoy.blogspot.com/2026/10/ministerio-de-la-mujer-mimp-n-072-2026_6.html;"fecha de cierre pasada (2026-10-01)"
5551192021491789863;G;CONSERVAR;CONSERVADO;7;"PLAN MERISS: 728 N° 006 - ITEM 33: Asistente Técnico de GPSR";https://empleosperuhoy.blogspot.com/2026/10/oportunidad-laboral-728-006-item-asistente-tecnico-gpsr-plan-mer-0314.html;"fecha de cierre pasada (2026-10-02)"
555520372113098740;G;CONSERVAR;CONSERVADO;7;"UNIVERSIDAD AGRARIA LA MOLINA: 276 N° 003-2026: TÉCNICO ADMINISTRATIVO II - DIGA";https://empleosperuhoy.blogspot.com/2026/10/oportunidad-laboral-276-003-2026-tecnico-administrativo-diga-universid.html;"fecha de cierre pasada (2026-10-02)"
5560054674369438290;G;CONSERVAR;CONSERVADO;7;"BIBLIOTECA NACIONAL(BNP): ANALISTA EN PRENSA Y GESTIÓN DE MEDIOS";https://empleosperuhoy.blogspot.com/2026/10/biblioteca-nacionalbnp-analista-en_04.html;"fecha de cierre pasada (2026-10-01)"
5561583037589477466;G;CONSERVAR;CONSERVADO;7;"MUNICIPALIDAD DE PUEBLO LIBRE: SERENO GUIA CANINO";https://empleosperuhoy.blogspot.com/2026/10/oportunidad-laboral-cas-019-sereno-guia-canino-municipalidad-pueblo-li.html;"fecha de cierre pasada (2026-10-01)"
5563859941724701386;G;CONSERVAR;CONSERVADO;7;"PERUPETRO: para Practicante del Grupo Funcional de Gestión Ambiental";https://empleosperuhoy.blogspot.com/2026/10/oportunidad-laboral-practicas-perupetro-ingenieria-ambiental-recursos-.html;"fecha de cierre pasada (2026-09-30)"
5565259965958016723;G;CONSERVAR;CONSERVADO;7;"MUNICIPALIDAD DE ATE: Inspector (a) Municipal de Transporte";https://empleosperuhoy.blogspot.com/2026/10/municipalidad-de-ate-inspector_8.html;"fecha de cierre pasada (2026-10-02)"
5566455467751390170;G;CONSERVAR;CONSERVADO;7;"MINISTERIO DE LA MUJER(MIMP): ANALISTA DE SEGUIMIENTO Y EVALUACIÓN DE POLÍTICAS";https://empleosperuhoy.blogspot.com/2026/10/oportunidad-laboral-cas-149-analista-seguimiento-evaluacion-politicas-.html;"fecha de cierre pasada (2026-10-01)"
5571156992837236133;G;CONSERVAR;CONSERVADO;7;"AGROBANCO: para Practicante Profesional de Sistemas";https://empleosperuhoy.blogspot.com/2026/10/oportunidad-laboral-practicas-agrobanco-ingenieria-sistemas-informatic.html;"fecha de cierre pasada (2026-10-02)"
5572277042769447231;G;CONSERVAR;CONSERVADO;7;"PROCURADURÍA DEL ESTADO: PROCURADOR PÚBLICO DE LA MUNICIPALIDAD DISTRITAL DE PUNTA DE BOMBÓN - ISLAY - AREQUIPA";https://empleosperuhoy.blogspot.com/2026/10/procuraduria-del-estado-procurador_06.html;"fecha de cierre pasada (2026-09-30)"
5599101814617956523;G;CONSERVAR;CONSERVADO;7;"UGEL UTCUBAMBA: Asistente de la Oficina de procesos administrativos";https://empleosperuhoy.blogspot.com/2026/10/ugel-utcubamba-asistente-de-la-oficina_7.html;"fecha de cierre pasada (2026-10-02)"
56170490303395167;G;CONSERVAR;CONSERVADO;7;"PROGRAMA SUBSECTORIAL IRRIGACIONES(PSI): SERVICIO ESPECIALIZADO EN SEGUIMIENTO Y MONITOREO DE ESTUDIOS II- ZONA 1 (NORTE)";https://empleosperuhoy.blogspot.com/2026/10/oportunidad-laboral-servicio-especializado-seguimiento-monitoreo-7430.html;"fecha de cierre pasada (2026-09-15)"
5637555571097801529;G;CONSERVAR;CONSERVADO;7;"PROGRAMA SUBSECTORIAL IRRIGACIONES(PSI): ASISTENTE ADMINISTRATIVO DE RECURSOS HUMANOS";https://empleosperuhoy.blogspot.com/2026/10/oportunidad-laboral-cas-asistente-administrativo-recursos-humanos-prog.html;"fecha de cierre pasada (2026-10-01)"
5639700163575917102;G;CONSERVAR;CONSERVADO;7;"DEFENSORÍA DEL PUEBLO: Especialista Legal II";https://empleosperuhoy.blogspot.com/2026/10/defensoria-del-pueblo-especialista_0.html;"fecha de cierre pasada (2026-09-30)"
5639724869639083162;G;CONSERVAR;CONSERVADO;7;"MINISTERIO DE JUSTICIA(MINJUS): Analista en Arquitectura Java II";https://empleosperuhoy.blogspot.com/2026/10/oportunidad-laboral-cas-219-analista-arquitectura-java-ministerio-just.html;"fecha de cierre pasada (2026-10-01)"
5654209384897256169;G;CONSERVAR;CONSERVADO;7;"BIBLIOTECA NACIONAL(BNP): ANALISTA DE INFRAESTRUCTURA TI";https://empleosperuhoy.blogspot.com/2026/10/oportunidad-laboral-cas-060-analista-infraestructura-biblioteca-nacion.html;"fecha de cierre pasada (2026-10-01)"
5672860787000320318;G;CONSERVAR;CONSERVADO;7;"GERENCIA DE SALUD LA LIBERTAD: MÉDICO GINECO-OBSTETRA";https://empleosperuhoy.blogspot.com/2026/10/gerencia-de-salud-la-libertad-medico_8.html;"fecha de cierre pasada (2026-10-01)"
5676246530480669858;G;CONSERVAR;CONSERVADO;7;"MINISTERIO DE LA MUJER(MIMP): ASISTENTE EN RECURSOS HUMANOS";https://empleosperuhoy.blogspot.com/2026/10/ministerio-de-la-mujermimp-asistente-en_5.html;"fecha de cierre pasada (2026-10-01)"
5678543328787248543;G;CONSERVAR;CONSERVADO;7;"MINISTERIO DE EDUCACIÓN(MINEDU): COORDINADOR(A) SENIOR";https://empleosperuhoy.blogspot.com/2026/10/oportunidad-laboral-cas-0080-coordinador-senior-ministerio-educacion-m.html;"fecha de cierre pasada (2026-10-02)"
5679790700415965793;G;CONSERVAR;CONSERVADO;7;"RED DE SALUD JAUJA: ESPECIALISTA ADMINISTRATIVO";https://empleosperuhoy.blogspot.com/2026/10/oportunidad-laboral-cas-011-especialista-administrativo-red-salud-jauj.html;"fecha de cierre pasada (2026-10-02)"
5686122951114922942;G;CONSERVAR;CONSERVADO;7;"PODER JUDICIAL: CAS N° 039 - CÓDIGO 01527: PERITO JUDICIAL";https://empleosperuhoy.blogspot.com/2026/10/poder-judicial-cas-n-039-codigo-01527_4.html;"fecha de cierre pasada (2026-09-30)"
5687446974250315593;G;CONSERVAR;CONSERVADO;7;"PROCURADURÍA DEL ESTADO: PROCURADOR PÚBLICO DE LA MUNICIPALIDAD DISTRITAL DE HAQUIRA - COTABAMBAS - APURÍMAC";https://empleosperuhoy.blogspot.com/2026/10/oportunidad-laboral-procurador-publico-municipalidad-distrital-haquira.html;"fecha de cierre pasada (2026-09-30)"
5700536501911823070;G;CONSERVAR;CONSERVADO;7;"PROCURADURÍA DEL ESTADO: PROCURADOR PÚBLICO DE LA MUNICIPALIDAD PROVINCIAL DE YUNGAY - ÁNCASH";https://empleosperuhoy.blogspot.com/2026/10/procuraduria-del-estado-procurador_419.html;"fecha de cierre pasada (2026-09-30)"
5705233873797609013;G;CONSERVAR;CONSERVADO;7;"MINISTERIO DE EDUCACIÓN(MINEDU): ANALISTA ADMINISTRATIVO II";https://empleosperuhoy.blogspot.com/2026/10/oportunidad-laboral-cas-0579-analista-administrativo-ministerio-educac.html;"fecha de cierre pasada (2026-10-02)"
5716074927971472180;G;CONSERVAR;CONSERVADO;7;"GOBIERNO REGIONAL LIBERTAD: Analista Técnico en Obras por Impuestos";https://empleosperuhoy.blogspot.com/2026/10/oportunidad-laboral-cas-162-2026-analista-tecnico-obras-por-impuestos-.html;"fecha de cierre pasada (2026-10-02)"
5721745193465721621;G;CONSERVAR;CONSERVADO;7;"MINISTERIO DE COMERCIO(MINCETUR): CI N° 006: ESPECIALISTA SOCIAL";https://empleosperuhoy.blogspot.com/2026/10/oportunidad-laboral-006-especialista-social-ministerio-comercio-mincet.html;"fecha de cierre pasada (2026-08-05)"
5725058210399019447;G;CONSERVAR;CONSERVADO;7;"GOBIERNO REGIONAL CUSCO: 276 N° 003-2026: INGENIERO EN CIENCIAS AGROPECUARIAS IV";https://empleosperuhoy.blogspot.com/2026/10/gobierno-regional-cusco-276-n-003-2026_03.html;"fecha de cierre pasada (2026-10-02)"
5726637453392695832;G;CONSERVAR;CONSERVADO;7;"GOBIERNO REGIONAL CUSCO: 276 N° 003-2026: TÉCNICO ADMINISTRATIVO III";https://empleosperuhoy.blogspot.com/2026/10/gobierno-regional-cusco-276-n-003-2026_80.html;"fecha de cierre pasada (2026-10-02)"
5732391321130260136;G;CONSERVAR;CONSERVADO;7;"MUNICIPALIDAD DE PUEBLO LIBRE: APOYO ADMINISTRATIVO";https://empleosperuhoy.blogspot.com/2026/10/municipalidad-de-pueblo-libre-apoyo_8.html;"fecha de cierre pasada (2026-10-01)"
5733957126513940561;G;CONSERVAR;CONSERVADO;7;"RED DE SALUD HUAMALÍES: TÉCNICO ELECTRICISTA EN ÁREA INSTALACIONES ELÉCTRICAS INTERIORES";https://empleosperuhoy.blogspot.com/2026/10/red-de-salud-huamalies-tecnico_2.html;"fecha de cierre pasada (2026-10-02)"
5739749096367104101;G;CONSERVAR;CONSERVADO;7;"OEFA: EJECUTIVO/A EN PRESUPUESTO POR RESULTADOS";https://empleosperuhoy.blogspot.com/2026/10/oportunidad-laboral-cas-131-ejecutivo-presupuesto-por-resultados-oefa-.html;"fecha de cierre pasada (2026-10-02)"
5751439043904521230;G;CONSERVAR;CONSERVADO;7;"PROCURADURÍA DEL ESTADO: PROCURADOR PÚBLICO DE LA MUNICIPALIDAD DISTRITAL DE RÍO TAMBO - SATIPO - JUNÍN";https://empleosperuhoy.blogspot.com/2026/10/oportunidad-laboral-procurador-publico-municipalidad-distrital-rio-tam.html;"fecha de cierre pasada (2026-09-30)"
5752911770566609030;G;CONSERVAR;CONSERVADO;7;"PODER JUDICIAL: CAS N° 039 - CÓDIGO 02960: AUXILIAR LEGAL";https://empleosperuhoy.blogspot.com/2026/10/oportunidad-laboral-cas-039-codigo-auxiliar-legal-poder-judicial-lima-.html;"fecha de cierre pasada (2026-09-30)"
5753465345372339353;G;CONSERVAR;CONSERVADO;7;"MINISTERIO DE LA MUJER(MIMP): ANALISTA EN Psicología - LIMA";https://empleosperuhoy.blogspot.com/2026/10/ministerio-de-la-mujermimp-analista-en_76.html;"fecha de cierre pasada (2026-10-01)"
5754034911439360969;G;CONSERVAR;CONSERVADO;7;"RED DE SALUD SAN MARTIN DE PANGOA: TECNICO EN FARMACIA";https://empleosperuhoy.blogspot.com/2026/10/red-de-salud-san-martin-de-pangoa_1.html;"fecha de cierre pasada (2026-10-02)"
5754617568183021266;G;CONSERVAR;CONSERVADO;7;"ONP: CPMA N° 053: ESPECIALISTA DE DEFENSA DEL ASEGURADO";https://empleosperuhoy.blogspot.com/2026/10/oportunidad-laboral-cpma-053-especialista-defensa-del-asegurado-oficin.html;"fecha de cierre pasada (2026-08-25)"
5769010244371323946;G;CONSERVAR;CONSERVADO;7;"PROCURADURÍA DEL ESTADO: PROCURADOR PÚBLICO DE LA MUNICIPALIDAD PROVINCIAL DE DANIEL ALCIDES CARRIÓN - PASCO";https://empleosperuhoy.blogspot.com/2026/10/oportunidad-laboral-procurador-publico-municipalidad-provincial-daniel.html;"fecha de cierre pasada (2026-09-30)"
5769118579529447576;G;CONSERVAR;CONSERVADO;7;"PROCURADURÍA DEL ESTADO: PROCURADOR PÚBLICO DE LA MUNICIPALIDAD DISTRITAL DE TICACO - TARATA - TACNA";https://empleosperuhoy.blogspot.com/2026/10/oportunidad-laboral-procurador-publico-municipalidad-distrital-ticaco-.html;"fecha de cierre pasada (2026-09-30)"
5772935495613518902;G;CONSERVAR;CONSERVADO;7;"MINISTERIO DE LA MUJER(MIMP): AUXILIAR DE GESTIÓN DOCUMENTAL";https://empleosperuhoy.blogspot.com/2026/10/ministerio-de-la-mujermimp-auxiliar-de_25.html;"fecha de cierre pasada (2026-10-01)"
5782086374888958384;G;CONSERVAR;CONSERVADO;7;"PROCURADURÍA DEL ESTADO: PROCURADOR PÚBLICO DE LA MUNICIPALIDAD DISTRITAL DE CHUPA - AZÁNGARO - PUNO";https://empleosperuhoy.blogspot.com/2026/10/oportunidad-laboral-procurador-publico-municipalidad-distrital-chupa-a.html;"fecha de cierre pasada (2026-09-30)"
5783478564991398321;G;CONSERVAR;CONSERVADO;7;"INTENDENCIA NACIONAL DE BOMBEROS: ANALISTA ADMINISTRATIVO";https://empleosperuhoy.blogspot.com/2026/10/intendencia-nacional-de-bomberos_7.html;"fecha de cierre pasada (2026-10-01)"
5784530255279562054;G;CONSERVAR;CONSERVADO;7;"PLAN MERISS: 728 N° 006 - ITEM 45: Personal de Salud / Enfermera Ocupacional";https://empleosperuhoy.blogspot.com/2026/10/oportunidad-laboral-728-006-item-personal-salud-enfermera-ocupacional-.html;"fecha de cierre pasada (2026-10-02)"
5785873432494089087;G;CONSERVAR;CONSERVADO;7;"MINISTERIO DE JUSTICIA(MINJUS): Ejecutivo en Gestión Pública";https://empleosperuhoy.blogspot.com/2026/10/ministerio-de-justiciaminjus-ejecutivo_1.html;"fecha de cierre pasada (2026-10-01)"
5792916326144892007;G;CONSERVAR;CONSERVADO;7;"SUCAMEC: ESPECIALISTA EN PROCESOS CONTABLES Y FINANCIEROS";https://empleosperuhoy.blogspot.com/2026/10/sucamec-especialista-en-procesos_4.html;"fecha de cierre pasada (2026-09-30)"
5794407073647450757;G;CONSERVAR;CONSERVADO;7;"BCRP: para Practicante de Museo - Educación y Mediación Cultural";https://empleosperuhoy.blogspot.com/2026/10/bcrp-para-practicante-de-museo_4.html;"fecha de cierre pasada (2026-10-02)"
5803814441868636005;G;CONSERVAR;CONSERVADO;7;"MINISTERIO DE LA MUJER (MIMP): N° 086-2026: Practicante para la Dirección de Protección Especial - UPE Moquegua";https://empleosperuhoy.blogspot.com/2026/10/oportunidad-laboral-practicas-ministerio-mujer-mimp-administraci-3729.html;"fecha de cierre pasada (2026-10-01)"
5804244158634275754;G;CONSERVAR;CONSERVADO;7;"SUPERINTENDENCIA DE BANCA, SEGUROS Y AFP: para Practicante de Administración de Personal";https://empleosperuhoy.blogspot.com/2026/10/superintendencia-de-banca-seguros-y-afp_87.html;"fecha de cierre pasada (2026-10-02)"
5805977633106076126;G;CONSERVAR;CONSERVADO;7;"MINISTERIO DE LA MUJER(MIMP): ESPECIALISTA EN CONTRATACIONES PÚBLICAS I";https://empleosperuhoy.blogspot.com/2026/10/oportunidad-laboral-cas-141-especialista-contrataciones-publicas-minis.html;"fecha de cierre pasada (2026-10-01)"
5808566527271560272;G;CONSERVAR;CONSERVADO;7;"MUNICIPALIDAD DE LINCE: SERENO A PIE";https://empleosperuhoy.blogspot.com/2026/10/oportunidad-laboral-cas-012-sereno-pie-municipalidad-lince-lima-630029.html;"fecha de cierre pasada (2026-10-01)"
5809387264667367347;G;CONSERVAR;CONSERVADO;7;"OSITRAN: CPMA N° 017-2026: ANALISTA DE CONTABILIDAD";https://empleosperuhoy.blogspot.com/2026/10/ositran-cpma-n-017-2026-analista-de_1.html;"fecha de cierre pasada (2026-09-15)"
5814876946859123186;G;CONSERVAR;CONSERVADO;7;"SUNASS: ESPECIALISTA EN PROCESOS Y SISTEMAS DE GESTIÓN";https://empleosperuhoy.blogspot.com/2026/10/sunass-especialista-en-procesos-y_3.html;"fecha de cierre pasada (2026-10-02)"
5819465707850955786;G;CONSERVAR;CONSERVADO;7;"N° 006-2026 Practicante para el Despacho de Magistrado - Tribunal Constitucional";https://empleosperuhoy.blogspot.com/2026/09/n-006-2026-practicante-para-el-despacho.html;"fecha de cierre pasada (2026-09-29)"
5829591337542977723;G;CONSERVAR;CONSERVADO;7;"RED DE SALUD OTUZCO: MEDICO - P.S. 1-2 CANIBAMBA BAJO (001112)";https://empleosperuhoy.blogspot.com/2026/10/oportunidad-laboral-cas-004-medico-canibamba-bajo-red-salud-otuzco-lib.html;"fecha de cierre pasada (2026-10-01)"
5830274012127744849;G;CONSERVAR;CONSERVADO;7;"RED DE SALUD AZÁNGARO: NUTRICIONISTA";https://empleosperuhoy.blogspot.com/2026/10/red-de-salud-azangaro-nutricionista_3.html;"fecha de cierre pasada (2026-10-02)"
5834726446282838567;G;CONSERVAR;CONSERVADO;7;"UNIVERSIDAD AGRARIA LA MOLINA: 276 N° 003-2026: TÉCNICO ADMINISTRATIVO II";https://empleosperuhoy.blogspot.com/2026/10/oportunidad-laboral-276-003-2026-tecnico-administrativo-universidad-ag.html;"fecha de cierre pasada (2026-10-02)"
585297738633444173;G;CONSERVAR;CONSERVADO;7;"GERENCIA DE SALUD LA LIBERTAD: MÉDICO - SAMU";https://empleosperuhoy.blogspot.com/2026/10/gerencia-de-salud-la-libertad-medico_1.html;"fecha de cierre pasada (2026-10-01)"
5854940442965900737;G;CONSERVAR;CONSERVADO;7;"RED DE SALUD SAN MARTIN DE PANGOA: MÉDICO";https://empleosperuhoy.blogspot.com/2026/10/red-de-salud-san-martin-de-pangoa-medico_9.html;"fecha de cierre pasada (2026-10-02)"
5855363258892944016;G;CONSERVAR;CONSERVADO;7;"PROGRAMA SUBSECTORIAL IRRIGACIONES(PSI): ESPECIALISTA EN PROYECTOS DE INVERSIÓN PÚBLICA";https://empleosperuhoy.blogspot.com/2026/10/oportunidad-laboral-cas-especialista-proyectos-inversion-publica-progr.html;"fecha de cierre pasada (2026-10-01)"
5864398781958661669;G;CONSERVAR;CONSERVADO;7;"MINISTERIO DE LA MUJER(MIMP): ESPECIALISTA EN CONTROL PREVIO";https://empleosperuhoy.blogspot.com/2026/10/oportunidad-laboral-cas-127-especialista-control-previo-ministerio-muj.html;"fecha de cierre pasada (2026-10-01)"
5865964085932582718;G;CONSERVAR;CONSERVADO;7;"SUPERINTENDENCIA DE BANCA, SEGUROS Y AFP: para Practicante Preprofesional de Ciberseguridad y Analítica de Datos";https://empleosperuhoy.blogspot.com/2026/10/oportunidad-laboral-practicas-superintendencia-banca-seguros-afp-d831.html;"fecha de cierre pasada (2026-10-01)"
5866390984327982102;G;CONSERVAR;CONSERVADO;7;"PODER JUDICIAL: CAS N° 067 - CÓDIGO 01129: ESPECIALISTA JUDICIAL DE AUDIENCIA";https://empleosperuhoy.blogspot.com/2026/10/poder-judicial-cas-n-067-codigo-01129_1.html;"fecha de cierre pasada (2026-10-02)"
5870638538447891792;G;CONSERVAR;CONSERVADO;7;"HOSPITAL SANTA ROSA PUERTO MALDONADO: MÉDICO ESPECIALISTA - CIRUJANO GENERAL";https://empleosperuhoy.blogspot.com/2026/10/hospital-santa-rosa-puerto-maldonado_3.html;"fecha de cierre pasada (2026-10-02)"
5878354155096229575;G;CONSERVAR;CONSERVADO;7;"MUNICIPALIDAD JORGE BASADRE: 276 N° 0480-2026: CONDUCTOR";https://empleosperuhoy.blogspot.com/2026/10/municipalidad-jorge-basadre-276-n-0480.html;"fecha de cierre pasada (2026-10-02)"
5891279175654154552;G;CONSERVAR;CONSERVADO;7;"INABIF: ENFERMERO(A)";https://empleosperuhoy.blogspot.com/2026/10/oportunidad-laboral-cas-323-enfermero-inabif-lima-629879.html;"fecha de cierre pasada (2026-09-30)"
5891364881951974289;G;CONSERVAR;CONSERVADO;7;"SIS: SUPERVISOR FINANCIERO";https://empleosperuhoy.blogspot.com/2026/10/sis-supervisor-financiero_5.html;"fecha de cierre pasada (2026-10-01)"
5903441078056402739;G;CONSERVAR;CONSERVADO;7;"DIRECCIÓN DE EDUCACIÓN(DRE) APURÍMAC: COORDINADOR DE RECURSOS HUMANOS";https://empleosperuhoy.blogspot.com/2026/10/direccion-de-educaciondre-apurimac_5.html;"fecha de cierre pasada (2026-10-02)"
5907055992973437062;G;CONSERVAR;CONSERVADO;7;"UNIVERSIDAD AGRARIA LA MOLINA: 276 N° 003-2026: ESPECIALISTA EN BIBLIOTECOLOGÍA II";https://empleosperuhoy.blogspot.com/2026/10/oportunidad-laboral-276-003-2026-especialista-bibliotecologia-universi.html;"fecha de cierre pasada (2026-10-02)"
5909175788660094961;G;CONSERVAR;CONSERVADO;7;"PROCURADURÍA DEL ESTADO: PROCURADOR PÚBLICO DE LA MUNICIPALIDAD DISTRITAL DE PARCOY - PATAZ - LA LIBERTAD";https://empleosperuhoy.blogspot.com/2026/10/oportunidad-laboral-procurador-publico-municipalidad-distrital-parcoy-.html;"fecha de cierre pasada (2026-09-30)"
5917561745647867960;G;CONSERVAR;CONSERVADO;7;"PROCURADURÍA DEL ESTADO: PROCURADOR PÚBLICO DE LA MUNICIPALIDAD DISTRITAL DE LA COIPA - SAN IGNACIO - CAJAMARCA";https://empleosperuhoy.blogspot.com/2026/10/procuraduria-del-estado-procurador_885.html;"fecha de cierre pasada (2026-09-30)"
5919915587116745997;G;CONSERVAR;CONSERVADO;7;"UNCAR - UNIVERSIDAD DE CARABAYA: Especialista en Programación y Contrataciones";https://empleosperuhoy.blogspot.com/2026/10/uncar-universidad-de-carabaya_46.html;"fecha de cierre pasada (2026-10-02)"
5919966242066424338;G;CONSERVAR;CONSERVADO;7;"BIBLIOTECA NACIONAL(BNP): APOYO ADMINISTRATIVO";https://empleosperuhoy.blogspot.com/2026/10/biblioteca-nacionalbnp-apoyo_0.html;"fecha de cierre pasada (2026-10-01)"
5920128096915330965;G;CONSERVAR;CONSERVADO;7;"MINISTERIO DE LA MUJER(MIMP): ESPECIALISTA EN GESTIÓN PRESUPUESTAL Y ADMINISTRATIVA";https://empleosperuhoy.blogspot.com/2026/10/ministerio-de-la-mujermimp-especialista_8.html;"fecha de cierre pasada (2026-10-01)"
5921165718349551750;G;CONSERVAR;CONSERVADO;7;"PROCURADURÍA DEL ESTADO: PROCURADOR PÚBLICO DEL GOBIERNO REGIONAL DE JUNÍN";https://empleosperuhoy.blogspot.com/2026/10/procuraduria-del-estado-procurador_46.html;"fecha de cierre pasada (2026-09-30)"
5928920649791863470;G;CONSERVAR;CONSERVADO;7;"MUNICIPALIDAD DE IPARIA: CAS N° 001 - ITEM 16: TECNICO CADISTA PARA LA SUB GERENCIA DE OBRAS Y DESARROLLO URBANO";https://empleosperuhoy.blogspot.com/2026/10/municipalidad-de-iparia-cas-n-001-item_27.html;"fecha de cierre pasada (2026-10-01)"
5931709266150196475;G;CONSERVAR;CONSERVADO;7;"GOBIERNO REGIONAL APURIMAC: GUARDIÁN PARA PROYECTOS DE INVERSION PÚBLICA";https://empleosperuhoy.blogspot.com/2026/10/gobierno-regional-apurimac-guardian_1.html;"fecha de cierre pasada (2026-10-01)"
5945446912842925693;G;CONSERVAR;CONSERVADO;7;"PROCURADURÍA DEL ESTADO: PROCURADOR PÚBLICO DE LA MUNICIPALIDAD DISTRITAL DE SANTA ANA DE TUSI - DANIEL ALCIDES CARRIÓN";https://empleosperuhoy.blogspot.com/2026/10/procuraduria-del-estado-procurador_789.html;"fecha de cierre pasada (2026-09-30)"
5946188671548473828;G;CONSERVAR;CONSERVADO;7;"ONPE: ORIENTADOR CONV - ODPE HUAYTARA";https://empleosperuhoy.blogspot.com/2026/10/oportunidad-laboral-orientador-conv-odpe-huaytara-onpe-huancavelica-62.html;"fecha de cierre pasada (2026-10-02)"
5955530810318745149;G;CONSERVAR;CONSERVADO;7;"MINISTERIO DE ECONOMÍA (MEF): N° 60-2026: Practicante para la Oficina General de Servicios al Usuario";https://empleosperuhoy.blogspot.com/2026/10/oportunidad-laboral-practicas-ministerio-economia-mef-archivisti-7cae.html;"fecha de cierre pasada (2026-10-01)"
5959240748084583141;G;CONSERVAR;CONSERVADO;7;"AGROBANCO: para Practicante de Derecho";https://empleosperuhoy.blogspot.com/2026/10/oportunidad-laboral-practicas-agrobanco-derecho-octubre-2026-632576.html;"fecha de cierre pasada (2026-10-02)"
5970821200601325703;G;CONSERVAR;CONSERVADO;7;"PROCURADURÍA DEL ESTADO: PROCURADOR PÚBLICO DE LA MUNICIPALIDAD DISTRITAL DE QUIQUIJANA - QUISPICANCHI - CUSCO";https://empleosperuhoy.blogspot.com/2026/10/oportunidad-laboral-procurador-publico-municipalidad-distrital-quiquij.html;"fecha de cierre pasada (2026-09-30)"
5979284985587020084;G;CONSERVAR;CONSERVADO;7;"SENAMHI: OPERADOR DE OBSERVACIONES METEOROLÓGICAS O HIDROLÓGICAS ESTACION JOSE OLAYA (CO)";https://empleosperuhoy.blogspot.com/2026/10/oportunidad-laboral-cas-062-operador-observaciones-meteorologicas-hidr.html;"fecha de cierre pasada (2026-10-02)"
5980889548701060003;G;CONSERVAR;CONSERVADO;7;"PLAN MERISS: 728 N° 006 - ITEM 46: Personal Técnico / Modelador BIM";https://empleosperuhoy.blogspot.com/2026/10/plan-meriss-728-n-006-item-46-personal_2.html;"fecha de cierre pasada (2026-10-02)"
5982755037325676175;G;CONSERVAR;CONSERVADO;7;"RED DE SALUD OTUZCO: PSICOLOGO - C.S. I-4 USQUIL (001457)";https://empleosperuhoy.blogspot.com/2026/10/oportunidad-laboral-cas-004-psicologo-usquil-red-salud-otuzco-libertad.html;"fecha de cierre pasada (2026-10-01)"
5997150322322604782;G;CONSERVAR;CONSERVADO;7;"MUNICIPALIDAD DE IPARIA: CAS N° 001 - ITEM 06: SOPORTE TECNICO PARA LA UNIDAD DE SISTEMAS INFORMATICA Y ESTADISTICA";https://empleosperuhoy.blogspot.com/2026/10/municipalidad-de-iparia-cas-n-001-item_32.html;"fecha de cierre pasada (2026-10-01)"
6002560146753089097;G;CONSERVAR;CONSERVADO;7;"MUNICIPALIDAD DE QUIÑOTA: Jefe de unidad de Supervisión, Evaluación y Liquidación.";https://empleosperuhoy.blogspot.com/2026/10/oportunidad-laboral-cas-006-jefe-unidad-supervision-evaluacion-liquida.html;"fecha de cierre pasada (2026-10-01)"
6002603188778718405;G;CONSERVAR;CONSERVADO;7;"MINISTERIO DE LA MUJER(MIMP): ESPECIALISTA EN INTEGRIDAD";https://empleosperuhoy.blogspot.com/2026/10/ministerio-de-la-mujermimp-especialista_69.html;"fecha de cierre pasada (2026-10-01)"
6012958731302189923;G;CONSERVAR;CONSERVADO;7;"MINISTERIO DE TRABAJO (MTPE): N° 033-2026: Practicante para la Of. de Tecnologías de la Información y Comunicaciones";https://empleosperuhoy.blogspot.com/2026/10/ministerio-de-trabajo-mtpe-n-033-2026_2.html;"fecha de cierre pasada (2026-10-02)"
6017989975140912323;G;CONSERVAR;CONSERVADO;7;"RED DE SALUD JAUJA: TECNICO BIOMEDICO Y/O ELECTRICA INDUSTRIAL";https://empleosperuhoy.blogspot.com/2026/10/red-de-salud-jauja-tecnico-biomedico-yo_3.html;"fecha de cierre pasada (2026-10-02)"
6018933363869876119;G;CONSERVAR;CONSERVADO;7;"SINEACE: ASISTENTE EN GESTIÓN ADMINISTRATIVA";https://empleosperuhoy.blogspot.com/2026/10/oportunidad-laboral-cas-033-asistente-gestion-administrativa-sineace-l.html;"fecha de cierre pasada (2026-09-30)"
6023703937791968757;G;CONSERVAR;CONSERVADO;7;"RED DE SALUD OTUZCO: ENFERMERA/O - HOSP. II-1 HOSPITAL DE APOYO OTUZCO (000422)";https://empleosperuhoy.blogspot.com/2026/10/oportunidad-laboral-cas-004-enfermera-hosp-hospital-apoyo-otuzco-red-s.html;"fecha de cierre pasada (2026-10-01)"
6034539196147166717;G;CONSERVAR;CONSERVADO;7;"AGROBANCO: para Practicante de Procesos y Soluciones Digitales";https://empleosperuhoy.blogspot.com/2026/10/agrobanco-para-practicante-de-procesos_1.html;"fecha de cierre pasada (2026-10-02)"
6036421879496313474;G;CONSERVAR;CONSERVADO;7;"PROGRAMA SUBSECTORIAL IRRIGACIONES(PSI): ANALISTA DE CONTABILIDAD";https://empleosperuhoy.blogspot.com/2026/10/oportunidad-laboral-cas-analista-contabilidad-programa-subsectorial-ir.html;"fecha de cierre pasada (2026-10-01)"
6039800574208705795;G;CONSERVAR;CONSERVADO;7;"DIRECCIÓN AGRARIA DE ANDAHUAYLAS: ASISTENTE DE PROYECTOS DE INVERSION PÚBLICA";https://empleosperuhoy.blogspot.com/2026/10/direccion-agraria-de-andahuaylas_7.html;"fecha de cierre pasada (2026-10-02)"
6044166851884739593;G;CONSERVAR;CONSERVADO;7;"AGROBANCO: para Practicante pre Profesional de Atención al Usuario";https://empleosperuhoy.blogspot.com/2026/10/agrobanco-para-practicante-pre_6.html;"fecha de cierre pasada (2026-10-02)"
604698757162673388;G;CONSERVAR;CONSERVADO;7;"PODER JUDICIAL: CAS N° 039 - CÓDIGO 01629: ASISTENTE ADMINISTRATIVO II";https://empleosperuhoy.blogspot.com/2026/10/oportunidad-laboral-cas-039-codigo-asistente-administrativo-poder-judi.html;"fecha de cierre pasada (2026-09-30)"
6053505272052520844;G;CONSERVAR;CONSERVADO;7;"RED DE SALUD HUAMALÍES: MÉDICO ESPECIALISTA EN MEDICINA FÍSICA Y REHABILITACIÓN";https://empleosperuhoy.blogspot.com/2026/10/red-de-salud-huamalies-medico_9.html;"fecha de cierre pasada (2026-10-02)"
6058902250659369048;G;CONSERVAR;CONSERVADO;7;"SUPERINTENDENCIA DE BANCA, SEGUROS Y AFP: para Practicante Profesional de Coordinación Parlamentaria";https://empleosperuhoy.blogspot.com/2026/10/oportunidad-laboral-practicas-superintendencia-banca-seguros-afp-derec.html;"fecha de cierre pasada (2026-10-02)"
6068216438297529088;G;CONSERVAR;CONSERVADO;7;"AGROBANCO: para Practicante de Administración";https://empleosperuhoy.blogspot.com/2026/10/oportunidad-laboral-practicas-agrobanco-administracion-octubre-2-eb3e.html;"fecha de cierre pasada (2026-10-02)"
6068757279389012225;G;CONSERVAR;CONSERVADO;7;"PROCURADURÍA DEL ESTADO: PROCURADOR PÚBLICO DE LA MUNICIPALIDAD DISTRITAL DE MOTUPE - LAMBAYEQUE - LAMBAYEQUE";https://empleosperuhoy.blogspot.com/2026/10/oportunidad-laboral-procurador-publico-municipalidad-distrital-motupe-.html;"fecha de cierre pasada (2026-09-30)"
6072319814440536172;G;CONSERVAR;CONSERVADO;7;"UGEL SAN MIGUEL: TÉCNICO EN PLANILLAS-POR SUPLENCIA";https://empleosperuhoy.blogspot.com/2026/10/oportunidad-laboral-cas-022-tecnico-planillas-por-suplencia-ugel-san-m.html;"fecha de cierre pasada (2026-10-01)"
6077096348871888143;G;CONSERVAR;CONSERVADO;7;"PROCURADURÍA DEL ESTADO: PROCURADOR PÚBLICO DE LA MUNICIPALIDAD DISTRITAL DE MARANGANI - CANCHIS - CUSCO";https://empleosperuhoy.blogspot.com/2026/10/oportunidad-laboral-procurador-publico-municipalidad-distrital-maranga.html;"fecha de cierre pasada (2026-09-30)"
6079644792748997269;G;CONSERVAR;CONSERVADO;7;"SUPERINTENDENCIA MERCADO VALORES(SMV): CPMT N° 001: ANALISTA DE GESTIÓN DE INFRAESTRUCTURA DE RED";https://empleosperuhoy.blogspot.com/2026/10/oportunidad-laboral-cpmt-001-analista-gestion-infraestructura-red-supe.html;"fecha de cierre pasada (2026-09-14)"
6079713963384981609;G;CONSERVAR;CONSERVADO;7;"HOSPITAL REGIONAL DE MOQUEGUA: 276 N° 003-2026: AUXILIAR ASISTENCIAL";https://empleosperuhoy.blogspot.com/2026/10/hospital-regional-de-moquegua-276-n-003_91.html;"fecha de cierre pasada (2026-10-01)"
6082004441766011627;G;CONSERVAR;CONSERVADO;7;"ONP: CPMA N° 055: ANALISTA DE MESA DE AYUDA Y SOPORTE I";https://empleosperuhoy.blogspot.com/2026/10/oportunidad-laboral-cpma-055-analista-mesa-ayuda-soporte-oficina-norma.html;"fecha de cierre pasada (2026-08-25)"
6088610978251683045;G;CONSERVAR;CONSERVADO;7;"RED DE SALUD SAN MARTIN DE PANGOA: ODONTOLOGO";https://empleosperuhoy.blogspot.com/2026/10/red-de-salud-san-martin-de-pangoa_49.html;"fecha de cierre pasada (2026-10-02)"
6094719232833079469;G;CONSERVAR;CONSERVADO;7;"MUNICIPALIDAD DE ATE: Abogado(a)";https://empleosperuhoy.blogspot.com/2026/10/municipalidad-de-ate-abogadoa_5.html;"fecha de cierre pasada (2026-10-02)"
6098527890745601477;G;CONSERVAR;CONSERVADO;7;"PLAN MERISS: 728 N° 006 - ITEM 44: Monitor de Arqueología / Arqueólogo de Obra";https://empleosperuhoy.blogspot.com/2026/10/plan-meriss-728-n-006-item-44-monitor_7.html;"fecha de cierre pasada (2026-10-02)"
6109239155868153966;G;CONSERVAR;CONSERVADO;7;"AUTORIDAD PORTUARIA(APN): Asistente de Soporte Técnico de Tecnologías de la Informacion 2";https://empleosperuhoy.blogspot.com/2026/10/oportunidad-laboral-cas-016-asistente-soporte-tecnico-tecnologias-info.html;"fecha de cierre pasada (2026-10-01)"
6114590311368382928;G;CONSERVAR;CONSERVADO;7;"UGEL AMBO: N° 17-2026: Practicante para la Unidad de Gestión Pedagógica";https://empleosperuhoy.blogspot.com/2026/10/oportunidad-laboral-practicas-ugel-ambo-administracion-contabili-cd77.html;"fecha de cierre pasada (2026-10-02)"
6118287039953265697;G;CONSERVAR;CONSERVADO;7;"GOBIERNO REGIONAL APURIMAC: TÉCNICO EN ARCHIVO PARA PROYECTOS DE INVERSION PÚBLICА.";https://empleosperuhoy.blogspot.com/2026/10/oportunidad-laboral-cas-012-tecnico-archivo-proyectos-inversion-public.html;"fecha de cierre pasada (2026-10-01)"
6123372104390353195;G;CONSERVAR;CONSERVADO;7;"UGEL MARISCAL NIETO: TÉCNICO ADMINISTRATIVO DIRECCION";https://empleosperuhoy.blogspot.com/2026/10/oportunidad-laboral-cas-010-tecnico-administrativo-direccion-ugel-mari.html;"fecha de cierre pasada (2026-10-01)"
6123829596911170693;G;CONSERVAR;CONSERVADO;7;"SUNASS: ASISTENTE/A ADMINISTRATIVO/A CONTABLE";https://empleosperuhoy.blogspot.com/2026/10/sunass-asistentea-administrativoa_4.html;"fecha de cierre pasada (2026-10-02)"
6143331644685851075;G;CONSERVAR;CONSERVADO;7;"MUNICIPALIDAD DE MIRAFLORES: N° 022-2026: Practicante para la Subgeren. de Licencias de Edificaciones Privadas";https://empleosperuhoy.blogspot.com/2026/10/oportunidad-laboral-practicas-municipalidad-miraflores-arquitectura-ur.html;"fecha de cierre pasada (2026-10-02)"
6144444820867068400;G;CONSERVAR;CONSERVADO;7;"N° 023-2026: Practicante para la Oficina de Tecnología de la Información";https://empleosperuhoy.blogspot.com/2026/09/n-023-2026-practicante-para-la-oficina.html;"fecha de cierre pasada (2026-09-30)"
614580604035727783;G;CONSERVAR;CONSERVADO;7;"AUTORIDAD NACIONAL DE INFRAESTRUCTURA: ESPECIALISTA EN CONTRATACIONES";https://empleosperuhoy.blogspot.com/2026/10/oportunidad-laboral-cas-132-especialista-contrataciones-autoridad-naci.html;"fecha de cierre pasada (2026-10-01)"
6146680306164092816;G;CONSERVAR;CONSERVADO;7;"PROCURADURÍA DEL ESTADO: PROCURADOR PÚBLICO DE LA MUNICIPALIDAD DISTRITAL DE JOSÉ SABOGAL - SAN MARCOS - CAJAMARCA";https://empleosperuhoy.blogspot.com/2026/10/procuraduria-del-estado-procurador_607.html;"fecha de cierre pasada (2026-09-30)"
6163004810024428879;G;CONSERVAR;CONSERVADO;7;"RED DE SALUD AZÁNGARO: TÉCNICO EN LABORATORIO CLINICO";https://empleosperuhoy.blogspot.com/2026/10/oportunidad-laboral-cas-001-tecnico-laboratorio-clinico-red-salud-azan.html;"fecha de cierre pasada (2026-10-02)"
6165007611569155429;G;CONSERVAR;CONSERVADO;7;"PROCURADURÍA DEL ESTADO: PROCURADOR PÚBLICO DE LA MUNICIPALIDAD DISTRITAL DE PEBAS - MARISCAL RAMÓN CASTILLA - LORETO";https://empleosperuhoy.blogspot.com/2026/10/procuraduria-del-estado-procurador_956.html;"fecha de cierre pasada (2026-09-30)"
6165921383993774690;G;CONSERVAR;CONSERVADO;7;"HOSPITAL REGIONAL DE MOQUEGUA: 276 N° 003-2026: ENFERMERA – SERV. DE ENFERMERÍA DE HOSPITALIZACIÓN-MEDICINA";https://empleosperuhoy.blogspot.com/2026/10/hospital-regional-de-moquegua-276-n-003_5.html;"fecha de cierre pasada (2026-10-01)"
6167865137383403796;G;CONSERVAR;CONSERVADO;7;"RED DE SALUD CARABAYA: LOC N° 024: AUXILIAR EN ENFERMERIA";https://empleosperuhoy.blogspot.com/2026/10/oportunidad-laboral-loc-024-auxiliar-enfermeria-red-salud-carabaya-pun.html;"fecha de cierre pasada (2026-10-02)"
6169917392470284412;G;CONSERVAR;CONSERVADO;7;"INVERMET: ANALISTA EN MATERIA LEGAL";https://empleosperuhoy.blogspot.com/2026/10/invermet-analista-en-materia-legal_9.html;"fecha de cierre pasada (2026-10-02)"
6178335290622301344;G;CONSERVAR;CONSERVADO;7;"PODER JUDICIAL: N° 021 - CÓDIGO 00415: ASISTENTE JURISDICCIONAL";https://empleosperuhoy.blogspot.com/2026/10/poder-judicial-n-021-codigo-00415_2.html;"fecha de cierre pasada (2026-10-01)"
6179989214028728811;G;CONSERVAR;CONSERVADO;7;"RED DE SALUD HUAMALÍES: LOC N° 056: Servicio de auxiliar en enfermería";https://empleosperuhoy.blogspot.com/2026/10/red-de-salud-huamalies-loc-n-056_2.html;"fecha de cierre pasada (2026-09-30)"
6187771136003548737;G;CONSERVAR;CONSERVADO;7;"RED DE SALUD SAN MARTIN DE PANGOA: TÉCNICO EN COMPUTACIÓN";https://empleosperuhoy.blogspot.com/2026/10/red-de-salud-san-martin-de-pangoa_51.html;"fecha de cierre pasada (2026-10-02)"
6191122000503631384;G;CONSERVAR;CONSERVADO;7;"PROGRAMA SUBSECTORIAL IRRIGACIONES(PSI): ESPECIALISTA LEGAL";https://empleosperuhoy.blogspot.com/2026/10/programa-subsectorial-irrigacionespsi_0.html;"fecha de cierre pasada (2026-10-01)"
6192956438199352486;G;CONSERVAR;CONSERVADO;7;"RED DE SALUD OTUZCO: OBSTETRA - P.S I-2 BARRO NEGRO (001076)";https://empleosperuhoy.blogspot.com/2026/10/oportunidad-laboral-cas-004-obstetra-barro-negro-red-salud-otuzc-a2f1.html;"fecha de cierre pasada (2026-10-01)"
6200449957036066292;G;CONSERVAR;CONSERVADO;7;"BIBLIOTECA NACIONAL(BNP): ANALISTA LEGAL";https://empleosperuhoy.blogspot.com/2026/10/biblioteca-nacionalbnp-analista-legal_2.html;"fecha de cierre pasada (2026-10-01)"
6201664782575450047;G;CONSERVAR;CONSERVADO;7;"MINISTERIO DE LA PRODUCCIÓN(PRODUCE): ESPECIALISTA LEGAL";https://empleosperuhoy.blogspot.com/2026/10/ministerio-de-la-produccionproduce_0.html;"fecha de cierre pasada (2026-10-02)"
6225476900250592965;G;CONSERVAR;CONSERVADO;7;"MUNICIPALIDAD DE CACHIMAYO: ASISTENTE ADMINISTRATIVO DE LA OFICINA DE TESORERÍA";https://empleosperuhoy.blogspot.com/2026/10/municipalidad-de-cachimayo-asistente_1.html;"fecha de cierre pasada (2026-10-02)"
6246453388918345979;G;CONSERVAR;CONSERVADO;7;"HOSPITAL REGIONAL DE MOQUEGUA: 276 N° 003-2026: TÉCNICO EN ENFERMERÍA I – MEDICINA";https://empleosperuhoy.blogspot.com/2026/10/hospital-regional-de-moquegua-276-n-003_2.html;"fecha de cierre pasada (2026-10-01)"
6255418874905664533;G;CONSERVAR;CONSERVADO;7;"RED DE SALUD OTUZCO: MEDICO INTERNISTA - HOSP. II-1 HOSPITAL DE APOYO OTUZCO (001239)";https://empleosperuhoy.blogspot.com/2026/10/red-de-salud-otuzco-medico-internista_0.html;"fecha de cierre pasada (2026-10-01)"
6262672127184855358;G;CONSERVAR;CONSERVADO;7;"AGROBANCO: para Practicante de Créditos y Cobranzas";https://empleosperuhoy.blogspot.com/2026/10/agrobanco-para-practicante-de-creditos_7.html;"fecha de cierre pasada (2026-10-02)"
6279518430113357060;G;CONSERVAR;CONSERVADO;7;"RED DE SALUD PATAZ: ENFERMERA/O";https://empleosperuhoy.blogspot.com/2026/10/oportunidad-laboral-cas-006-enfermera-red-salud-pataz-libertad-632869.html;"fecha de cierre pasada (2026-10-02)"
6281258367950185923;G;CONSERVAR;CONSERVADO;7;"PODER JUDICIAL: CAS N° 041 - CÓDIGO 00448: Resguardo, Custodia y Vigilancia";https://empleosperuhoy.blogspot.com/2026/10/poder-judicial-cas-n-041-codigo-00448_0.html;"fecha de cierre pasada (2026-09-30)"
6296217298328561014;G;CONSERVAR;CONSERVADO;7;"MINISTERIO DE JUSTICIA(MINJUS): Analista en Políticas.";https://empleosperuhoy.blogspot.com/2026/10/ministerio-de-justiciaminjus-analista_8.html;"fecha de cierre pasada (2026-10-01)"
6300158336499387382;G;CONSERVAR;CONSERVADO;7;"DEFENSORÍA DEL PUEBLO: Especialista Socioeconomico III";https://empleosperuhoy.blogspot.com/2026/10/oportunidad-laboral-cas-192-especialista-socioeconomico-iii-defensoria.html;"fecha de cierre pasada (2026-09-30)"
6300237854492127117;G;CONSERVAR;CONSERVADO;7;"GOBIERNO REGIONAL CUSCO: 276 N° 003-2026: ASISTENTE ADMINISTRATIVO II";https://empleosperuhoy.blogspot.com/2026/10/oportunidad-laboral-276-003-2026-asistente-administrativo-gobierno-reg.html;"fecha de cierre pasada (2026-10-02)"
6313950545181352213;G;CONSERVAR;CONSERVADO;7;"INVERMET: AUXILIAR PARA LA ATENCIÓN AL CIUDADANO";https://empleosperuhoy.blogspot.com/2026/10/oportunidad-laboral-cas-039-auxiliar-atencion-ciudadano-invermet-lima-.html;"fecha de cierre pasada (2026-10-01)"
6315314825968318402;G;CONSERVAR;CONSERVADO;7;"PLAN MERISS: 728 N° 006 - ITEM 29: Asistente Técnico de Obra";https://empleosperuhoy.blogspot.com/2026/10/plan-meriss-728-n-006-item-29-asistente_7.html;"fecha de cierre pasada (2026-10-02)"
6315528067015685608;G;CONSERVAR;CONSERVADO;7;"MINISTERIO DE LA MUJER (MIMP): N° 080-2026: Practicante para la Dirección de Protección Especial - UPE La Libertad";https://empleosperuhoy.blogspot.com/2026/10/oportunidad-laboral-practicas-ministerio-mujer-mimp-secretariado-a1fb.html;"fecha de cierre pasada (2026-10-01)"
6317336734680235496;G;CONSERVAR;CONSERVADO;7;"OEFA: ESPECIALISTA AMBIENTAL";https://empleosperuhoy.blogspot.com/2026/10/oportunidad-laboral-cas-130-especialista-ambiental-oefa-ancash-630195.html;"fecha de cierre pasada (2026-10-02)"
6325272373631645008;G;CONSERVAR;CONSERVADO;7;"GOBIERNO REGIONAL LIBERTAD: Asistente en Proyectos de Infraestructura II";https://empleosperuhoy.blogspot.com/2026/10/gobierno-regional-libertad-asistente-en_0.html;"fecha de cierre pasada (2026-10-02)"
6328722049474834607;G;CONSERVAR;CONSERVADO;7;"RED DE SALUD AZÁNGARO: BIOLOGO";https://empleosperuhoy.blogspot.com/2026/10/red-de-salud-azangaro-biologo_4.html;"fecha de cierre pasada (2026-10-02)"
6332645896597344834;G;CONSERVAR;CONSERVADO;7;"RED DE SALUD AZÁNGARO: QUIMICO FARMACÉUTICO";https://empleosperuhoy.blogspot.com/2026/10/red-de-salud-azangaro-quimico_1.html;"fecha de cierre pasada (2026-10-02)"
6349487550524773190;G;CONSERVAR;CONSERVADO;7;"PODER JUDICIAL: CAS N° 019 - CÓDIGO 01889: ESPECIALISTA JUDICIAL";https://empleosperuhoy.blogspot.com/2026/10/poder-judicial-cas-n-019-codigo-01889_2.html;"fecha de cierre pasada (2026-09-30)"
6350691400333573266;G;CONSERVAR;CONSERVADO;7;"MINISTERIO DE TRABAJO(MTPE): APOYO ADMINISTRATIVO";https://empleosperuhoy.blogspot.com/2026/10/oportunidad-laboral-cas-123-apoyo-administrativo-ministerio-trabajo-mt.html;"fecha de cierre pasada (2026-10-02)"
6357322759783771421;G;CONSERVAR;CONSERVADO;7;"PROCURADURÍA DEL ESTADO: PROCURADOR PÚBLICO DE LA MUNICIPALIDAD DISTRITAL DE SAN JERÓNIMO - CUSCO - CUSCO";https://empleosperuhoy.blogspot.com/2026/10/procuraduria-del-estado-procurador_012.html;"fecha de cierre pasada (2026-09-30)"
6359113460786501523;G;CONSERVAR;CONSERVADO;7;"PLAN MERISS: 728 N° 006 - ITEM 35: Administrador / Asistente Administrativo";https://empleosperuhoy.blogspot.com/2026/10/plan-meriss-728-n-006-item-35_2.html;"fecha de cierre pasada (2026-10-02)"
6371074850436532554;G;CONSERVAR;CONSERVADO;7;"PODER JUDICIAL: CAS N° 029 - CÓDIGO 01924: PERSONAL DE SEGURIDAD";https://empleosperuhoy.blogspot.com/2026/10/poder-judicial-cas-n-029-codigo-01924_1.html;"fecha de cierre pasada (2026-09-30)"
6376642434187265978;G;CONSERVAR;CONSERVADO;7;"MUNICIPALIDAD DE PUEBLO LIBRE: RADIO OPERADOR";https://empleosperuhoy.blogspot.com/2026/10/municipalidad-de-pueblo-libre-radio_8.html;"fecha de cierre pasada (2026-10-01)"
6387292909057094416;G;CONSERVAR;CONSERVADO;7;"N° 005-2026 Practicante para el Despacho de Magistrado - Tribunal Constitucional";https://empleosperuhoy.blogspot.com/2026/09/tribunal-constitucional-n-005-2026.html;"fecha de cierre pasada (2026-09-29)"
6396009429877743788;G;CONSERVAR;CONSERVADO;7;"PROCURADURÍA DEL ESTADO: PROCURADOR PÚBLICO DE LA MUNICIPALIDAD PROVINCIAL DE PUERTO INCA - HUÁNUCO";https://empleosperuhoy.blogspot.com/2026/10/procuraduria-del-estado-procurador_64.html;"fecha de cierre pasada (2026-09-30)"
6405757285183325689;G;CONSERVAR;CONSERVADO;7;"PROGRAMA SUBSECTORIAL IRRIGACIONES(PSI): ESPECIALISTAS EN FORMULACIÓN DE ESTUDIOS DE PRE INVERSION: PROYECTO LIMA";https://empleosperuhoy.blogspot.com/2026/10/programa-subsectorial-irrigacionespsi_5.html;"fecha de cierre pasada (2026-09-16)"
6416030612861117610;G;CONSERVAR;CONSERVADO;7;"PODER JUDICIAL: CAS N° 040 - CÓDIGO 00359: APOYO ADMINISTRATIVO EN LAS AREAS DE NOTIFICACIONES";https://empleosperuhoy.blogspot.com/2026/10/oportunidad-laboral-cas-040-codigo-apoyo-administrativo-las-areas-noti.html;"fecha de cierre pasada (2026-10-01)"
6417324771689515892;G;CONSERVAR;CONSERVADO;7;"PROGRAMA SUBSECTORIAL IRRIGACIONES(PSI): SERVICIO ESPECIALIZADO EN SEGUIMIENTO Y MONITOREO DE ESTUDIOS I- ZONA 2 (CENTRO)";https://empleosperuhoy.blogspot.com/2026/10/programa-subsectorial-irrigacionespsi_762.html;"fecha de cierre pasada (2026-09-15)"
6419262238122901438;G;CONSERVAR;CONSERVADO;7;"PROCURADURÍA DEL ESTADO: PROCURADOR PÚBLICO DE LA MUNICIPALIDAD DISTRITAL DE LLUSCO - CHUMBIVILCAS - CUSCO";https://empleosperuhoy.blogspot.com/2026/10/procuraduria-del-estado-procurador_35.html;"fecha de cierre pasada (2026-09-30)"
6419495447699647826;G;CONSERVAR;CONSERVADO;7;"TRIBUNAL CONSTITUCIONAL(TC): CAP N° 007-2026: ASESOR/A DE MAGISTRADO";https://empleosperuhoy.blogspot.com/2026/10/tribunal-constitucionaltc-cap-n-007_5.html;"fecha de cierre pasada (2026-10-02)"
6420628927150538720;G;CONSERVAR;CONSERVADO;7;"AGROBANCO: para Practicante Profesional de Logística (arrendamiento y Contrataciones)";https://empleosperuhoy.blogspot.com/2026/10/agrobanco-para-practicante-profesional_92.html;"fecha de cierre pasada (2026-10-01)"
6424794896676956552;G;CONSERVAR;CONSERVADO;7;"MUNICIPALIDAD DE IPARIA: CAS N° 001 - ITEM 24: ESPECIALISTA LEGAL PARA LA SUB GERENCIA DE ASESORIA JURIDICA";https://empleosperuhoy.blogspot.com/2026/10/municipalidad-de-iparia-cas-n-001-item_48.html;"fecha de cierre pasada (2026-10-01)"
6428400339059743440;G;CONSERVAR;CONSERVADO;7;"MINISTERIO DE JUSTICIA(MINJUS): Analista Programador Java";https://empleosperuhoy.blogspot.com/2026/10/ministerio-de-justiciaminjus-analista_6.html;"fecha de cierre pasada (2026-10-01)"
64297318528741225;G;CONSERVAR;CONSERVADO;7;"MINISTERIO DE LA MUJER(MIMP): COORDINADOR DE EJECUCIÓN CONTRACTUAL";https://empleosperuhoy.blogspot.com/2026/10/oportunidad-laboral-cas-143-coordinador-ejecucion-contractual-minister.html;"fecha de cierre pasada (2026-10-01)"
6466584282530226814;G;CONSERVAR;CONSERVADO;7;"SUNARP: N° 045-2026: Practicante para la Dirección Técnica Registral";https://empleosperuhoy.blogspot.com/2026/10/sunarp-n-045-2026-practicante-para-la_9.html;"fecha de cierre pasada (2026-10-02)"
6471909152015651425;G;CONSERVAR;CONSERVADO;7;"MUNICIPALIDAD DE CONSTITUCIÓN: CAS N° 003 - ITEM 01: Jefe de la Oficina General de Atención al Ciudadano y Gestión Documentaria";https://empleosperuhoy.blogspot.com/2026/10/municipalidad-de-constitucion-cas-n-003_0.html;"fecha de cierre pasada (2026-10-01)"
6479409201667328259;G;CONSERVAR;CONSERVADO;7;"UGEL MARISCAL NIETO: ESPECIALISTA EN PROCESO ADMINISTRATIVO DISCIPLINARIO";https://empleosperuhoy.blogspot.com/2026/10/oportunidad-laboral-cas-010-especialista-proceso-administrativo-discip.html;"fecha de cierre pasada (2026-10-01)"
6479462427516736330;G;CONSERVAR;CONSERVADO;7;"PODER JUDICIAL: CAS N° 021 - CÓDIGO 01525-2: ESPECIALISTA LEGAL DE DESCARGA";https://empleosperuhoy.blogspot.com/2026/10/oportunidad-laboral-cas-021-codigo-especialista-legal-descarga-p-edc8.html;"fecha de cierre pasada (2026-09-30)"
6483069265037228728;G;CONSERVAR;CONSERVADO;7;"GOBIERNO REGIONAL CUSCO: 276 N° 003-2026: TÉCNICO EN ENFERMERÍA I";https://empleosperuhoy.blogspot.com/2026/10/gobierno-regional-cusco-276-n-003-2026_58.html;"fecha de cierre pasada (2026-10-02)"
6485235096731433453;G;CONSERVAR;CONSERVADO;7;"HOSPITAL REGIONAL DE MOQUEGUA: 276 N° 003-2026: ASISTENTE EN SERVICIOS DE SALUD – HOSPITALIZACIÓN CIRUGÍA";https://empleosperuhoy.blogspot.com/2026/10/hospital-regional-de-moquegua-276-n-003_28.html;"fecha de cierre pasada (2026-10-01)"
6486509419649822130;G;CONSERVAR;CONSERVADO;7;"MUNICIPALIDAD DE IPARIA: CAS N° 001 - ITEM 09: ESPECIALISTA EN PROMOCION SOCIAL DE LA SUB GERENCIA DE DESARROLLO SOCIAL";https://empleosperuhoy.blogspot.com/2026/10/oportunidad-laboral-cas-001-item-especialista-promocion-social-sub-ger.html;"fecha de cierre pasada (2026-10-01)"
6491467968715274995;G;CONSERVAR;CONSERVADO;7;"DIRECCION DE EDUCACION(DRE) TACNA: Trabajador de Servicio II";https://empleosperuhoy.blogspot.com/2026/10/oportunidad-laboral-trabajador-servicio-direccion-educacion-dre-tacna-.html;"fecha de cierre pasada (2026-10-01)"
6503697308771768896;G;CONSERVAR;CONSERVADO;7;"GOBIERNO REGIONAL APURIMAC: AUXILIAR ADMINISTRATIVO PARA PROYECTOS DE INVERSION PÚBLICA.";https://empleosperuhoy.blogspot.com/2026/10/gobierno-regional-apurimac-auxiliar_6.html;"fecha de cierre pasada (2026-10-01)"
6503845252508791392;G;CONSERVAR;CONSERVADO;7;"MUNICIPALIDAD DE YAULI - HUANCAVELICA: APOYO ADMINISTRATIVO";https://empleosperuhoy.blogspot.com/2026/10/municipalidad-de-yauli-huancavelica_64.html;"fecha de cierre pasada (2026-10-01)"
6506259688543455960;G;CONSERVAR;CONSERVADO;7;"AGROBANCO: para Practicante Profesional de Recursos Humanos (capacitación) - Sector Financiero";https://empleosperuhoy.blogspot.com/2026/10/agrobanco-para-practicante-profesional_6.html;"fecha de cierre pasada (2026-10-02)"
6516166461296158174;G;CONSERVAR;CONSERVADO;7;"MINISTERIO DE LA MUJER(MIMP): ESPECIALISTA LEGAL EN VIOLENCIA CONTRA LA MUJER Y EL GRUPO FAMILIAR";https://empleosperuhoy.blogspot.com/2026/10/oportunidad-laboral-cas-130-especialista-legal-violencia-contra-mujer-.html;"fecha de cierre pasada (2026-10-01)"
6518025824229165819;G;CONSERVAR;CONSERVADO;7;"GERENCIA DE SALUD LA LIBERTAD: ENFERMERA/O";https://empleosperuhoy.blogspot.com/2026/10/gerencia-de-salud-la-libertad-enfermerao_61.html;"fecha de cierre pasada (2026-10-01)"
6520228478935969566;G;CONSERVAR;CONSERVADO;7;"PLAN MERISS: 728 N° 006 - ITEM 42: Especialista en Promoción Social / Comunicador Social";https://empleosperuhoy.blogspot.com/2026/10/plan-meriss-728-n-006-item-42_1.html;"fecha de cierre pasada (2026-10-02)"
6523655296146702919;G;CONSERVAR;CONSERVADO;7;"MUNICIPALIDAD DE IPARIA: CAS N° 001 - ITEM 17: ASISTENTE ADMINISTRATIVO ESPECIALISTA EN LIQUIDACION DE OBRAS";https://empleosperuhoy.blogspot.com/2026/10/oportunidad-laboral-cas-001-item-asistente-administrativo-especi-2388.html;"fecha de cierre pasada (2026-10-01)"
6539275535761052827;G;CONSERVAR;CONSERVADO;7;"RED DE SALUD CARABAYA: LOC N° 024: SERVICIO DE DIGITACIÓN";https://empleosperuhoy.blogspot.com/2026/10/oportunidad-laboral-loc-024-servicio-digitacion-red-salud-carabaya-pun.html;"fecha de cierre pasada (2026-10-02)"
6542357855954379707;G;CONSERVAR;CONSERVADO;7;"MINISTERIO DE TRABAJO(MTPE): ANALISTA EN DERECHO";https://empleosperuhoy.blogspot.com/2026/10/ministerio-de-trabajomtpe-analista-en_5.html;"fecha de cierre pasada (2026-10-01)"
6542573868466537376;G;CONSERVAR;CONSERVADO;7;"ONP: CPMA N° 048: ASISTENTE LEGAL COMERCIAL";https://empleosperuhoy.blogspot.com/2026/10/oportunidad-laboral-cpma-048-asistente-legal-comercial-oficina-normali.html;"fecha de cierre pasada (2026-08-25)"
6551283347942745018;G;CONSERVAR;CONSERVADO;7;"MUNICIPALIDAD DE OCORURO: JEFE DE PLANIFICACION, PRESUPUESTO Y RACIONALIZACION";https://empleosperuhoy.blogspot.com/2026/10/municipalidad-de-ocoruro-jefe-de_7.html;"fecha de cierre pasada (2026-10-02)"
6555725967039933113;G;CONSERVAR;CONSERVADO;7;"MUNICIPALIDAD DE IPARIA: CAS N° 001 - ITEM 20: ASISTENTE ADMINISTRATIVO ESPECIALISTA EN OBRAS PARA LA SUB GERENCIA DE OBRAS";https://empleosperuhoy.blogspot.com/2026/10/municipalidad-de-iparia-cas-n-001-item_84.html;"fecha de cierre pasada (2026-10-01)"
6561113377564600064;G;CONSERVAR;CONSERVADO;7;"MUNICIPALIDAD DE CACHIMAYO: JEFE DE PRESUPUESTO Y CONTABILIDAD.";https://empleosperuhoy.blogspot.com/2026/10/municipalidad-de-cachimayo-jefe-de_5.html;"fecha de cierre pasada (2026-10-02)"
6562820504326750919;G;CONSERVAR;CONSERVADO;7;"MINISTERIO DE EDUCACIÓN(MINEDU): ESPECIALISTA CUALITATIVO";https://empleosperuhoy.blogspot.com/2026/10/ministerio-de-educacionminedu_1.html;"fecha de cierre pasada (2026-10-02)"
6563836413193092425;G;CONSERVAR;CONSERVADO;7;"AUTORIDAD PORTUARIA(APN): Apoyo Operativo del Centro de Control Callao 2";https://empleosperuhoy.blogspot.com/2026/10/autoridad-portuariaapn-apoyo-operativo_1.html;"fecha de cierre pasada (2026-10-01)"
6567977793003327682;G;CONSERVAR;CONSERVADO;7;"PLAN MERISS: 728 N° 006 - ITEM 08: Especialista Estructural";https://empleosperuhoy.blogspot.com/2026/10/plan-meriss-728-n-006-item-08_8.html;"fecha de cierre pasada (2026-10-02)"
6569306467141010626;G;CONSERVAR;CONSERVADO;7;"PROCURADURÍA DEL ESTADO: PROCURADOR PÚBLICO DE LA MUNICIPALIDAD PROVINCIAL DE ACOBAMBA - HUANCAVELICA";https://empleosperuhoy.blogspot.com/2026/10/procuraduria-del-estado-procurador_17.html;"fecha de cierre pasada (2026-09-30)"
6572614265016618014;G;CONSERVAR;CONSERVADO;7;"GOBIERNO REGIONAL DE HUÁNUCO: CAS N° 015 - ITEM N° 04: CONDUCTOR DE VEHICULO";https://empleosperuhoy.blogspot.com/2026/10/oportunidad-laboral-cas-015-item-conductor-vehiculo-gobierno-regional-.html;"fecha de cierre pasada (2026-10-02)"
6585136502572815401;G;CONSERVAR;CONSERVADO;7;"PROCURADURÍA DEL ESTADO: PROCURADOR PÚBLICO DE LA MUNICIPALIDAD DISTRITAL DE KELLUYO - CHUCUITO - PUNO";https://empleosperuhoy.blogspot.com/2026/10/oportunidad-laboral-procurador-publico-municipalidad-distrital-kelluyo.html;"fecha de cierre pasada (2026-09-30)"
6597083932838238225;G;CONSERVAR;CONSERVADO;7;"MUNICIPALIDAD DE CONSTITUCIÓN: CAS N° 003 - ITEM 04: Auxiliar Administrativo";https://empleosperuhoy.blogspot.com/2026/10/oportunidad-laboral-cas-003-item-auxiliar-administrativo-municipalidad.html;"fecha de cierre pasada (2026-10-01)"
6604584555029517663;G;CONSERVAR;CONSERVADO;7;"SINEACE: ASISTENTE ADMINISTRATIVO CONTABLE";https://empleosperuhoy.blogspot.com/2026/10/oportunidad-laboral-cas-028-asistente-administrativo-contable-sineace-.html;"fecha de cierre pasada (2026-09-30)"
6610169994418488494;G;CONSERVAR;CONSERVADO;7;"RED DE SALUD OTUZCO: TECNICO EN ENFERMERIA - C.S. 1-4 USQUIL (001262)";https://empleosperuhoy.blogspot.com/2026/10/oportunidad-laboral-cas-004-tecnico-enfermeria-usquil-red-salud-otuzco.html;"fecha de cierre pasada (2026-10-01)"
6611175924167811285;G;CONSERVAR;CONSERVADO;7;"RED DE SALUD HUAMALÍES: OBSTETRA";https://empleosperuhoy.blogspot.com/2026/10/oportunidad-laboral-cas-006-2026-obstetra-red-salud-huamalies-huanuco-.html;"fecha de cierre pasada (2026-10-02)"
6621976712966465958;G;CONSERVAR;CONSERVADO;7;"RED DE SALUD OTUZCO: TECNICO EN ENFERMERIA - P.S. I-1 ALLACDAY (000287)";https://empleosperuhoy.blogspot.com/2026/10/oportunidad-laboral-cas-004-tecnico-enfermeria-allacday-red-salud-otuz.html;"fecha de cierre pasada (2026-10-01)"
6622876788675078187;G;CONSERVAR;CONSERVADO;7;"MINISTERIO DE LA MUJER(MIMP): ANALISTA EN PSICOLOGÍA PARA SUPERVISIÓN Y ACREDITACIÓN";https://empleosperuhoy.blogspot.com/2026/10/ministerio-de-la-mujermimp-analista-en_8.html;"fecha de cierre pasada (2026-10-01)"
6629756903087430998;G;CONSERVAR;CONSERVADO;7;"GERENCIA DE SALUD LA LIBERTAD: MÉDICO";https://empleosperuhoy.blogspot.com/2026/10/oportunidad-laboral-cas-003-2026-medico-gerencia-salud-libertad-631016.html;"fecha de cierre pasada (2026-10-01)"
6631951314064251538;G;CONSERVAR;CONSERVADO;7;"PLAN MERISS: 728 N° 006 - ITEM 38: Asistente Tecnico de Inspección";https://empleosperuhoy.blogspot.com/2026/10/plan-meriss-728-n-006-item-38-asistente_5.html;"fecha de cierre pasada (2026-10-02)"
6634039836790856641;G;CONSERVAR;CONSERVADO;7;"MINISTERIO DE LA MUJER (MIMP): N° 082-2026: Practicante para la Dirección de Protección Especial - UPE Lima Este";https://empleosperuhoy.blogspot.com/2026/10/ministerio-de-la-mujer-mimp-n-082-2026_4.html;"fecha de cierre pasada (2026-10-01)"
6636882492678144499;G;CONSERVAR;CONSERVADO;7;"GOBIERNO REGIONAL LIBERTAD: Asistente en Formulación I";https://empleosperuhoy.blogspot.com/2026/10/oportunidad-laboral-cas-178-2026-asistente-formulacion-gobierno-region.html;"fecha de cierre pasada (2026-10-02)"
664504385801399179;G;CONSERVAR;CONSERVADO;7;"GOBIERNO REGIONAL LIBERTAD: Especialista en Seguimiento, Monitoreo y Ejecución Presupuestal de Inversiones III";https://empleosperuhoy.blogspot.com/2026/10/gobierno-regional-libertad-especialista_52.html;"fecha de cierre pasada (2026-10-02)"
664938852722790952;G;CONSERVAR;CONSERVADO;7;"PROCURADURÍA DEL ESTADO: PROCURADOR PÚBLICO DE LA MUNICIPALIDAD DISTRITAL DE CHUCUITO - PUNO - PUNO";https://empleosperuhoy.blogspot.com/2026/10/procuraduria-del-estado-procurador_117.html;"fecha de cierre pasada (2026-09-30)"
6659501637956729762;G;CONSERVAR;CONSERVADO;7;"PROCURADURÍA DEL ESTADO: PROCURADOR PÚBLICO DE LA MUNICIPALIDAD DISTRITAL DE UCHUMAYO - AREQUIPA - AREQUIPA";https://empleosperuhoy.blogspot.com/2026/10/oportunidad-laboral-procurador-publico-municipalidad-distrital-uchumay.html;"fecha de cierre pasada (2026-09-30)"
666225273552342456;G;CONSERVAR;CONSERVADO;7;"OEFA: ESPECIALISTA EN CONTRATACIONES";https://empleosperuhoy.blogspot.com/2026/10/oefa-especialista-en-contrataciones_9.html;"fecha de cierre pasada (2026-10-02)"
6672808746557617924;G;CONSERVAR;CONSERVADO;7;"PLAN MERISS: 728 N° 006 - ITEM 37: Especialista en Impacto Ambiental / Responsable SSOMA";https://empleosperuhoy.blogspot.com/2026/10/oportunidad-laboral-728-006-item-especialista-impacto-ambiental-respon.html;"fecha de cierre pasada (2026-10-02)"
6673310337374413142;G;CONSERVAR;CONSERVADO;7;"N° 007-2026 Practicante para el Despacho de Magistrado - Tribunal Constitucional";https://empleosperuhoy.blogspot.com/2026/09/n-007-2026-practicante-para-el-despacho.html;"fecha de cierre pasada (2026-09-29)"
6696999564469004353;G;CONSERVAR;CONSERVADO;7;"PROCURADURÍA DEL ESTADO: PROCURADOR PÚBLICO DE LA MUNICIPALIDAD DISTRITAL DE RÁZURI - ASCOPE - LA LIBERTAD";https://empleosperuhoy.blogspot.com/2026/10/procuraduria-del-estado-procurador_016.html;"fecha de cierre pasada (2026-09-30)"
6709494749994886602;G;CONSERVAR;CONSERVADO;7;"PROMPERÚ: ESPECIALISTA EN ALIMENTOS I";https://empleosperuhoy.blogspot.com/2026/10/promperu-especialista-en-alimentos-i_0.html;"fecha de cierre pasada (2026-10-02)"
6715937260957483962;G;CONSERVAR;CONSERVADO;7;"PLAN MERISS: 728 N° 006 - ITEM 39: Administrador de Inversión / Asistente Administrativo";https://empleosperuhoy.blogspot.com/2026/10/oportunidad-laboral-728-006-item-administrador-inversion-asistente-adm.html;"fecha de cierre pasada (2026-10-02)"
6721891557816898958;G;CONSERVAR;CONSERVADO;7;"MINISTERIO DE LA MUJER(MIMP): Asistente Legal en Gestión de Recursos Humanos";https://empleosperuhoy.blogspot.com/2026/10/oportunidad-laboral-cas-160-asistente-legal-gestion-recursos-humanos-m.html;"fecha de cierre pasada (2026-10-01)"
6725356949703346356;G;CONSERVAR;CONSERVADO;7;"MINISTERIO DE JUSTICIA(MINJUS): Analista Programador III";https://empleosperuhoy.blogspot.com/2026/10/oportunidad-laboral-cas-220-analista-programador-iii-ministerio-justic.html;"fecha de cierre pasada (2026-10-01)"
6730038572119302990;G;CONSERVAR;CONSERVADO;7;"UGEL 6: Abogado II";https://empleosperuhoy.blogspot.com/2026/10/oportunidad-laboral-cas-068-abogado-ugel-lima-630465.html;"fecha de cierre pasada (2026-10-02)"
6735815889427203971;G;CONSERVAR;CONSERVADO;7;"AUTORIDAD NACIONAL DE INFRAESTRUCTURA: EXPERTO/A LEGAL EN INFRAESTRUCTURA";https://empleosperuhoy.blogspot.com/2026/10/autoridad-nacional-de-infraestructura_3.html;"fecha de cierre pasada (2026-10-02)"
6744411741117923624;G;CONSERVAR;CONSERVADO;7;"PLAN MERISS: 728 N° 006 - ITEM 34: Supervisor/Inspector de Obra";https://empleosperuhoy.blogspot.com/2026/10/plan-meriss-728-n-006-item-34_7.html;"fecha de cierre pasada (2026-10-02)"
6747087455833962800;G;CONSERVAR;CONSERVADO;7;"PODER JUDICIAL: CAS N° 072 - CÓDIGO 01128: ESPECIALISTA JUDICIAL DE JUZGADO";https://empleosperuhoy.blogspot.com/2026/10/poder-judicial-cas-n-072-codigo-01128_9.html;"fecha de cierre pasada (2026-10-01)"
6747202672696764352;G;CONSERVAR;CONSERVADO;7;"RED DE SALUD OTUZCO: MEDICO - C.S. 1-3 CALLANCAS (001062)";https://empleosperuhoy.blogspot.com/2026/10/oportunidad-laboral-cas-004-medico-callancas-red-salud-otuzco-libertad.html;"fecha de cierre pasada (2026-10-01)"
6750715468881007645;G;CONSERVAR;CONSERVADO;7;"PODER JUDICIAL: CAS N° 066 - CÓDIGO 03270: ESPECIALISTA LEGAL DE AUDIENCIA";https://empleosperuhoy.blogspot.com/2026/10/oportunidad-laboral-cas-066-codigo-especialista-legal-audiencia-poder-.html;"fecha de cierre pasada (2026-10-01)"
6751069978571494511;G;CONSERVAR;CONSERVADO;7;"MINISTERIO DE LA MUJER(MIMP): Especialista en Recursos Humanos";https://empleosperuhoy.blogspot.com/2026/10/ministerio-de-la-mujermimp-especialista_58.html;"fecha de cierre pasada (2026-10-01)"
6754680449977149724;G;CONSERVAR;CONSERVADO;7;"MUNICIPALIDAD DE IPARIA: CAS N° 001 - ITEM 22: ESPECIALISTA LEGAL PARA LA OFICINA DE ALCALDIA";https://empleosperuhoy.blogspot.com/2026/10/municipalidad-de-iparia-cas-n-001-item_23.html;"fecha de cierre pasada (2026-10-01)"
6756592179798532569;G;CONSERVAR;CONSERVADO;7;"PODER JUDICIAL: CAS N° 040 - CÓDIGO 00631: APOYO EN LABORES DE ARCHIVO Y DIGITACION";https://empleosperuhoy.blogspot.com/2026/10/oportunidad-laboral-cas-040-codigo-apoyo-labores-archivo-digitacion-po.html;"fecha de cierre pasada (2026-10-01)"
6772366809887485435;G;CONSERVAR;CONSERVADO;7;"PROGRAMA CONSERVACIÓN DE BOSQUES: JEFE (A) DE ASESORÍA JURÍDICA";https://empleosperuhoy.blogspot.com/2026/10/programa-conservacion-de-bosques-jefe_2.html;"fecha de cierre pasada (2026-10-02)"
6789899948234679328;G;CONSERVAR;CONSERVADO;7;"GOBIERNO REGIONAL LIBERTAD: Analista de Proyectos de Inversiones y Proyectos";https://empleosperuhoy.blogspot.com/2026/10/gobierno-regional-libertad-analista-de_9.html;"fecha de cierre pasada (2026-10-02)"
6790859767863146500;G;CONSERVAR;CONSERVADO;7;"MINISTERIO DE LA MUJER(MIMP): SECRETARIA/O";https://empleosperuhoy.blogspot.com/2026/10/oportunidad-laboral-cas-097-secretaria-ministerio-mujer-mimp-cajamarca.html;"fecha de cierre pasada (2026-10-01)"
6795556950280938227;G;CONSERVAR;CONSERVADO;7;"MUNICIPALIDAD DE ATE: Especialista en Seguridad y Salud en el Trabajo";https://empleosperuhoy.blogspot.com/2026/10/oportunidad-laboral-cas-017-especialista-seguridad-salud-trabajo-munic.html;"fecha de cierre pasada (2026-10-02)"
6812507609543243810;G;CONSERVAR;CONSERVADO;7;"MUNICIPALIDAD DE IPARIA: CAS N° 001 - ITEM 12: CONDUCTOR DE CAMION COMPACTADOR PARA LA SUB GERENCIA DE OBRAS";https://empleosperuhoy.blogspot.com/2026/10/municipalidad-de-iparia-cas-n-001-item_457.html;"fecha de cierre pasada (2026-10-01)"
6813230510477781103;G;CONSERVAR;CONSERVADO;7;"AUTORIDAD NACIONAL DE INFRAESTRUCTURA: ESPECIALISTA EN EJECUCIÓN CONTRACTUAL";https://empleosperuhoy.blogspot.com/2026/10/autoridad-nacional-de-infraestructura_5.html;"fecha de cierre pasada (2026-10-01)"
6820045967936022695;G;CONSERVAR;CONSERVADO;7;"BIBLIOTECA NACIONAL(BNP): ASISTENTE DE SISTEMAS";https://empleosperuhoy.blogspot.com/2026/10/biblioteca-nacionalbnp-asistente-de_3.html;"fecha de cierre pasada (2026-10-01)"
6824276669335402142;G;CONSERVAR;CONSERVADO;7;"MUNICIPALIDAD DE IPARIA: CAS N° 001 - ITEM 02: ASISTENTE ADMINISTRATIVO PARA LA UNIDAD DE CONTABILIDAD";https://empleosperuhoy.blogspot.com/2026/10/municipalidad-de-iparia-cas-n-001-item_37.html;"fecha de cierre pasada (2026-10-01)"
6830801472350969159;G;CONSERVAR;CONSERVADO;7;"ONP: CPMA N° 050: OPERADOR/A DE CONDUCCIÓN VEHICULAR";https://empleosperuhoy.blogspot.com/2026/10/onp-cpma-n-050-operadora-de-conduccion_4.html;"fecha de cierre pasada (2026-08-25)"
6834153283844532696;G;CONSERVAR;CONSERVADO;7;"RED DE SALUD CARABAYA: LOC N° 024: LICENCIADO EN COMUNICACIÓN";https://empleosperuhoy.blogspot.com/2026/10/oportunidad-laboral-loc-024-licenciado-comunicacion-red-salud-carabaya.html;"fecha de cierre pasada (2026-10-02)"
6837445910735484104;G;CONSERVAR;CONSERVADO;7;"PERÚ COMPRAS: CAS N° 009 - COD 01: ESPECIALISTA EN ANÁLISIS DE DATOS Y GESTIÓN DE LA INFORMACIÓN";https://empleosperuhoy.blogspot.com/2026/10/peru-compras-cas-n-009-cod-01_4.html;"fecha de cierre pasada (2026-09-30)"
6849893276129652695;G;CONSERVAR;CONSERVADO;7;"MUNICIPALIDAD DE ATE: Integrador";https://empleosperuhoy.blogspot.com/2026/10/oportunidad-laboral-cas-018-integrador-municipalidad-ate-lima-632571.html;"fecha de cierre pasada (2026-10-02)"
6876484781816960211;G;CONSERVAR;CONSERVADO;7;"MINISTERIO DE ECONOMÍA (MEF): N° 57-2026: Practicante para la Procuraduría Pública Espec. en Materia Hacendaria";https://empleosperuhoy.blogspot.com/2026/10/ministerio-de-economia-mef-n-57-2026_8.html;"fecha de cierre pasada (2026-10-01)"
6884404411415828582;G;CONSERVAR;CONSERVADO;7;"PODER JUDICIAL: CAS N° 014 - CÓDIGO 02932: RELATOR";https://empleosperuhoy.blogspot.com/2026/10/oportunidad-laboral-cas-014-codigo-relator-poder-judicial-cajamarca-63.html;"fecha de cierre pasada (2026-10-02)"
6894604455164350784;G;CONSERVAR;CONSERVADO;7;"RED DE SALUD HUAMALÍES: MÉDICO ESPECIALISTA EN ANESTESIOLOGÍA";https://empleosperuhoy.blogspot.com/2026/10/red-de-salud-huamalies-medico_8.html;"fecha de cierre pasada (2026-10-02)"
6905335325601105077;G;CONSERVAR;CONSERVADO;7;"BIBLIOTECA NACIONAL(BNP): ANALISTA EN DIRECCIÓN Y DISEÑO GRÁFICO DE MATERIAL INSTITUCIONAL";https://empleosperuhoy.blogspot.com/2026/10/biblioteca-nacionalbnp-analista-en_00.html;"fecha de cierre pasada (2026-10-01)"
6910459654030826692;G;CONSERVAR;CONSERVADO;7;"SUPERINTENDENCIA MERCADO VALORES(SMV): N° 007: Analista de Ofertas Públicas y Autorizaciones II";https://empleosperuhoy.blogspot.com/2026/10/oportunidad-laboral-007-analista-ofertas-publicas-autorizaciones-super.html;"fecha de cierre pasada (2026-09-04)"
6918358520659369996;G;CONSERVAR;CONSERVADO;7;"PROCURADURÍA DEL ESTADO: PROCURADOR PÚBLICO DE LA MUNICIPALIDAD DISTRITAL DE CHAMACA - CHUMBIVILCAS - CUSCO";https://empleosperuhoy.blogspot.com/2026/10/oportunidad-laboral-procurador-publico-municipalidad-distrital-chamaca.html;"fecha de cierre pasada (2026-09-30)"
6936277738737003557;G;CONSERVAR;CONSERVADO;7;"MUNICIPALIDAD DE PUEBLO LIBRE: Asistente Administrativo";https://empleosperuhoy.blogspot.com/2026/10/oportunidad-laboral-cas-018-2026-asistente-administrativo-municipalida.html;"fecha de cierre pasada (2026-10-01)"
6948124519648894453;G;CONSERVAR;CONSERVADO;7;"MUNICIPALIDAD DE OLLANTAYTAMBO: 276 N° 003: Ingeniero Electricista";https://empleosperuhoy.blogspot.com/2026/10/oportunidad-laboral-276-003-ingeniero-electricista-municipalidad-ollan.html;"fecha de cierre pasada (2026-10-01)"
6952890690051442777;G;CONSERVAR;CONSERVADO;7;"BIBLIOTECA NACIONAL(BNP): ESPECIALISTA EN MODERNIZACIÓN DE LA GESTIÓN PÚBLICA";https://empleosperuhoy.blogspot.com/2026/10/oportunidad-laboral-cas-058-especialista-modernizacion-gestion-publica.html;"fecha de cierre pasada (2026-10-01)"
6974544240721421224;G;CONSERVAR;CONSERVADO;7;"INDECOPI: DL 728 N° 073: EJECUTIVO(A) 1";https://empleosperuhoy.blogspot.com/2026/10/oportunidad-laboral-728-073-ejecutivo-indecopi-lima-631296.html;"fecha de cierre pasada (2026-10-01)"
6975929967916191843;G;CONSERVAR;CONSERVADO;7;"UGEL CHULUCANAS: Coordinador de innovacion y soporte tecnologico";https://empleosperuhoy.blogspot.com/2026/10/ugel-chulucanas-coordinador-de_58.html;"fecha de cierre pasada (2026-10-02)"
6976479457043235741;G;CONSERVAR;CONSERVADO;7;"PROCURADURÍA DEL ESTADO: PROCURADOR PÚBLICO DE LA MUNICIPALIDAD DISTRITAL DE SAN RAMÓN - CHANCHAMAYO - JUNÍN";https://empleosperuhoy.blogspot.com/2026/10/procuraduria-del-estado-procurador_242.html;"fecha de cierre pasada (2026-09-30)"
6976660425992662977;G;CONSERVAR;CONSERVADO;7;"RED DE SALUD OTUZCO: MEDICO CIRUJANO GENERAL - HOSP. II-1 HOSPITAL DE APOYO OTUZCO (001516)";https://empleosperuhoy.blogspot.com/2026/10/red-de-salud-otuzco-medico-cirujano_0.html;"fecha de cierre pasada (2026-10-01)"
6979256380793314741;G;CONSERVAR;CONSERVADO;7;"HOSPITAL SANTA ROSA PUERTO MALDONADO: MEDICO ESPECIALISTA EN CIRUGÍA PEDIATRÍA";https://empleosperuhoy.blogspot.com/2026/10/hospital-santa-rosa-puerto-maldonado_52.html;"fecha de cierre pasada (2026-10-02)"
6985750555722492058;G;CONSERVAR;CONSERVADO;7;"MINISTERIO DE COMERCIO(MINCETUR): CI N° 007: ESPECIALISTA AMBIENTAL";https://empleosperuhoy.blogspot.com/2026/10/oportunidad-laboral-007-especialista-ambiental-ministerio-comercio-min.html;"fecha de cierre pasada (2026-08-05)"
6986762045768978095;G;CONSERVAR;CONSERVADO;7;"MUNICIPALIDAD DE IPARIA: CAS N° 001 - ITEM 27: ASISTENTE ADMINISTRATIVO PARA LA UNIDAD DE RECURSOS HUMANOS";https://empleosperuhoy.blogspot.com/2026/10/municipalidad-de-iparia-cas-n-001-item_05.html;"fecha de cierre pasada (2026-10-01)"
6992158738499477131;G;CONSERVAR;CONSERVADO;7;"DIRECCIÓN DE AGRICULTURA HUÁNUCO: 276 N° 003: PLANIFICADOR II";https://empleosperuhoy.blogspot.com/2026/10/direccion-de-agricultura-huanuco-276-n_46.html;"fecha de cierre pasada (2026-10-02)"
7007743760104900491;G;CONSERVAR;CONSERVADO;7;"RED DE SALUD OTUZCO: ENFERMERA/O - P.S. I-2 CANIBAMBA BAJO (001162)";https://empleosperuhoy.blogspot.com/2026/10/red-de-salud-otuzco-enfermerao-ps-i-2_7.html;"fecha de cierre pasada (2026-10-01)"
7019235507785909361;G;CONSERVAR;CONSERVADO;7;"PLAN MERISS: 728 N° 006 - ITEM 09: Ingeniero Geólogo";https://empleosperuhoy.blogspot.com/2026/10/oportunidad-laboral-728-006-item-ingeniero-geologo-plan-meriss-cusco-6.html;"fecha de cierre pasada (2026-10-02)"
7037143480088551442;G;CONSERVAR;CONSERVADO;7;"PROCURADURÍA DEL ESTADO: PROCURADOR PÚBLICO DE LA MUNICIPALIDAD PROVINCIAL DE ISLAY - AREQUIPA";https://empleosperuhoy.blogspot.com/2026/10/procuraduria-del-estado-procurador_458.html;"fecha de cierre pasada (2026-09-30)"
7043159059704327476;G;CONSERVAR;CONSERVADO;7;"MUNICIPALIDAD DE CONSTITUCIÓN: CAS N° 003 - ITEM 02: Auxiliar en Gestión Documentaria";https://empleosperuhoy.blogspot.com/2026/10/oportunidad-laboral-cas-003-item-auxiliar-gestion-documentaria-municip.html;"fecha de cierre pasada (2026-10-01)"
7053791080073148797;G;CONSERVAR;CONSERVADO;7;"MINISTERIO DE ECONOMÍA (MEF): N° 64-2026: Practicante para la Procuraduría Pública";https://empleosperuhoy.blogspot.com/2026/10/oportunidad-laboral-practicas-ministerio-economia-mef-derecho-oc-5f3a.html;"fecha de cierre pasada (2026-10-01)"
7054915008084465738;G;CONSERVAR;CONSERVADO;7;"UGEL 6: ESPECIALISTA ADMINISTRATIVO";https://empleosperuhoy.blogspot.com/2026/10/ugel-6-especialista-administrativo_7.html;"fecha de cierre pasada (2026-10-02)"
7056174011848877787;G;CONSERVAR;CONSERVADO;7;"GERENCIA DE SALUD LA LIBERTAD: QUÍMICO FARMACÉUTICO";https://empleosperuhoy.blogspot.com/2026/10/gerencia-de-salud-la-libertad-quimico_92.html;"fecha de cierre pasada (2026-10-01)"
7058016635609150865;G;CONSERVAR;CONSERVADO;7;"AUTORIDAD NACIONAL DE INFRAESTRUCTURA: N° 112-2026: Practicante para la Dir. de Intervenciones Multisectoriales";https://empleosperuhoy.blogspot.com/2026/10/autoridad-nacional-de-infraestructura-n_7.html;"fecha de cierre pasada (2026-10-01)"
7064414157442951753;G;CONSERVAR;CONSERVADO;7;"PROCURADURÍA DEL ESTADO: PROCURADOR PÚBLICO DE LA MUNICIPALIDAD DISTRITAL DE SAN PABLO - CANCHIS - CUSCO";https://empleosperuhoy.blogspot.com/2026/10/oportunidad-laboral-procurador-publico-municipalidad-distrital-san-pab.html;"fecha de cierre pasada (2026-09-30)"
7069059576606717228;G;CONSERVAR;CONSERVADO;7;"MINISTERIO DE ECONOMÍA (MEF): N° 58-2026: Practicante para la Oficina General de Servicios al Usuario";https://empleosperuhoy.blogspot.com/2026/10/oportunidad-laboral-practicas-ministerio-economia-mef-derecho-oc-ea92.html;"fecha de cierre pasada (2026-10-01)"
7089252833781151099;G;CONSERVAR;CONSERVADO;7;"MINISTERIO DE LA MUJER (MIMP): N° 079-2026: Practicante para la Dirección de Protección Especial - UPE Huánuco";https://empleosperuhoy.blogspot.com/2026/10/ministerio-de-la-mujer-mimp-n-079-2026_9.html;"fecha de cierre pasada (2026-10-01)"
7091668410510144108;G;CONSERVAR;CONSERVADO;7;"SUPERINTENDENCIA DE BANCA, SEGUROS Y AFP: para Practicante Preprofesional de Gestión de Proyectos & Analytics";https://empleosperuhoy.blogspot.com/2026/10/superintendencia-de-banca-seguros-y-afp_38.html;"fecha de cierre pasada (2026-10-02)"
7092437345804764085;G;CONSERVAR;CONSERVADO;7;"MINISTERIO DE LA MUJER(MIMP): ANALISTA EN TRABAJO SOCIAL PARA ASISTENCIA TÉCNICA EN SUPERVISIÓN Y ACREDITACIÓN";https://empleosperuhoy.blogspot.com/2026/10/ministerio-de-la-mujermimp-analista-en_63.html;"fecha de cierre pasada (2026-10-01)"
7093926566013069205;G;CONSERVAR;CONSERVADO;7;"HOSPITAL REGIONAL DE MOQUEGUA: 276 N° 003-2026: ENFERMERA – SERV. ENFERMERÍA DE CONSULTA EXTERNA";https://empleosperuhoy.blogspot.com/2026/10/oportunidad-laboral-276-003-2026-enfermera-serv-enfermeria-consulta-ex.html;"fecha de cierre pasada (2026-10-01)"
7101693366043023942;G;CONSERVAR;CONSERVADO;7;"UGEL MARISCAL NIETO: TÉCNICO ADMINISTRATIVO EN LOGISTICA";https://empleosperuhoy.blogspot.com/2026/10/oportunidad-laboral-cas-010-tecnico-administrativo-logistica-ugel-mari.html;"fecha de cierre pasada (2026-10-01)"
7103463345030074909;G;CONSERVAR;CONSERVADO;7;"HOSPITAL SANTA ROSA PUERTO MALDONADO: Técnico en nutrición";https://empleosperuhoy.blogspot.com/2026/10/hospital-santa-rosa-puerto-maldonado_4.html;"fecha de cierre pasada (2026-10-02)"
7108239945879680228;G;CONSERVAR;CONSERVADO;7;"DIRECCIÓN DE AGRICULTURA HUÁNUCO: 276 N° 003: INGENIERO III";https://empleosperuhoy.blogspot.com/2026/10/direccion-de-agricultura-huanuco-276-n_7.html;"fecha de cierre pasada (2026-10-02)"
7114216057783051116;G;CONSERVAR;CONSERVADO;7;"GOBIERNO REGIONAL LIBERTAD: Especialista en Formulación y Evaluación III";https://empleosperuhoy.blogspot.com/2026/10/oportunidad-laboral-cas-171-2026-especialista-formulacion-evaluacion-i.html;"fecha de cierre pasada (2026-10-02)"
7118899667170366575;G;CONSERVAR;CONSERVADO;7;"PODER JUDICIAL: CAS N° 040 - CÓDIGO 01786: COORDINADOR (A) DE CAUSA";https://empleosperuhoy.blogspot.com/2026/10/oportunidad-laboral-cas-040-codigo-coordinador-causa-poder-judicial-li.html;"fecha de cierre pasada (2026-10-01)"
7126990148015956551;G;CONSERVAR;CONSERVADO;7;"PROCURADURÍA DEL ESTADO: PROCURADOR PÚBLICO DE LA MUNICIPALIDAD PROVINCIAL DE TUMBES - TUMBES";https://empleosperuhoy.blogspot.com/2026/10/oportunidad-laboral-procurador-publico-municipalidad-provincial-tumbes.html;"fecha de cierre pasada (2026-09-30)"
7135899124933649134;G;CONSERVAR;CONSERVADO;7;"RED DE SALUD OTUZCO: MEDICO ANASTESIOLOGO - HOSP. II-1 HOSPITAL DE APOYO OTUZCO (001246)";https://empleosperuhoy.blogspot.com/2026/10/red-de-salud-otuzco-medico_6.html;"fecha de cierre pasada (2026-10-01)"
7136891148861462614;G;CONSERVAR;CONSERVADO;7;"INVERMET: ANALISTA DE PAGOS";https://empleosperuhoy.blogspot.com/2026/10/oportunidad-laboral-cas-037-analista-pagos-invermet-lima-630649.html;"fecha de cierre pasada (2026-10-01)"
7139466164808094685;G;CONSERVAR;CONSERVADO;7;"MUNICIPALIDAD DE IPARIA: CAS N° 001 - ITEM 31: APOYO ADMINISTRATIVO PARA LA UNIDAD DE LOGISTICA Y ABASTECIMIENTO";https://empleosperuhoy.blogspot.com/2026/10/municipalidad-de-iparia-cas-n-001-item_7.html;"fecha de cierre pasada (2026-10-01)"
7146358853032762809;G;CONSERVAR;CONSERVADO;7;"PROCURADURÍA DEL ESTADO: PROCURADOR PÚBLICO DE LA MUNICIPALIDAD DISTRITAL DE YONÁN - CONTUMAZÁ - CAJAMARCA";https://empleosperuhoy.blogspot.com/2026/10/procuraduria-del-estado-procurador_55.html;"fecha de cierre pasada (2026-09-30)"
7146501055946455259;G;CONSERVAR;CONSERVADO;7;"PLAN MERISS: 728 N° 006 - ITEM 26: Responsable de SSOMA";https://empleosperuhoy.blogspot.com/2026/10/oportunidad-laboral-728-006-item-responsable-ssoma-plan-meriss-c-97b9.html;"fecha de cierre pasada (2026-10-02)"
7183630775828034612;G;CONSERVAR;CONSERVADO;7;"MUNICIPALIDAD DE YAULI - HUANCAVELICA: JEFE DE SERENAZGO";https://empleosperuhoy.blogspot.com/2026/10/municipalidad-de-yauli-huancavelica_3.html;"fecha de cierre pasada (2026-10-01)"
7187729086339035580;G;CONSERVAR;CONSERVADO;7;"RED DE SALUD PUERTO INCA: N° 003-2026: Practicante para la Unidad de Patrimonio";https://empleosperuhoy.blogspot.com/2026/10/red-de-salud-puerto-inca-n-003-2026_6.html;"fecha de cierre pasada (2026-10-01)"
7189991536930746273;G;CONSERVAR;CONSERVADO;7;"PODER JUDICIAL: CAS N° 021 - CÓDIGO 01525-3: ESPECIALISTA LEGAL DE DESCARGA";https://empleosperuhoy.blogspot.com/2026/10/poder-judicial-cas-n-021-codigo-01525-3_7.html;"fecha de cierre pasada (2026-09-30)"
7191430987026802935;G;CONSERVAR;CONSERVADO;7;"MINISTERIO DE LA MUJER(MIMP): ANALISTA EN ARTICULACIÓN INTERSECTORIAL";https://empleosperuhoy.blogspot.com/2026/10/oportunidad-laboral-cas-140-analista-articulacion-intersectorial-minis.html;"fecha de cierre pasada (2026-10-01)"
7196123181538812927;G;CONSERVAR;CONSERVADO;7;"MUNICIPALIDAD DE OLLANTAYTAMBO: 276 N° 003: Asistente de obra";https://empleosperuhoy.blogspot.com/2026/10/municipalidad-de-ollantaytambo-276-n_9.html;"fecha de cierre pasada (2026-10-01)"
7202147059614137784;G;CONSERVAR;CONSERVADO;7;"MINISTERIO DE EDUCACIÓN(MINEDU): TRABAJADOR(A) SOCIAL";https://empleosperuhoy.blogspot.com/2026/10/oportunidad-laboral-cas-0073-trabajador-social-ministerio-educacion-mi.html;"fecha de cierre pasada (2026-10-02)"
7202171031312871807;G;CONSERVAR;CONSERVADO;7;"PROCURADURÍA DEL ESTADO: PROCURADOR PÚBLICO DE LA MUNICIPALIDAD PROVINCIAL DE CONTUMAZÁ - CAJAMARCA";https://empleosperuhoy.blogspot.com/2026/10/procuraduria-del-estado-procurador_773.html;"fecha de cierre pasada (2026-09-30)"
7202974052896466079;G;CONSERVAR;CONSERVADO;7;"PROCURADURÍA DEL ESTADO: PROCURADOR PÚBLICO DE LA MUNICIPALIDAD DISTRITAL DE SEPAHUA - ATALAYA - UCAYALI";https://empleosperuhoy.blogspot.com/2026/10/procuraduria-del-estado-procurador_865.html;"fecha de cierre pasada (2026-09-30)"
7205917495296231091;G;CONSERVAR;CONSERVADO;7;"GOBIERNO REGIONAL LIBERTAD: Especialista en Ingeniería III";https://empleosperuhoy.blogspot.com/2026/10/gobierno-regional-libertad-especialista_8.html;"fecha de cierre pasada (2026-10-02)"
7206257650416035339;G;CONSERVAR;CONSERVADO;7;"PROCURADURÍA DEL ESTADO: PROCURADOR PÚBLICO DE LA MUNICIPALIDAD DISTRITAL DE CARABAMBA - JULCÁN - LA LIBERTAD";https://empleosperuhoy.blogspot.com/2026/10/procuraduria-del-estado-procurador_23.html;"fecha de cierre pasada (2026-09-30)"
7229834364958922253;G;CONSERVAR;CONSERVADO;7;"SUTRAN: ABOGADOS/AS";https://empleosperuhoy.blogspot.com/2026/10/oportunidad-laboral-cas-231-abogados-sutran-lima-631662.html;"fecha de cierre pasada (2026-10-02)"
7235092550705488070;G;CONSERVAR;CONSERVADO;7;"MINISTERIO DE LA MUJER (MIMP): N° 081-2026: Practicante para la Dirección de Protección Especial - UPE Lima";https://empleosperuhoy.blogspot.com/2026/10/ministerio-de-la-mujer-mimp-n-081-2026_7.html;"fecha de cierre pasada (2026-10-01)"
7240302477043777611;G;CONSERVAR;CONSERVADO;7;"PRONATEL: COORDINADOR/A DE GESTIÓN DE RECURSOS HUMANOS";https://empleosperuhoy.blogspot.com/2026/10/pronatel-coordinadora-de-gestion-de_6.html;"fecha de cierre pasada (2026-10-02)"
7244357038685376982;G;CONSERVAR;CONSERVADO;7;"HOSPITAL SANTA ROSA PUERTO MALDONADO: Anatomía patológica";https://empleosperuhoy.blogspot.com/2026/10/oportunidad-laboral-cas-003-anatomia-patologica-hospital-santa-rosa-pu.html;"fecha de cierre pasada (2026-10-02)"
7253771247810632520;G;CONSERVAR;CONSERVADO;7;"MINISTERIO DE LA MUJER (MIMP): N° 075-2026: Practicante para la Dirección de Protección Especial - UPE Ayacucho";https://empleosperuhoy.blogspot.com/2026/10/ministerio-de-la-mujer-mimp-n-075-2026_2.html;"fecha de cierre pasada (2026-10-01)"
7280028185179928881;G;CONSERVAR;CONSERVADO;7;"INSTITUTO CATASTRAL DE LIMA(ICL): Servicio de digitación, registro y actualización de fichas catastrales";https://empleosperuhoy.blogspot.com/2026/10/oportunidad-laboral-servicio-digitacion-registro-actualizacion-fichas-.html;"fecha de cierre pasada (2026-08-06)"
7281201341851882750;G;CONSERVAR;CONSERVADO;7;"SENAMHI: OPERADOR DE OBSERVACIONES METEOROLÓGICAS O HIDROLÓGICAS ESTACION LARAQUERI (CO)";https://empleosperuhoy.blogspot.com/2026/10/oportunidad-laboral-cas-065-operador-observaciones-meteorologicas-hidr.html;"fecha de cierre pasada (2026-10-02)"
7283309180124112524;G;CONSERVAR;CONSERVADO;7;"MUNICIPALIDAD DE SURCO: N° 20-2026: Practicante para la Subgerencia de Gestión de Talento Humano";https://empleosperuhoy.blogspot.com/2026/10/municipalidad-de-surco-n-20-2026_0.html;"fecha de cierre pasada (2026-10-01)"
7286412285287939730;G;CONSERVAR;CONSERVADO;7;"MINISTERIO DE LA MUJER (MIMP): N° 078-2026: Practicante para la Dirección de Protección Especial - UPE Cusco";https://empleosperuhoy.blogspot.com/2026/10/oportunidad-laboral-practicas-ministerio-mujer-mimp-secretariado-55b3.html;"fecha de cierre pasada (2026-10-01)"
7295400228674002843;G;CONSERVAR;CONSERVADO;7;"UGEL 6: ASESOR I";https://empleosperuhoy.blogspot.com/2026/10/oportunidad-laboral-cas-070-asesor-ugel-lima-630468.html;"fecha de cierre pasada (2026-10-02)"
7297628197332351446;G;CONSERVAR;CONSERVADO;7;"SUPERINTENDENCIA MERCADO VALORES(SMV): CPMT N° 002: ANALISTA DE RECURSOS HUMANOS";https://empleosperuhoy.blogspot.com/2026/10/superintendencia-mercado-valoressmv_2.html;"fecha de cierre pasada (2026-09-22)"
7299932351742069252;G;CONSERVAR;CONSERVADO;7;"UNIVERSIDAD AGRARIA LA MOLINA: 276 N° 003-2026: INVESTIGADOR AGRARIO II";https://empleosperuhoy.blogspot.com/2026/10/oportunidad-laboral-276-003-2026-investigador-agrario-universidad-agra.html;"fecha de cierre pasada (2026-10-02)"
7309746084845217758;G;CONSERVAR;CONSERVADO;7;"GOBIERNO REGIONAL DE HUÁNUCO: CAS N° 015 - ITEM N° 05: SECRETARIA EJECUTIVA";https://empleosperuhoy.blogspot.com/2026/10/oportunidad-laboral-cas-015-item-secretaria-ejecutiva-gobierno-regiona.html;"fecha de cierre pasada (2026-10-02)"
7319630338589114568;G;CONSERVAR;CONSERVADO;7;"PROGRAMA SUBSECTORIAL IRRIGACIONES(PSI): ESPECIALISTAS EN OPERACIÓN Y MANTENIMIENTO DE INFRAESTRUCTURA DE RIEGO";https://empleosperuhoy.blogspot.com/2026/10/programa-subsectorial-irrigacionespsi_6.html;"fecha de cierre pasada (2026-09-17)"
7344531100703952671;G;CONSERVAR;CONSERVADO;7;"SUNARP: Especialista de Catastro";https://empleosperuhoy.blogspot.com/2026/10/oportunidad-laboral-cas-026-especialista-catastro-sunarp-junin-630159.html;"fecha de cierre pasada (2026-10-01)"
7344853966917536682;G;CONSERVAR;CONSERVADO;7;"PROCURADURÍA DEL ESTADO: PROCURADOR PÚBLICO DE LA MUNICIPALIDAD PROVINCIAL DE MOHO - PUNO";https://empleosperuhoy.blogspot.com/2026/10/procuraduria-del-estado-procurador_927.html;"fecha de cierre pasada (2026-09-30)"
7354100800843155953;G;CONSERVAR;CONSERVADO;7;"PODER JUDICIAL: CAS N° 066 - CÓDIGO 03523-1: AUXILIAR DE CONTROL Y VIGILANCIA";https://empleosperuhoy.blogspot.com/2026/10/oportunidad-laboral-cas-066-codigo-auxiliar-control-vigilancia-p-5ee5.html;"fecha de cierre pasada (2026-10-01)"
7355260018497062870;G;CONSERVAR;CONSERVADO;7;"PROCURADURÍA DEL ESTADO: PROCURADOR PÚBLICO DE LA MUNICIPALIDAD DISTRITAL DE LOS AQUIJES - ICA - ICA";https://empleosperuhoy.blogspot.com/2026/10/procuraduria-del-estado-procurador_906.html;"fecha de cierre pasada (2026-09-30)"
7361862892401288475;G;CONSERVAR;CONSERVADO;7;"HOSPITAL SAN JUAN DE DIOS DE PISCO: CAS N° 002 - ITEM 05: INGENIERO MECANICO ELECTRICO";https://empleosperuhoy.blogspot.com/2026/10/oportunidad-laboral-cas-002-item-ingeniero-mecanico-electrico-hospital.html;"fecha de cierre pasada (2026-10-01)"
7365177255110250831;G;CONSERVAR;CONSERVADO;7;"MUNICIPALIDAD DE IPARIA: CAS N° 001 - ITEM 14: APOYO ADMINISTRATIVO PARA LA SUBGERENCIA DE SERVICIOS PUBLICOS";https://empleosperuhoy.blogspot.com/2026/10/municipalidad-de-iparia-cas-n-001-item_3.html;"fecha de cierre pasada (2026-10-01)"
7375112326948098956;G;CONSERVAR;CONSERVADO;7;"RED DE SALUD HUAMALÍES: MÉDICO ESPECIALISTA EN PEDIATRÍA";https://empleosperuhoy.blogspot.com/2026/10/red-de-salud-huamalies-medico_5.html;"fecha de cierre pasada (2026-10-02)"
7376941575353092185;G;CONSERVAR;CONSERVADO;7;"UGEL 6: Abogado I";https://empleosperuhoy.blogspot.com/2026/10/ugel-6-abogado-i_8.html;"fecha de cierre pasada (2026-10-02)"
7377269976649195214;G;CONSERVAR;CONSERVADO;7;"PROCURADURÍA DEL ESTADO: PROCURADOR PÚBLICO DE LA MUNICIPALIDAD PROVINCIAL DE SANTIAGO DE CHUCO - LA LIBERTAD";https://empleosperuhoy.blogspot.com/2026/10/oportunidad-laboral-procurador-publico-municipalidad-provincial-santia.html;"fecha de cierre pasada (2026-09-30)"
7378087132365128854;G;CONSERVAR;CONSERVADO;7;"GOBIERNO REGIONAL DE HUÁNUCO: CAS N° 015 - ITEM N° 03: MADRE SUSTITUTA II";https://empleosperuhoy.blogspot.com/2026/10/oportunidad-laboral-cas-015-item-madre-sustituta-gobierno-region-9a1f.html;"fecha de cierre pasada (2026-10-02)"
7380656675182453621;G;CONSERVAR;CONSERVADO;7;"BIBLIOTECA NACIONAL(BNP): ANALISTA EN SEGURIDAD Y SALUD EN EL TRABAJO";https://empleosperuhoy.blogspot.com/2026/10/oportunidad-laboral-cas-062-analista-seguridad-salud-trabajo-bibliotec.html;"fecha de cierre pasada (2026-10-01)"
7387605708213178896;G;CONSERVAR;CONSERVADO;7;"OFIS: ESPECIALISTA EN CONTRATACIONES PÚBLICAS.";https://empleosperuhoy.blogspot.com/2026/10/ofis-especialista-en-contrataciones_3.html;"fecha de cierre pasada (2026-10-01)"
7387672509776640841;G;CONSERVAR;CONSERVADO;7;"HOSPITAL SAN JUAN DE DIOS DE PISCO: CAS N° 002 - ITEM 02: PSICOLOGO";https://empleosperuhoy.blogspot.com/2026/10/hospital-san-juan-de-dios-de-pisco-cas_16.html;"fecha de cierre pasada (2026-10-01)"
7412328225705958208;G;CONSERVAR;CONSERVADO;7;"GERENCIA DE SALUD LA LIBERTAD: BIOLOGO(A)";https://empleosperuhoy.blogspot.com/2026/10/gerencia-de-salud-la-libertad-biologoa_6.html;"fecha de cierre pasada (2026-10-01)"
7424587129106291146;G;CONSERVAR;CONSERVADO;7;"TRIBUNAL CONSTITUCIONAL(TC): CAP N° 006-2026: TÉCNICO ADMINISTRATIVO II";https://empleosperuhoy.blogspot.com/2026/10/tribunal-constitucionaltc-cap-n-006_2.html;"fecha de cierre pasada (2026-10-02)"
7427672800680340384;G;CONSERVAR;CONSERVADO;7;"UGEL 6: ESPECIALISTA EN PLANILLAS";https://empleosperuhoy.blogspot.com/2026/10/oportunidad-laboral-cas-066-especialista-planillas-ugel-lima-630463.html;"fecha de cierre pasada (2026-10-02)"
7433754479228468576;G;CONSERVAR;CONSERVADO;7;"RED DE SALUD AZÁNGARO: LIC. ENFERMERA(O)";https://empleosperuhoy.blogspot.com/2026/10/red-de-salud-azangaro-lic-enfermerao_2.html;"fecha de cierre pasada (2026-10-02)"
7450944035455827108;G;CONSERVAR;CONSERVADO;7;"MINISTERIO DE JUSTICIA(MINJUS): Defensor Público en el Nuevo Código Procesal Penal SNEJ.";https://empleosperuhoy.blogspot.com/2026/10/oportunidad-laboral-cas-227-defensor-publico-nuevo-codigo-procesal-pen.html;"fecha de cierre pasada (2026-10-01)"
7458581955742918423;G;CONSERVAR;CONSERVADO;7;"GOBIERNO REGIONAL DE HUÁNUCO: CAS N° 015 - ITEM N° 06: ABOGADO";https://empleosperuhoy.blogspot.com/2026/10/gobierno-regional-de-huanuco-cas-n-015_76.html;"fecha de cierre pasada (2026-10-02)"
7474409896977731155;G;CONSERVAR;CONSERVADO;7;"RED DE SALUD PUERTO INCA: 276 N° 004: QUIMICO FARMACEUTICO";https://empleosperuhoy.blogspot.com/2026/10/red-de-salud-puerto-inca-276-n-004_5.html;"fecha de cierre pasada (2026-10-01)"
747799016512953144;G;CONSERVAR;CONSERVADO;7;"PROGRAMA SUBSECTORIAL IRRIGACIONES(PSI): ESPECIALISTAS EN FORMULACIÓN DE ESTUDIOS DE PRE INVERSION: PROYECTO HUÁNUCO";https://empleosperuhoy.blogspot.com/2026/10/oportunidad-laboral-especialistas-formulacion-estudios-pre-inver-7d8d.html;"fecha de cierre pasada (2026-09-16)"
7486853172497835516;G;CONSERVAR;CONSERVADO;7;"PROMPERÚ: EJECUTIVO EN PROMOCIÓN DE PROYECTOS";https://empleosperuhoy.blogspot.com/2026/10/oportunidad-laboral-cas-065-ejecutivo-promocion-proyectos-promperu-lim.html;"fecha de cierre pasada (2026-10-02)"
7496062543480401388;G;CONSERVAR;CONSERVADO;7;"HOSPITAL REGIONAL DE MOQUEGUA: 276 N° 003-2026: ASISTENTE EN SERVICIOS DE SALUD – HOSPITALIZACIÓN MEDICINA";https://empleosperuhoy.blogspot.com/2026/10/hospital-regional-de-moquegua-276-n-003_18.html;"fecha de cierre pasada (2026-10-01)"
7503958423454386085;G;CONSERVAR;CONSERVADO;7;"MUNICIPALIDAD DE PUEBLO LIBRE: Operario de Recolección de Residuos Sólidos";https://empleosperuhoy.blogspot.com/2026/10/municipalidad-de-pueblo-libre-operario_1.html;"fecha de cierre pasada (2026-10-01)"
7505066757352119929;G;CONSERVAR;CONSERVADO;7;"PLAN MERISS: 728 N° 006 - ITEM 07: Especialista Hidráulico Presas";https://empleosperuhoy.blogspot.com/2026/10/oportunidad-laboral-728-006-item-especialista-hidraulico-presas-plan-m.html;"fecha de cierre pasada (2026-10-02)"
7510531344991143931;G;CONSERVAR;CONSERVADO;7;"JUNTOS: SECRETARIO/A TECNICO/A DE PROCEDIMIENTOS ADMINISTRATIVOS";https://empleosperuhoy.blogspot.com/2026/10/oportunidad-laboral-cas-176-secretario-tecnico-procedimientos-administ.html;"fecha de cierre pasada (2026-10-01)"
7511752848432097309;G;CONSERVAR;CONSERVADO;7;"RED DE SALUD HUAMALÍES: PERSONAL TÉCNICO PARA ATENCIÓN AL USUARIO";https://empleosperuhoy.blogspot.com/2026/10/red-de-salud-huamalies-personal-tecnico_9.html;"fecha de cierre pasada (2026-10-02)"
75160629228257590;G;CONSERVAR;CONSERVADO;7;"PODER JUDICIAL: N° 033 - CÓDIGO 00309: Secretario Judicial";https://empleosperuhoy.blogspot.com/2026/10/poder-judicial-n-033-codigo-00309_0.html;"fecha de cierre pasada (2026-10-01)"
7543967492107023669;G;CONSERVAR;CONSERVADO;7;"PLAN MERISS: 728 N° 006 - ITEM 18: Responsable SSOMA";https://empleosperuhoy.blogspot.com/2026/10/plan-meriss-728-n-006-item-18_1.html;"fecha de cierre pasada (2026-10-02)"
7546164356598429830;G;CONSERVAR;CONSERVADO;7;"SENAMHI: OPERADOR DE OBSERVACIONES METEOROLÓGICAS O HIDROLÓGICAS ESTACION";https://empleosperuhoy.blogspot.com/2026/10/oportunidad-laboral-cas-064-operador-observaciones-meteorologicas-hidr.html;"fecha de cierre pasada (2026-10-02)"
7548435362735784017;G;CONSERVAR;CONSERVADO;7;"PROCURADURÍA DEL ESTADO: PROCURADOR PÚBLICO DE LA MUNICIPALIDAD DISTRITAL DE CHINCHA BAJA - CHINCHA - ICA";https://empleosperuhoy.blogspot.com/2026/10/oportunidad-laboral-procurador-publico-municipalidad-distrital-chincha.html;"fecha de cierre pasada (2026-09-30)"
7555378114578497862;G;CONSERVAR;CONSERVADO;7;"UGEL UTCUBAMBA: Responsable de la Oficina de Patrimonio";https://empleosperuhoy.blogspot.com/2026/10/ugel-utcubamba-responsable-de-la_3.html;"fecha de cierre pasada (2026-10-02)"
7558844944169149407;G;CONSERVAR;CONSERVADO;7;"PROCURADURÍA DEL ESTADO: PROCURADOR PÚBLICO DE LA MUNICIPALIDAD DISTRITAL DE COLAN - PAITA - PIURA";https://empleosperuhoy.blogspot.com/2026/10/oportunidad-laboral-procurador-publico-municipalidad-distrital-colan-p.html;"fecha de cierre pasada (2026-09-30)"
7559939185098954586;G;CONSERVAR;CONSERVADO;7;"UGEL AMBO: N° 17-2026: Practicante para la Unidad de Gestión Administrativa";https://empleosperuhoy.blogspot.com/2026/10/ugel-ambo-n-17-2026-practicante-para-la_5.html;"fecha de cierre pasada (2026-10-02)"
7563603697256635432;G;CONSERVAR;CONSERVADO;7;"PROCURADURÍA DEL ESTADO: PROCURADOR PÚBLICO DE LA MUNICIPALIDAD DISTRITAL DE SANTIAGO DE PUPUJA - AZÁNGARO - PUNO";https://empleosperuhoy.blogspot.com/2026/10/oportunidad-laboral-procurador-publico-municipalidad-distrital-santiag.html;"fecha de cierre pasada (2026-09-30)"
7568708392122950467;G;CONSERVAR;CONSERVADO;7;"MUNICIPALIDAD DE IPARIA: CAS N° 001 - ITEM 29: ASISTENTE ADMINISTRATIVO ESPECIALISTA EN GRD";https://empleosperuhoy.blogspot.com/2026/10/municipalidad-de-iparia-cas-n-001-item_89.html;"fecha de cierre pasada (2026-10-01)"
7570519848035392763;G;CONSERVAR;CONSERVADO;7;"GOBIERNO REGIONAL CUSCO: 276 N° 003-2026: ECONOMISTA III";https://empleosperuhoy.blogspot.com/2026/10/oportunidad-laboral-276-003-2026-economista-iii-gobierno-regional-cusc.html;"fecha de cierre pasada (2026-10-02)"
7580647181023911590;G;CONSERVAR;CONSERVADO;7;"N° 032-2026: Practicante para el Gabinete de Asesores del Despacho Ministerial - MINISTERIO DE TRABAJO (MTPE)";https://empleosperuhoy.blogspot.com/2026/09/n-032-2026-practicante-para-el-gabinete.html;"fecha de cierre pasada (2026-09-29)"
7582418169168512060;G;CONSERVAR;CONSERVADO;7;"Nº 072 - 2026 Practicante para la Dirección de Evaluación Ambiental";https://empleosperuhoy.blogspot.com/2026/09/n-072-2026-practicante-para-la.html;"fecha de cierre pasada (2026-09-28)"
7595725312151626703;G;CONSERVAR;CONSERVADO;7;"GOBIERNO REGIONAL CUSCO: 276 N° 003-2026: INGENIERO IV";https://empleosperuhoy.blogspot.com/2026/10/gobierno-regional-cusco-276-n-003-2026_55.html;"fecha de cierre pasada (2026-10-02)"
7596356558415143683;G;CONSERVAR;CONSERVADO;7;"UGEL LA UNION: ESPECIALISTA EN FINANZAS";https://empleosperuhoy.blogspot.com/2026/10/oportunidad-laboral-cas-018-especialista-finanzas-ugel-union-arequipa-.html;"fecha de cierre pasada (2026-10-01)"
7599496546721317025;G;CONSERVAR;CONSERVADO;7;"ONPE: COORDINADOR DE MESA - ODPE HUAYTARA";https://empleosperuhoy.blogspot.com/2026/10/oportunidad-laboral-coordinador-mesa-odpe-huaytara-onpe-huancavelica-6.html;"fecha de cierre pasada (2026-10-03)"
7609459388703979589;G;CONSERVAR;CONSERVADO;7;"MINISTERIO DE LA MUJER(MIMP): ANALISTA DE ADMISIÓN";https://empleosperuhoy.blogspot.com/2026/10/ministerio-de-la-mujermimp-analista-de_7.html;"fecha de cierre pasada (2026-10-01)"
7610187481674536248;G;CONSERVAR;CONSERVADO;7;"INDECOPI: DL 728 N° 070: Especialista 2";https://empleosperuhoy.blogspot.com/2026/10/oportunidad-laboral-728-070-especialista-indecopi-lima-631293.html;"fecha de cierre pasada (2026-10-01)"
7612834748488391754;G;CONSERVAR;CONSERVADO;7;"SERVIR: N° 024-2026: Practicante para el Tribunal del Servicio Civil";https://empleosperuhoy.blogspot.com/2026/10/servir-n-024-2026-practicante-para-el_0.html;"fecha de cierre pasada (2026-10-01)"
7617007156994466469;G;CONSERVAR;CONSERVADO;7;"MINISTERIO DE LA MUJER(MIMP): ANALISTA EN MATERIA LEGAL";https://empleosperuhoy.blogspot.com/2026/10/oportunidad-laboral-cas-150-analista-materia-legal-ministerio-mujer-mi.html;"fecha de cierre pasada (2026-10-01)"
7633012340086053510;G;CONSERVAR;CONSERVADO;7;"MUNICIPALIDAD DE PUEBLO LIBRE: Resolutor Tributario";https://empleosperuhoy.blogspot.com/2026/10/municipalidad-de-pueblo-libre-resolutor_3.html;"fecha de cierre pasada (2026-10-01)"
7636496073669185142;G;CONSERVAR;CONSERVADO;7;"GOBIERNO REGIONAL DE HUÁNUCO: CAS N° 015 - ITEM N° 01: MADRE SUSTITUTA";https://empleosperuhoy.blogspot.com/2026/10/oportunidad-laboral-cas-015-item-madre-sustituta-gobierno-region-7f71.html;"fecha de cierre pasada (2026-10-02)"
7638634706899387017;G;CONSERVAR;CONSERVADO;7;"PROGRAMA SUBSECTORIAL IRRIGACIONES(PSI): ESPECIALISTAS EN FORMULACIÓN DE ESTUDIOS DE PRE INVERSION: PROYECTO LA LIBERTAD";https://empleosperuhoy.blogspot.com/2026/10/oportunidad-laboral-especialistas-formulacion-estudios-pre-inver-e5e4.html;"fecha de cierre pasada (2026-09-16)"
7641453220964553515;G;CONSERVAR;CONSERVADO;7;"GERENCIA DE SALUD LA LIBERTAD: INGENIERO DE SISTEMAS";https://empleosperuhoy.blogspot.com/2026/10/oportunidad-laboral-cas-003-2026-ingeniero-sistemas-gerencia-salud-lib.html;"fecha de cierre pasada (2026-10-01)"
7647588633389761743;G;CONSERVAR;CONSERVADO;7;"MINISTERIO DE LA MUJER(MIMP): Especialista en Bienestar Social";https://empleosperuhoy.blogspot.com/2026/10/oportunidad-laboral-cas-155-especialista-bienestar-social-ministerio-m.html;"fecha de cierre pasada (2026-10-01)"
7656784082766324466;G;CONSERVAR;CONSERVADO;7;"HOSPITAL SANTA ROSA PUERTO MALDONADO: Radiología";https://empleosperuhoy.blogspot.com/2026/10/oportunidad-laboral-cas-003-radiologia-hospital-santa-rosa-puerto-mald.html;"fecha de cierre pasada (2026-10-02)"
7657639960859023561;G;CONSERVAR;CONSERVADO;7;"MUNICIPALIDAD DE IPARIA: CAS N° 001 - ITEM 18: ASISTENTE TECNICO PARA LA SUBS GERENCIA DE OBRAS Y DESARROLLO URBANO";https://empleosperuhoy.blogspot.com/2026/10/municipalidad-de-iparia-cas-n-001-item_41.html;"fecha de cierre pasada (2026-10-01)"
7681339978163004426;G;CONSERVAR;CONSERVADO;7;"MINISTERIO DE COMERCIO(MINCETUR): Asistente en Comercio de Servicios";https://empleosperuhoy.blogspot.com/2026/10/ministerio-de-comerciomincetur_9.html;"fecha de cierre pasada (2026-10-01)"
7684837930820989702;G;CONSERVAR;CONSERVADO;7;"MINISTERIO DE COMERCIO(MINCETUR): Analista en Asuntos Multilaterales";https://empleosperuhoy.blogspot.com/2026/10/ministerio-de-comerciomincetur-analista_03.html;"fecha de cierre pasada (2026-10-01)"
7700145488764075919;G;CONSERVAR;CONSERVADO;7;"RED DE SALUD PATAZ: BIÓLOGO/A";https://empleosperuhoy.blogspot.com/2026/10/oportunidad-laboral-cas-006-biologo-red-salud-pataz-libertad-632867.html;"fecha de cierre pasada (2026-10-02)"
7700177449722560278;G;CONSERVAR;CONSERVADO;7;"SUTRAN: ANALISTA LEGAL";https://empleosperuhoy.blogspot.com/2026/10/oportunidad-laboral-cas-232-analista-legal-sutran-lima-631663.html;"fecha de cierre pasada (2026-10-02)"
7712447105129931354;G;CONSERVAR;CONSERVADO;7;"CENEPRED: ESPECIALISTA LEGAL";https://empleosperuhoy.blogspot.com/2026/10/oportunidad-laboral-cas-032-especialista-legal-cenepred-lima-633592.html;"fecha de cierre pasada (2026-10-02)"
7740308876486948054;G;CONSERVAR;CONSERVADO;7;"MINISTERIO DE ECONOMÍA (MEF): N° 55-2026: Practicante para la Oficina General de Planeamiento y Presupuesto";https://empleosperuhoy.blogspot.com/2026/10/oportunidad-laboral-practicas-ministerio-economia-mef-ingenieria-siste.html;"fecha de cierre pasada (2026-10-01)"
7767822645861651199;G;CONSERVAR;CONSERVADO;7;"MINISTERIO DE JUSTICIA(MINJUS): Asistente Administrativo.";https://empleosperuhoy.blogspot.com/2026/10/ministerio-de-justiciaminjus-asistente_1.html;"fecha de cierre pasada (2026-10-01)"
7782348151541260951;G;CONSERVAR;CONSERVADO;7;"PROCURADURÍA DEL ESTADO: PROCURADOR PÚBLICO DE LA MUNICIPALIDAD DISTRITAL DE CASA GRANDE - ASCOPE - LA LIBERTAD";https://empleosperuhoy.blogspot.com/2026/10/oportunidad-laboral-procurador-publico-municipalidad-distrital-casa-gr.html;"fecha de cierre pasada (2026-09-30)"
7808410717939195121;G;CONSERVAR;CONSERVADO;7;"PROCURADURÍA DEL ESTADO: PROCURADOR PÚBLICO DE LA MUNICIPALIDAD DISTRITAL DE YUYAPICHIS - PUERTO INCA - HUÁNUCO";https://empleosperuhoy.blogspot.com/2026/10/oportunidad-laboral-procurador-publico-municipalidad-distrital-yuyapic.html;"fecha de cierre pasada (2026-09-30)"
7810916054793745324;G;CONSERVAR;CONSERVADO;7;"PROCURADURÍA DEL ESTADO: PROCURADOR PÚBLICO DE LA MUNICIPALIDAD PROVINCIAL DE HUAROCHIRÍ - LIMA";https://empleosperuhoy.blogspot.com/2026/10/procuraduria-del-estado-procurador_69.html;"fecha de cierre pasada (2026-09-30)"
7815676733263782464;G;CONSERVAR;CONSERVADO;7;"MINISTERIO DE JUSTICIA(MINJUS): Traductor e Intérprete (especializado en lenguas originarias y/o Señas) SNEJ.";https://empleosperuhoy.blogspot.com/2026/10/oportunidad-laboral-cas-228-traductor-interprete-especializado-lenguas.html;"fecha de cierre pasada (2026-10-01)"
7822883322381252191;G;CONSERVAR;CONSERVADO;7;"DIRECCIÓN AGRARIA DE ANDAHUAYLAS: ASISTENTE DE PROYECTOS DE INVERSION PUBLICA";https://empleosperuhoy.blogspot.com/2026/10/oportunidad-laboral-cas-005-asistente-proyectos-inversion-public-36e3.html;"fecha de cierre pasada (2026-10-02)"
7831593275598661820;G;CONSERVAR;CONSERVADO;7;"AUTORIDAD NACIONAL DE INFRAESTRUCTURA: N° 116-2026: Practicante para la Dir. de Intervenciones Multisectoriales";https://empleosperuhoy.blogspot.com/2026/10/autoridad-nacional-de-infraestructura-n_4.html;"fecha de cierre pasada (2026-10-01)"
7841579002429695560;G;CONSERVAR;CONSERVADO;7;"SUPERINTENDENCIA DE BANCA, SEGUROS Y AFP: para Practicante Preprofesional de Supervisión Bancaria A y DATA";https://empleosperuhoy.blogspot.com/2026/10/oportunidad-laboral-practicas-superintendencia-banca-seguros-afp-econo.html;"fecha de cierre pasada (2026-10-02)"
7841751488655786146;G;CONSERVAR;CONSERVADO;7;"RED DE SALUD PUERTO INCA: 276 N° 004: MEDICO";https://empleosperuhoy.blogspot.com/2026/10/red-de-salud-puerto-inca-276-n-004_2.html;"fecha de cierre pasada (2026-10-01)"
7854180520958980622;G;CONSERVAR;CONSERVADO;7;"PROCURADURÍA DEL ESTADO: PROCURADOR PÚBLICO DE LA MUNICIPALIDAD DISTRITAL DE SITAJARA - TARATA - TACNA";https://empleosperuhoy.blogspot.com/2026/10/oportunidad-laboral-procurador-publico-municipalidad-distrital-sitajar.html;"fecha de cierre pasada (2026-09-30)"
786265452254960297;G;CONSERVAR;CONSERVADO;7;"MUNICIPALIDAD DE ATE: Cajero";https://empleosperuhoy.blogspot.com/2026/10/municipalidad-de-ate-cajero_8.html;"fecha de cierre pasada (2026-10-02)"
7892937728660021159;G;CONSERVAR;CONSERVADO;7;"GOBIERNO REGIONAL CUSCO: 276 N° 003-2026: TÉCNICO EN TURISMO I";https://empleosperuhoy.blogspot.com/2026/10/gobierno-regional-cusco-276-n-003-2026_39.html;"fecha de cierre pasada (2026-10-02)"
7898097995950934525;G;CONSERVAR;CONSERVADO;7;"PROCURADURÍA DEL ESTADO: PROCURADOR PÚBLICO ADJUNTO DE LA MUNICIPALIDAD DISTRITAL DE MARIANO MELGAR - AREQUIPA - AREQUIPA";https://empleosperuhoy.blogspot.com/2026/10/oportunidad-laboral-procurador-publico-adjunto-municipalidad-distrital.html;"fecha de cierre pasada (2026-09-30)"
7900693120778338986;G;CONSERVAR;CONSERVADO;7;"MINISTERIO DE LA PRODUCCIÓN(PRODUCE): AUXILIAR COACTIVO";https://empleosperuhoy.blogspot.com/2026/10/oportunidad-laboral-cas-056-auxiliar-coactivo-ministerio-produccion-pr.html;"fecha de cierre pasada (2026-10-02)"
7902975724037111814;G;CONSERVAR;CONSERVADO;7;"RED DE SALUD HUAMALÍES: ENFERMERA/O";https://empleosperuhoy.blogspot.com/2026/10/oportunidad-laboral-cas-006-2026-enfermera-red-salud-huamalies-huanuco.html;"fecha de cierre pasada (2026-10-02)"
7932940463863353982;G;CONSERVAR;CONSERVADO;7;"SENAMHI: OPERADOR DE OBSERVACIONES METEOROLÓGICAS O HIDROLÓGICAS ESTACION CHAQUICOCH";https://empleosperuhoy.blogspot.com/2026/10/oportunidad-laboral-cas-066-operador-observaciones-meteorologicas-hidr.html;"fecha de cierre pasada (2026-10-02)"
7951382307559536353;G;CONSERVAR;CONSERVADO;7;"MUNICIPALIDAD DE PUEBLO LIBRE: OPERADOR DE CÁMARA";https://empleosperuhoy.blogspot.com/2026/10/municipalidad-de-pueblo-libre-operador_9.html;"fecha de cierre pasada (2026-10-01)"
7958667049059334954;G;CONSERVAR;CONSERVADO;7;"PODER JUDICIAL: CAS N° 025 - CÓDIGO 000551: ESPECIALISTA LEGAL DE AUDIENCIAS";https://empleosperuhoy.blogspot.com/2026/10/oportunidad-laboral-cas-025-codigo-especialista-legal-audiencias-poder.html;"fecha de cierre pasada (2026-10-01)"
7967198884711478363;G;CONSERVAR;CONSERVADO;7;"PROMPERÚ: EJECUTIVO DE GESTIÓN DE MEDIOS DIGITALES";https://empleosperuhoy.blogspot.com/2026/10/promperu-ejecutivo-de-gestion-de-medios_6.html;"fecha de cierre pasada (2026-10-02)"
7979711982961720821;G;CONSERVAR;CONSERVADO;7;"INABIF: ANALISTA DE INTEGRIDAD Y CONTROL INTERNO";https://empleosperuhoy.blogspot.com/2026/10/inabif-analista-de-integridad-y-control_3.html;"fecha de cierre pasada (2026-09-30)"
7981781370403899478;G;CONSERVAR;CONSERVADO;7;"MUNICIPALIDAD DE IPARIA: CAS N° 001 - ITEM 21: APOYO ADMINISTRATIVO PARA LA SUB GERENCIA DE SERVICIOS PUBLICOS";https://empleosperuhoy.blogspot.com/2026/10/municipalidad-de-iparia-cas-n-001-item_71.html;"fecha de cierre pasada (2026-10-01)"
801194200515661288;G;CONSERVAR;CONSERVADO;7;"AGROBANCO: para Practicante de Finanzas";https://empleosperuhoy.blogspot.com/2026/10/agrobanco-para-practicante-de-finanzas_1.html;"fecha de cierre pasada (2026-10-02)"
8018002835737591665;G;CONSERVAR;CONSERVADO;7;"GOBIERNO REGIONAL CUSCO: 276 N° 003-2026: ESPECIALISTA EN CAPACITACION III";https://empleosperuhoy.blogspot.com/2026/10/oportunidad-laboral-276-003-2026-especialista-capacitacion-iii-gobiern.html;"fecha de cierre pasada (2026-10-02)"
8022948547007149069;G;CONSERVAR;CONSERVADO;7;"INTENDENCIA NACIONAL DE BOMBEROS: ESPECIALISTA ADMINISTRATIVO";https://empleosperuhoy.blogspot.com/2026/10/oportunidad-laboral-cas-048-especialista-administrativo-intendencia-na.html;"fecha de cierre pasada (2026-10-01)"
8025642815044264510;G;CONSERVAR;CONSERVADO;7;"HOSPITAL SANTA ROSA PUERTO MALDONADO: Enfermera/o especialista";https://empleosperuhoy.blogspot.com/2026/10/oportunidad-laboral-cas-003-enfermera-especialista-hospital-santa-rosa.html;"fecha de cierre pasada (2026-10-02)"
8036889889813744792;G;CONSERVAR;CONSERVADO;7;"PROGRAMA SUBSECTORIAL IRRIGACIONES(PSI): ESPECIALISTA EN EXTENSION EN RIEGO: JUSHM ALTO HUALLAGA - HUANUCO";https://empleosperuhoy.blogspot.com/2026/10/oportunidad-laboral-especialista-extension-riego-jushm-alto-huallaga-h.html;"fecha de cierre pasada (2026-09-17)"
8045429365010900812;G;CONSERVAR;CONSERVADO;7;"PODER JUDICIAL: CAS N° 072 - CÓDIGO 01129: ESPECIALISTA JUDICIAL DE AUDIENCIA";https://empleosperuhoy.blogspot.com/2026/10/oportunidad-laboral-cas-072-codigo-especialista-judicial-audiencia-pod.html;"fecha de cierre pasada (2026-10-01)"
8054490796396819048;G;CONSERVAR;CONSERVADO;7;"MUNICIPALIDAD DE YAULI - HUANCAVELICA: APΟΥΟ ADMINISTRATIVO";https://empleosperuhoy.blogspot.com/2026/10/oportunidad-laboral-cas-003-administrativo-municipalidad-yauli-huancav.html;"fecha de cierre pasada (2026-10-01)"
8055724941614784834;G;CONSERVAR;CONSERVADO;7;"MINISTERIO DE LA MUJER (MIMP): N° 074-2026: Practicante para la Dirección de Protección Espec. - UPE Apurímac";https://empleosperuhoy.blogspot.com/2026/10/oportunidad-laboral-practicas-ministerio-mujer-mimp-secretariado-da74.html;"fecha de cierre pasada (2026-10-01)"
8077230857100283533;G;CONSERVAR;CONSERVADO;7;"OEFA: ESPECIALISTA LEGAL";https://empleosperuhoy.blogspot.com/2026/10/oportunidad-laboral-cas-127-especialista-legal-oefa-lima-630188.html;"fecha de cierre pasada (2026-10-02)"
8078145578685612118;G;CONSERVAR;CONSERVADO;7;"PLAN MERISS: 728 N° 006 - ITEM 27: Personal de PMA / Arqueólogo de Obra";https://empleosperuhoy.blogspot.com/2026/10/oportunidad-laboral-728-006-item-personal-pma-arqueologo-obra-plan-mer.html;"fecha de cierre pasada (2026-10-02)"
8079182054602445493;G;CONSERVAR;CONSERVADO;7;"MUNICIPALIDAD DE IPARIA: CAS N° 001 - ITEM 30: ASISTENTE ADMINISTRATIVO ESPECIALISTA EN PVL PARA EL PROGRAMA VASO DE LECHE";https://empleosperuhoy.blogspot.com/2026/10/oportunidad-laboral-cas-001-item-asistente-administrativo-especi-a119.html;"fecha de cierre pasada (2026-10-01)"
8080706435014705494;G;CONSERVAR;CONSERVADO;7;"SUCAMEC: ANALISTA EN CONTRATACIONES";https://empleosperuhoy.blogspot.com/2026/10/oportunidad-laboral-cas-088-analista-contrataciones-sucamec-lima-63203.html;"fecha de cierre pasada (2026-10-01)"
8084215020212693176;G;CONSERVAR;CONSERVADO;7;"PROCURADURÍA DEL ESTADO: PROCURADOR PÚBLICO DE LA MUNICIPALIDAD DISTRITAL DE BUENOS AIRES - MORROPÓN - PIURA";https://empleosperuhoy.blogspot.com/2026/10/oportunidad-laboral-procurador-publico-municipalidad-distrital-buenos-.html;"fecha de cierre pasada (2026-09-30)"
8084636934584273163;G;CONSERVAR;CONSERVADO;7;"MINISTERIO DE EDUCACIÓN(MINEDU): ESPECIALISTA";https://empleosperuhoy.blogspot.com/2026/10/oportunidad-laboral-cas-0586-especialista-ministerio-educacion-minedu-.html;"fecha de cierre pasada (2026-10-02)"
8092256465769995658;G;CONSERVAR;CONSERVADO;7;"MINISTERIO DE EDUCACIÓN(MINEDU): ESPECIALISTA EN MATERIA DE RÉGIMEN DISCIPLINARIO";https://empleosperuhoy.blogspot.com/2026/10/ministerio-de-educacionminedu_8.html;"fecha de cierre pasada (2026-10-02)"
8098480059303877906;G;CONSERVAR;CONSERVADO;7;"UGEL 6: Secretaria (o)";https://empleosperuhoy.blogspot.com/2026/10/ugel-6-secretaria-o_6.html;"fecha de cierre pasada (2026-10-02)"
8105807129812760090;G;CONSERVAR;CONSERVADO;7;"MINISTERIO DE EDUCACIÓN(MINEDU): ESPECIALISTA EN OPERATIVOS DE PRODUCCIÓN DE INFORMACIÓN";https://empleosperuhoy.blogspot.com/2026/10/oportunidad-laboral-cas-0081-especialista-operativos-produccion-inform.html;"fecha de cierre pasada (2026-10-02)"
811112256232648142;G;CONSERVAR;CONSERVADO;7;"SUTRAN: ASISTENTE LEGAL";https://empleosperuhoy.blogspot.com/2026/10/oportunidad-laboral-cas-233-asistente-legal-sutran-lima-631664.html;"fecha de cierre pasada (2026-10-02)"
8121951813145295911;G;CONSERVAR;CONSERVADO;7;"PROGRAMA SUBSECTORIAL IRRIGACIONES(PSI): SERVICIO ESPECIALIZADO EN SEGUIMIENTO Y MONITOREO DE ESTUDIOS I- ZONA 3 (SUR)";https://empleosperuhoy.blogspot.com/2026/10/programa-subsectorial-irrigacionespsi_44.html;"fecha de cierre pasada (2026-09-15)"
812744747362268309;G;CONSERVAR;CONSERVADO;7;"PROCURADURÍA DEL ESTADO: PROCURADOR PÚBLICO DE LA MUNICIPALIDAD DISTRITAL DE QUIRUVILCA - SANTIAGO DE CHUCO - LA LIBERTAD";https://empleosperuhoy.blogspot.com/2026/10/oportunidad-laboral-procurador-publico-municipalidad-distrital-quiruvi.html;"fecha de cierre pasada (2026-09-30)"
8131736549492094881;G;CONSERVAR;CONSERVADO;7;"MUNICIPALIDAD DE YAULI - HUANCAVELICA: ASISTENTE ADMINISTRATIVO";https://empleosperuhoy.blogspot.com/2026/10/oportunidad-laboral-cas-003-asistente-administrativo-municipalidad-yau.html;"fecha de cierre pasada (2026-10-01)"
8135157701607813475;G;CONSERVAR;CONSERVADO;7;"PODER JUDICIAL: N° 022 - CÓDIGO 00347: TECNICO JUDICIAL";https://empleosperuhoy.blogspot.com/2026/10/oportunidad-laboral-022-codigo-tecnico-judicial-poder-loreto-632252.html;"fecha de cierre pasada (2026-10-01)"
8144784525877650083;G;CONSERVAR;CONSERVADO;7;"GERENCIA DE SALUD LA LIBERTAD: TECNÓLOGO MÉDICO EN LABORATORIO CLÍNICO Y ANATOMÍA PATOLÓGICA";https://empleosperuhoy.blogspot.com/2026/10/oportunidad-laboral-cas-003-2026-tecnologo-medico-laboratorio-clinico-.html;"fecha de cierre pasada (2026-10-01)"
8148975505759360206;G;CONSERVAR;CONSERVADO;7;"MINISTERIO DE LA MUJER (MIMP): N° 076-2026: Practicante para la Dirección de Protección Especial - UPE Ayacucho";https://empleosperuhoy.blogspot.com/2026/10/oportunidad-laboral-practicas-ministerio-mujer-mimp-secretariado-d2d8.html;"fecha de cierre pasada (2026-10-01)"
8153822515020821238;G;CONSERVAR;CONSERVADO;7;"PLAN MERISS: 728 N° 006 - ITEM 06: Especialista en Costos, Presupuestos y Programación";https://empleosperuhoy.blogspot.com/2026/10/plan-meriss-728-n-006-item-06_4.html;"fecha de cierre pasada (2026-10-02)"
8164686421898236721;G;CONSERVAR;CONSERVADO;7;"RED DE SALUD HUAMALÍES: INGENIERO DE SISTEMAS";https://empleosperuhoy.blogspot.com/2026/10/red-de-salud-huamalies-ingeniero-de_5.html;"fecha de cierre pasada (2026-10-02)"
8167133034472196591;G;CONSERVAR;CONSERVADO;7;"RED DE SALUD CARABAYA: LOC N° 024: SERVICIO DE AUXILIAR DE VESTUARIO";https://empleosperuhoy.blogspot.com/2026/10/oportunidad-laboral-loc-024-servicio-auxiliar-vestuario-red-salud-cara.html;"fecha de cierre pasada (2026-10-02)"
8168644422536086020;G;CONSERVAR;CONSERVADO;7;"MUNICIPALIDAD DE OCORURO: JEFE DE LOGISTICA Y ABASTECIMIENTO";https://empleosperuhoy.blogspot.com/2026/10/oportunidad-laboral-cas-001-jefe-logistica-abastecimiento-municipalida.html;"fecha de cierre pasada (2026-10-02)"
8172884503968391086;G;CONSERVAR;CONSERVADO;7;"MINISTERIO DE EDUCACIÓN(MINEDU): ESPECIALISTA EN GESTIÓN ADMINISTRATIVA";https://empleosperuhoy.blogspot.com/2026/10/oportunidad-laboral-cas-0581-especialista-gestion-administrativa-minis.html;"fecha de cierre pasada (2026-10-02)"
8179393919883597442;G;CONSERVAR;CONSERVADO;7;"INVERMET: ESPECIALISTA EN TRABAJO SOCIAL";https://empleosperuhoy.blogspot.com/2026/10/invermet-especialista-en-trabajo-social_4.html;"fecha de cierre pasada (2026-10-02)"
818054931184996930;G;CONSERVAR;CONSERVADO;7;"UNIVERSIDAD AGRARIA LA MOLINA: 276 N° 003-2026: ARTESANO II - DIGA";https://empleosperuhoy.blogspot.com/2026/10/oportunidad-laboral-276-003-2026-artesano-diga-universidad-agraria-mol.html;"fecha de cierre pasada (2026-10-02)"
8202356917412933073;G;CONSERVAR;CONSERVADO;7;"PROCURADURÍA DEL ESTADO: PROCURADOR PÚBLICO DE LA MUNICIPALIDAD PROVINCIAL DE TAYACAJA - HUANCAVELICA";https://empleosperuhoy.blogspot.com/2026/10/procuraduria-del-estado-procurador_530.html;"fecha de cierre pasada (2026-09-30)"
8231190142684366077;G;CONSERVAR;CONSERVADO;7;"MINISTERIO DE LA MUJER (MIMP): N° 087-2026: Practicante para la Dirección de Protección Especial - UPE Moquegua";https://empleosperuhoy.blogspot.com/2026/10/oportunidad-laboral-practicas-ministerio-mujer-mimp-secretariado-8b3e.html;"fecha de cierre pasada (2026-10-01)"
8231413660855711319;G;CONSERVAR;CONSERVADO;7;"GOBIERNO REGIONAL LIBERTAD: Asistente de Topografía";https://empleosperuhoy.blogspot.com/2026/10/oportunidad-laboral-cas-176-2026-asistente-topografia-gobierno-regiona.html;"fecha de cierre pasada (2026-10-02)"
8237702027919012934;G;CONSERVAR;CONSERVADO;7;"INDECOPI: DL 728 N° 071: EJECUTIVO(A) EN LIBRE COMPETENCIA";https://empleosperuhoy.blogspot.com/2026/10/oportunidad-laboral-728-071-ejecutivo-libre-competencia-indecopi-lima-.html;"fecha de cierre pasada (2026-10-01)"
8247941825243716152;G;CONSERVAR;CONSERVADO;7;"UGEL-1: TRABAJADOR DE SERVICIO";https://empleosperuhoy.blogspot.com/2026/10/ugel-1-trabajador-de-servicio_2.html;"fecha de cierre pasada (2026-10-02)"
8253152599984404325;G;CONSERVAR;CONSERVADO;7;"CAJA DE PENSIONES MILITAR POLICIAL: para Practicante Profesional de Contabilidad";https://empleosperuhoy.blogspot.com/2026/10/oportunidad-laboral-practicas-caja-pensiones-militar-policial-contabil.html;"fecha de cierre pasada (2026-10-02)"
8253828105847440493;G;CONSERVAR;CONSERVADO;7;"GOBIERNO REGIONAL CUSCO: 276 N° 003-2026: CONTADOR IV";https://empleosperuhoy.blogspot.com/2026/10/gobierno-regional-cusco-276-n-003-2026_99.html;"fecha de cierre pasada (2026-10-02)"
8262471096995308586;G;CONSERVAR;CONSERVADO;7;"PODER JUDICIAL: CAS N° 039 - CÓDIGO 00723: ASISTENTE JURISDICCIONAL";https://empleosperuhoy.blogspot.com/2026/10/oportunidad-laboral-cas-039-codigo-asistente-jurisdiccional-poder-judi.html;"fecha de cierre pasada (2026-09-30)"
8263585047558216820;G;CONSERVAR;CONSERVADO;7;"PROCURADURÍA DEL ESTADO: PROCURADOR PÚBLICO DE LA MUNICIPALIDAD PROVINCIAL DE PACHITEA - HUÁNUCO";https://empleosperuhoy.blogspot.com/2026/10/procuraduria-del-estado-procurador_24.html;"fecha de cierre pasada (2026-09-30)"
8278182198450876603;G;CONSERVAR;CONSERVADO;7;"SINEACE: ASISTENTE LEGAL";https://empleosperuhoy.blogspot.com/2026/10/sineace-asistente-legal_5.html;"fecha de cierre pasada (2026-09-30)"
8287224034575036461;G;CONSERVAR;CONSERVADO;7;"PODER JUDICIAL: CAS N° 093 - CÓDIGO 01525: ESPECIALISTA LEGAL";https://empleosperuhoy.blogspot.com/2026/10/oportunidad-laboral-cas-093-codigo-especialista-legal-poder-judicial-j.html;"fecha de cierre pasada (2026-10-01)"
8314960767747357235;G;CONSERVAR;CONSERVADO;7;"PLAN MERISS: 728 N° 006 - ITEM 48: Especialista de Inversión en Geología y Geotecnia / Ingeniero Geólogo";https://empleosperuhoy.blogspot.com/2026/10/oportunidad-laboral-728-006-item-especialista-inversion-geologia-geote.html;"fecha de cierre pasada (2026-10-02)"
8316573694569331161;G;CONSERVAR;CONSERVADO;7;"PROCURADURÍA DEL ESTADO: PROCURADOR PÚBLICO DE LA MUNICIPALIDAD DISTRITAL DE SIMBAL - TRUJILLO - LA LIBERTAD";https://empleosperuhoy.blogspot.com/2026/10/oportunidad-laboral-procurador-publico-municipalidad-distrital-simbal-.html;"fecha de cierre pasada (2026-09-30)"
8321415254649166315;G;CONSERVAR;CONSERVADO;7;"SENAMHI: OPERADOR DE OBSERVACIONES METEOROLÓGICAS O HIDROLÓGICAS ESTACION MALLARES (CO)";https://empleosperuhoy.blogspot.com/2026/10/senamhi-operador-de-observaciones_0.html;"fecha de cierre pasada (2026-10-02)"
8327784622318953808;G;CONSERVAR;CONSERVADO;7;"ONPE: OPERADOR DEL CENTRO DE CÓMPUTO - ODPE MORROPON";https://empleosperuhoy.blogspot.com/2026/10/onpe-operador-del-centro-de-computo_3.html;"fecha de cierre pasada (2026-09-30)"
8351034135473588199;G;CONSERVAR;CONSERVADO;7;"GOBIERNO REGIONAL LIBERTAD: Especialista en Formulación y Evaluación I";https://empleosperuhoy.blogspot.com/2026/10/oportunidad-laboral-cas-173-2026-especialista-formulacion-evaluacion-g.html;"fecha de cierre pasada (2026-10-02)"
8354527640890868427;G;CONSERVAR;CONSERVADO;7;"PROCURADURÍA DEL ESTADO: PROCURADOR PÚBLICO DE LA MUNICIPALIDAD DISTRITAL DE CONDEBAMBA - CAJABAMBA - CAJAMARCA";https://empleosperuhoy.blogspot.com/2026/10/procuraduria-del-estado-procurador_591.html;"fecha de cierre pasada (2026-09-30)"
8372347084458669858;G;CONSERVAR;CONSERVADO;7;"RED DE SALUD OTUZCO: OBSTETRA - P.S 1-2 BARRO NEGRO (001494)";https://empleosperuhoy.blogspot.com/2026/10/oportunidad-laboral-cas-004-obstetra-barro-negro-red-salud-otuzc-ee5b.html;"fecha de cierre pasada (2026-10-01)"
8382874195711035125;G;CONSERVAR;CONSERVADO;7;"SERFOR: ESPECIALISTA EN MANEJO FORESTAL Y DE FAUNA SILVESTRE";https://empleosperuhoy.blogspot.com/2026/10/serfor-especialista-en-manejo-forestal_1.html;"fecha de cierre pasada (2026-10-02)"
8396668640882503883;G;CONSERVAR;CONSERVADO;7;"PODER JUDICIAL: N° 005 - CÓDIGO 00338: ASISTENTE ADMINISTRATIVO I";https://empleosperuhoy.blogspot.com/2026/10/poder-judicial-n-005-codigo-00338_3.html;"fecha de cierre pasada (2026-09-30)"
8396820763413901170;G;CONSERVAR;CONSERVADO;7;"MINISTERIO DE ECONOMÍA (MEF): N° 59-2026: Practicante para la Oficina General de Servicios al Usuario";https://empleosperuhoy.blogspot.com/2026/10/ministerio-de-economia-mef-n-59-2026_0.html;"fecha de cierre pasada (2026-10-01)"
8397744148551484617;G;CONSERVAR;CONSERVADO;7;"PROCURADURÍA DEL ESTADO: PROCURADOR PÚBLICO DE LA MUNICIPALIDAD PROVINCIAL DE GRAU - APURÍMAC";https://empleosperuhoy.blogspot.com/2026/10/oportunidad-laboral-procurador-publico-municipalidad-provincial-grau-a.html;"fecha de cierre pasada (2026-09-30)"
8400065616523472781;G;CONSERVAR;CONSERVADO;7;"DIRECCIÓN DE AGRICULTURA HUÁNUCO: 276 N° 003: SECRETARIA/O III";https://empleosperuhoy.blogspot.com/2026/10/direccion-de-agricultura-huanuco-276-n_6.html;"fecha de cierre pasada (2026-10-02)"
8400707342120000105;G;CONSERVAR;CONSERVADO;7;"GOBIERNO REGIONAL CUSCO: 276 N° 003-2026: CHOFER II";https://empleosperuhoy.blogspot.com/2026/10/oportunidad-laboral-276-003-2026-chofer-gobierno-regional-cusco-630631.html;"fecha de cierre pasada (2026-10-02)"
8405780150052477940;G;CONSERVAR;CONSERVADO;7;"MUNICIPALIDAD DE CACHIMAYO: ASISTENTE ADMINISTRATIVO DE LA SUB GERENCIA INFRAESTRUCTURA Y OBRAS.";https://empleosperuhoy.blogspot.com/2026/10/municipalidad-de-cachimayo-asistente_9.html;"fecha de cierre pasada (2026-10-02)"
8406305764403183443;G;CONSERVAR;CONSERVADO;7;"MINISTERIO DE LA MUJER(MIMP): NOTIFICADOR/A";https://empleosperuhoy.blogspot.com/2026/10/ministerio-de-la-mujermimp-notificadora_1.html;"fecha de cierre pasada (2026-10-01)"
8419734106133423715;G;CONSERVAR;CONSERVADO;7;"MINISTERIO DE ECONOMÍA (MEF): CI-055-2026/5301: Especialista Funcional de Abastecimiento";https://empleosperuhoy.blogspot.com/2026/10/oportunidad-laboral-055-2026-5301-especialista-funcional-abastecimient.html;"fecha de cierre pasada (2026-08-03)"
8421869802593412257;G;CONSERVAR;CONSERVADO;7;"MUNICIPALIDAD DE IPARIA: CAS N° 001 - ITEM 03: APOYO ADMINISTRATIVO PARA LA SUB GERENCIA DE PLANIFICACION PRESUPUESTO";https://empleosperuhoy.blogspot.com/2026/10/municipalidad-de-iparia-cas-n-001-item_16.html;"fecha de cierre pasada (2026-10-01)"
8424984683824569228;G;CONSERVAR;CONSERVADO;7;"MUNICIPALIDAD JORGE BASADRE: 276 N° 0477-2026: ASISTENTE MULTIDISCIPLINARIO I";https://empleosperuhoy.blogspot.com/2026/10/municipalidad-jorge-basadre-276-n-0477.html;"fecha de cierre pasada (2026-10-02)"
8426526133771876248;G;CONSERVAR;CONSERVADO;7;"PODER JUDICIAL: CAS N° 112 - CÓDIGO 02996: COORDINADOR DE CALIDAD DE SOFTWARE";https://empleosperuhoy.blogspot.com/2026/10/poder-judicial-cas-n-112-codigo-02996_1.html;"fecha de cierre pasada (2026-10-02)"
8428678204861176008;G;CONSERVAR;CONSERVADO;7;"PROCURADURÍA DEL ESTADO: PROCURADOR PÚBLICO DE LA MUNICIPALIDAD DISTRITAL DE ARENAL - PAITA - PIURA";https://empleosperuhoy.blogspot.com/2026/10/procuraduria-del-estado-procurador_72.html;"fecha de cierre pasada (2026-09-30)"
843699627509626993;G;CONSERVAR;CONSERVADO;7;"RED DE SALUD OTUZCO: CHOFER - P.S. I-2 CANIBAMBA BAJO (000435)";https://empleosperuhoy.blogspot.com/2026/10/oportunidad-laboral-cas-004-chofer-canibamba-bajo-red-salud-otuzco-lib.html;"fecha de cierre pasada (2026-10-01)"
8450259537822178482;G;CONSERVAR;CONSERVADO;7;"RED DE SALUD OTUZCO: DIGITADOR - C.S. I-3 RAMON CASTILLA (000778)";https://empleosperuhoy.blogspot.com/2026/10/red-de-salud-otuzco-digitador-cs-i-3_9.html;"fecha de cierre pasada (2026-10-01)"
8471106406390171097;G;CONSERVAR;CONSERVADO;7;"PROCURADURÍA DEL ESTADO: PROCURADOR PÚBLICO DE LA MUNICIPALIDAD DISTRITAL DE IRAZOLA - PADRE ABAD - UCAYALI";https://empleosperuhoy.blogspot.com/2026/10/procuraduria-del-estado-procurador_310.html;"fecha de cierre pasada (2026-09-30)"
8472522919752616170;G;CONSERVAR;CONSERVADO;7;"RED DE SALUD JAUJA: ESPECIALISTA LEGAL";https://empleosperuhoy.blogspot.com/2026/10/oportunidad-laboral-cas-011-especialista-legal-red-salud-jauja-junin-6.html;"fecha de cierre pasada (2026-10-02)"
8481740011339083357;G;CONSERVAR;CONSERVADO;7;"OFIS: ESPECIALISTA LEGAL EN RECURSOS HUMANOS";https://empleosperuhoy.blogspot.com/2026/10/ofis-especialista-legal-en-recursos_6.html;"fecha de cierre pasada (2026-10-01)"
8487056255172438817;G;CONSERVAR;CONSERVADO;7;"PODER JUDICIAL: CAS N° 014 - CÓDIGO 02991: PROFESIONAL EN TRABAJO SOCIAL";https://empleosperuhoy.blogspot.com/2026/10/poder-judicial-cas-n-014-codigo-02991_0.html;"fecha de cierre pasada (2026-10-02)"
8488568543101066132;G;CONSERVAR;CONSERVADO;7;"MINISTERIO DE LA MUJER (MIMP): N° 083-2026: Practicante para la Dirección de Protección Espec. - UPE Lima Norte Callao";https://empleosperuhoy.blogspot.com/2026/10/ministerio-de-la-mujer-mimp-n-083-2026_9.html;"fecha de cierre pasada (2026-10-01)"
8490593196919162888;G;CONSERVAR;CONSERVADO;7;"INVERMET: AUXILIARES PARA TRÁMITE DOCUMENTARIO";https://empleosperuhoy.blogspot.com/2026/10/invermet-auxiliares-para-tramite_8.html;"fecha de cierre pasada (2026-10-01)"
8511143599248915964;G;CONSERVAR;CONSERVADO;7;"INSTITUTO DE CALIDAD(INACAL): COORDINADOR RESPONSABLE UNIDAD FUNCIONAL TÉCNICA DE ACREDITACIÓN";https://empleosperuhoy.blogspot.com/2026/10/oportunidad-laboral-cas-012-coordinador-responsable-unidad-funci-9b35.html;"fecha de cierre pasada (2026-09-30)"
8515534497412690427;G;CONSERVAR;CONSERVADO;7;"RED DE SALUD OTUZCO: TECNICO EN ENFERMERIA - P.S. I-1 SAN AGUSTIN (000326)";https://empleosperuhoy.blogspot.com/2026/10/red-de-salud-otuzco-tecnico-en_86.html;"fecha de cierre pasada (2026-10-01)"
8518541966652980469;G;CONSERVAR;CONSERVADO;7;"MINISTERIO DE LA MUJER (MIMP): N° 088-2026: Practicante para la Dirección de Protección Especial - UPE Puno";https://empleosperuhoy.blogspot.com/2026/10/ministerio-de-la-mujer-mimp-n-088-2026_6.html;"fecha de cierre pasada (2026-10-01)"
8536036523234122052;G;CONSERVAR;CONSERVADO;7;"PROCURADURÍA DEL ESTADO: PROCURADOR PÚBLICO DE LA MUNICIPALIDAD DISTRITAL DE USQUIL - OTUZCO - LA LIBERTAD";https://empleosperuhoy.blogspot.com/2026/10/oportunidad-laboral-procurador-publico-municipalidad-distrital-usquil-.html;"fecha de cierre pasada (2026-09-30)"
8538343461612585647;G;CONSERVAR;CONSERVADO;7;"INSTITUTO CATASTRAL DE LIMA(ICL): Servicio técnico de control de calidad, validación y consistencia del procesamiento alfanumérico";https://empleosperuhoy.blogspot.com/2026/10/oportunidad-laboral-servicio-tecnico-control-calidad-validacion-consis.html;"fecha de cierre pasada (2026-08-06)"
8539074654973716242;G;CONSERVAR;CONSERVADO;7;"OSINERGMIN: N° 026-2026: Practicante para la Oficina Regional La Libertad";https://empleosperuhoy.blogspot.com/2026/10/oportunidad-laboral-practicas-osinergmin-ingenieria-electrica-me-9dc7.html;"fecha de cierre pasada (2026-09-30)"
8543444338898993665;G;CONSERVAR;CONSERVADO;7;"MINISTERIO DE LA MUJER(MIMP): Auxiliar de Formación de Niños / Madre Cuidadora";https://empleosperuhoy.blogspot.com/2026/10/oportunidad-laboral-cas-152-auxiliar-formacion-ninos-madre-cuidadora-m.html;"fecha de cierre pasada (2026-10-01)"
8579804762230809975;G;CONSERVAR;CONSERVADO;7;"PROCURADURÍA DEL ESTADO: PROCURADOR PÚBLICO DE LA MUNICIPALIDAD DISTRITAL DE MARCAVELICA - SULLANA - PIURA";https://empleosperuhoy.blogspot.com/2026/10/procuraduria-del-estado-procurador_68.html;"fecha de cierre pasada (2026-09-30)"
8581828555506155808;G;CONSERVAR;CONSERVADO;7;"UGEL 6: Coordinador (a) de UGEL de Prevención de la Violencia y Promoción del Bienestar";https://empleosperuhoy.blogspot.com/2026/10/ugel-6-coordinador-de-ugel-de_9.html;"fecha de cierre pasada (2026-10-01)"
8588649259053039678;G;CONSERVAR;CONSERVADO;7;"PLAN MERISS: 728 N° 006 - ITEM 20: Asistente Tecnico de Inspección";https://empleosperuhoy.blogspot.com/2026/10/plan-meriss-728-n-006-item-20-asistente_3.html;"fecha de cierre pasada (2026-10-02)"
8595055017779480895;G;CONSERVAR;CONSERVADO;7;"GOBIERNO REGIONAL DE HUÁNUCO: CAS N° 015 - ITEM N° 02: MADRE SUSTITUTA I";https://empleosperuhoy.blogspot.com/2026/10/oportunidad-laboral-cas-015-item-madre-sustituta-gobierno-region-a3b1.html;"fecha de cierre pasada (2026-10-02)"
8595542511271081480;G;CONSERVAR;CONSERVADO;7;"OSIPTEL: N° 023-2026: Practicante para la Dirección de Atención y Protección al Usuario - ORS Ucayali";https://empleosperuhoy.blogspot.com/2026/10/oportunidad-laboral-practicas-osiptel-derecho-ciencia-politicas-econom.html;"fecha de cierre pasada (2026-10-02)"
8598540793691001127;G;CONSERVAR;CONSERVADO;7;"MUNICIPALIDAD DE LINCE: OPERADOR DE CÁMARA DE VIDEO VIGILANCIA";https://empleosperuhoy.blogspot.com/2026/10/municipalidad-de-lince-operador-de_8.html;"fecha de cierre pasada (2026-10-01)"
8598545385842619038;G;CONSERVAR;CONSERVADO;7;"PROCURADURÍA DEL ESTADO: PROCURADOR PÚBLICO DE LA MUNICIPALIDAD DISTRITAL DE IPARIA - CORONEL PORTILLO - UCAYALI";https://empleosperuhoy.blogspot.com/2026/10/oportunidad-laboral-procurador-publico-municipalidad-distrital-iparia-.html;"fecha de cierre pasada (2026-09-30)"
8619092683164995266;G;CONSERVAR;CONSERVADO;7;"MINISTERIO DE LA MUJER (MIMP): N° 084-2026: Practicante para la Dirección de Protección Especial - UPE Lima Sur";https://empleosperuhoy.blogspot.com/2026/10/oportunidad-laboral-practicas-ministerio-mujer-mimp-administraci-4f62.html;"fecha de cierre pasada (2026-10-01)"
8637731769635187877;G;CONSERVAR;CONSERVADO;7;"UGEL CONTUMAZÁ: Ingeniero";https://empleosperuhoy.blogspot.com/2026/10/ugel-contumaza-ingeniero_3.html;"fecha de cierre pasada (2026-10-02)"
8658732581314013489;G;CONSERVAR;CONSERVADO;7;"GERENCIA DE SALUD LA LIBERTAD: TÉCNICO EN ENFERMERÍA";https://empleosperuhoy.blogspot.com/2026/10/oportunidad-laboral-cas-003-2026-tecnico-enfermeria-gerencia-salud-lib.html;"fecha de cierre pasada (2026-10-01)"
8665106199038217371;G;CONSERVAR;CONSERVADO;7;"UGEL CHULUCANAS: Personal de Limpieza y Mantenimiento";https://empleosperuhoy.blogspot.com/2026/10/ugel-chulucanas-personal-de-limpieza-y_4.html;"fecha de cierre pasada (2026-10-02)"
8679966127701192639;G;CONSERVAR;CONSERVADO;7;"MINISTERIO DE LA MUJER(MIMP): ASISTENTE ADMINISTRATIVO";https://empleosperuhoy.blogspot.com/2026/10/ministerio-de-la-mujermimp-asistente_9.html;"fecha de cierre pasada (2026-10-01)"
8695786427755041260;G;CONSERVAR;CONSERVADO;7;"PROCURADURÍA DEL ESTADO: PROCURADOR PÚBLICO DE LA MUNICIPALIDAD PROVINCIAL DE ZARUMILLA - TUMBES";https://empleosperuhoy.blogspot.com/2026/10/oportunidad-laboral-procurador-publico-municipalidad-provincial-zarumi.html;"fecha de cierre pasada (2026-09-30)"
8708446860284367265;G;CONSERVAR;CONSERVADO;7;"PLAN MERISS: 728 N° 006 - ITEM 47: Especialista de Inversión en Estructuras / Ingeniero Estructural";https://empleosperuhoy.blogspot.com/2026/10/oportunidad-laboral-728-006-item-especialista-inversion-estructuras-in.html;"fecha de cierre pasada (2026-10-02)"
871567080093457951;G;CONSERVAR;CONSERVADO;7;"PLAN MERISS: 728 N° 006 - ITEM 24: Asistente Administrativo";https://empleosperuhoy.blogspot.com/2026/10/oportunidad-laboral-728-006-item-asistente-administrativo-plan-meriss-.html;"fecha de cierre pasada (2026-10-02)"
8721334821501234897;G;CONSERVAR;CONSERVADO;7;"MINISTERIO DE EDUCACIÓN(MINEDU): ASISTENTE DE MEDIACIÓN LECTORA";https://empleosperuhoy.blogspot.com/2026/10/ministerio-de-educacionminedu-asistente_7.html;"fecha de cierre pasada (2026-10-02)"
8739141832462455995;G;CONSERVAR;CONSERVADO;7;"TRIBUNAL CONSTITUCIONAL(TC): CAP N° 010-2026: ESPECIALISTA I";https://empleosperuhoy.blogspot.com/2026/10/oportunidad-laboral-cap-010-2026-especialista-tribunal-constitucional-.html;"fecha de cierre pasada (2026-10-02)"
8744353608005747889;G;CONSERVAR;CONSERVADO;7;"PODER JUDICIAL: CAS N° 040 - CÓDIGO 01463: Asistente Judicial";https://empleosperuhoy.blogspot.com/2026/10/poder-judicial-cas-n-040-codigo-01463_5.html;"fecha de cierre pasada (2026-09-30)"
8757568262499366792;G;CONSERVAR;CONSERVADO;7;"PROGRAMA SUBSECTORIAL IRRIGACIONES(PSI): SERVICIO ESPECIALIZADO EN SEGUIMIENTO Y MONITOREO DE ESTUDIOS I- ZONA 1 (NORTE)";https://empleosperuhoy.blogspot.com/2026/10/oportunidad-laboral-servicio-especializado-seguimiento-monitoreo-20aa.html;"fecha de cierre pasada (2026-09-15)"
8770085848214336572;G;CONSERVAR;CONSERVADO;7;"MINISTERIO DE LA MUJER (MIMP): N° 093-2026: Practicante para la Dirección de Sociedades de Beneficencia";https://empleosperuhoy.blogspot.com/2026/10/ministerio-de-la-mujer-mimp-n-093-2026_7.html;"fecha de cierre pasada (2026-10-01)"
8775485786558400559;G;CONSERVAR;CONSERVADO;7;"RED DE SALUD HUAMALÍES: MÉDICO ESPECIALISTA EN GINECOLOGÍA Y OBSTETRICIA";https://empleosperuhoy.blogspot.com/2026/10/oportunidad-laboral-cas-006-2026-medico-especialista-ginecologia-obste.html;"fecha de cierre pasada (2026-10-02)"
8786519466241893666;G;CONSERVAR;CONSERVADO;7;"HOSPITAL SAN JUAN DE DIOS DE PISCO: CAS N° 002 - ITEM 01: MEDICO GINECO - ONCOLOGO";https://empleosperuhoy.blogspot.com/2026/10/oportunidad-laboral-cas-002-item-medico-gineco-oncologo-hospital-san-j.html;"fecha de cierre pasada (2026-10-01)"
8786915565071614095;G;CONSERVAR;CONSERVADO;7;"PROCURADURÍA DEL ESTADO: PROCURADOR PÚBLICO ADJUNTO DE LA MUNICIPALIDAD METROPOLITANA DE LIMA";https://empleosperuhoy.blogspot.com/2026/10/procuraduria-del-estado-procurador_444.html;"fecha de cierre pasada (2026-09-30)"
8803384671533468244;G;CONSERVAR;CONSERVADO;7;"PROCURADURÍA DEL ESTADO: PROCURADOR PÚBLICO DE LA MUNICIPALIDAD DISTRITAL DE MÁNCORA - TALARA - PIURA";https://empleosperuhoy.blogspot.com/2026/10/oportunidad-laboral-procurador-publico-municipalidad-distrital-mancora.html;"fecha de cierre pasada (2026-09-30)"
8809622985929063407;G;CONSERVAR;CONSERVADO;7;"RED DE SALUD PATAZ: OBSTETRA";https://empleosperuhoy.blogspot.com/2026/10/oportunidad-laboral-cas-006-obstetra-red-salud-pataz-libertad-632871.html;"fecha de cierre pasada (2026-10-02)"
8810242451311687782;G;CONSERVAR;CONSERVADO;7;"OEFA: COORDINADOR/A DEL REGISTRO DE TERCEROS";https://empleosperuhoy.blogspot.com/2026/10/oefa-coordinadora-del-registro-de_1.html;"fecha de cierre pasada (2026-10-02)"
8826538030644945181;G;CONSERVAR;CONSERVADO;7;"ONP: CPMA N° 047: ESPECIALISTA COMERCIAL";https://empleosperuhoy.blogspot.com/2026/10/oportunidad-laboral-cpma-047-especialista-comercial-oficina-normalizac.html;"fecha de cierre pasada (2026-08-25)"
8853438778889079725;G;CONSERVAR;CONSERVADO;7;"SINEACE: COORDINADOR ADMINISTRATIVO";https://empleosperuhoy.blogspot.com/2026/10/oportunidad-laboral-cas-034-coordinador-administrativo-sineace-lima-63.html;"fecha de cierre pasada (2026-09-30)"
8858046965987805261;G;CONSERVAR;CONSERVADO;7;"OEFA: ESPECIALISTA EN CONCILIACIÓN";https://empleosperuhoy.blogspot.com/2026/10/oportunidad-laboral-cas-126-especialista-conciliacion-oefa-lima-630187.html;"fecha de cierre pasada (2026-10-02)"
8859630736464960863;G;CONSERVAR;CONSERVADO;7;"GOBIERNO REGIONAL LIBERTAD: Asistente de Ingeniería";https://empleosperuhoy.blogspot.com/2026/10/gobierno-regional-libertad-asistente-de_3.html;"fecha de cierre pasada (2026-10-02)"
8863051712260310154;G;CONSERVAR;CONSERVADO;7;"PODER JUDICIAL: CAS N° 039 - CÓDIGO 01865: ASISTENTE DE INFORMATICA";https://empleosperuhoy.blogspot.com/2026/10/poder-judicial-cas-n-039-codigo-01865_0.html;"fecha de cierre pasada (2026-09-30)"
8865981804094307336;G;CONSERVAR;CONSERVADO;7;"HOSPITAL SAN JUAN DE DIOS DE PISCO: CAS N° 002 - ITEM 04: ENFERMERO/A";https://empleosperuhoy.blogspot.com/2026/10/oportunidad-laboral-cas-002-item-enfermero-hospital-san-juan-dios-pisc.html;"fecha de cierre pasada (2026-10-01)"
88838959333717374;G;CONSERVAR;CONSERVADO;7;"MUNICIPALIDAD DE PUEBLO LIBRE: Coordinador/a de Caja";https://empleosperuhoy.blogspot.com/2026/10/oportunidad-laboral-cas-018-2026-coordinador-caja-municipalidad-pueblo.html;"fecha de cierre pasada (2026-10-01)"
8909398012003678521;G;CONSERVAR;CONSERVADO;7;"ONP: CPMA N° 058: ANALISTA PERICIAL";https://empleosperuhoy.blogspot.com/2026/10/oportunidad-laboral-cpma-058-analista-pericial-oficina-normalizacion-p.html;"fecha de cierre pasada (2026-08-25)"
8918988691823564785;G;CONSERVAR;CONSERVADO;7;"RED DE SALUD OTUZCO: OBSTETRA - C.S. I-4 AGALLPAMPA (001256)";https://empleosperuhoy.blogspot.com/2026/10/red-de-salud-otuzco-obstetra-cs-i-4_4.html;"fecha de cierre pasada (2026-10-01)"
8922167210182364217;G;CONSERVAR;CONSERVADO;7;"PLAN MERISS: 728 N° 006 - ITEM 41: Prevencionista de Seguridad y Salud Ocupacional y Medio Ambiente";https://empleosperuhoy.blogspot.com/2026/10/oportunidad-laboral-728-006-item-prevencionista-seguridad-salud-ocupac.html;"fecha de cierre pasada (2026-10-02)"
8924024395045822408;G;CONSERVAR;CONSERVADO;7;"UGEL MARISCAL NIETO: ESPECIALISTA EN SISTEMAS";https://empleosperuhoy.blogspot.com/2026/10/oportunidad-laboral-cas-010-especialista-sistemas-ugel-mariscal-nieto-.html;"fecha de cierre pasada (2026-10-01)"
8924089345309216147;G;CONSERVAR;CONSERVADO;7;"PLAN MERISS: 728 N° 006 - ITEM 19: Asistente Técnico de Obra";https://empleosperuhoy.blogspot.com/2026/10/plan-meriss-728-n-006-item-19-asistente_4.html;"fecha de cierre pasada (2026-10-02)"
8928120175785076620;G;CONSERVAR;CONSERVADO;7;"PODER JUDICIAL: CAS N° 015 - CÓDIGO 02991-1: Profesional en trabajo social";https://empleosperuhoy.blogspot.com/2026/10/poder-judicial-cas-n-015-codigo-02991-1_3.html;"fecha de cierre pasada (2026-10-01)"
8934384312256046003;G;CONSERVAR;CONSERVADO;7;"PROCURADURÍA DEL ESTADO: PROCURADOR PÚBLICO DE LA MUNICIPALIDAD DISTRITAL DE CHIGUIRIP - CHOTA - CAJAMARCA";https://empleosperuhoy.blogspot.com/2026/10/procuraduria-del-estado-procurador_627.html;"fecha de cierre pasada (2026-09-30)"
8934973206403520295;G;CONSERVAR;CONSERVADO;7;"MUNICIPALIDAD DE IPARIA: CAS N° 001 - ITEM 28: APOYO ADMINISTRATIVO PARA LA UNIDAD DE RECURSOS HUMANOS AREA DE ESCALAFON";https://empleosperuhoy.blogspot.com/2026/10/municipalidad-de-iparia-cas-n-001-item_58.html;"fecha de cierre pasada (2026-10-01)"
8952574653824532406;G;CONSERVAR;CONSERVADO;7;"MUNICIPALIDAD DE PUEBLO LIBRE: SERENO A PIE";https://empleosperuhoy.blogspot.com/2026/10/municipalidad-de-pueblo-libre-sereno-pie_6.html;"fecha de cierre pasada (2026-10-01)"
8957606889310696330;G;CONSERVAR;CONSERVADO;7;"MINISTERIO DE JUSTICIA(MINJUS): Especialista en Gestión Administrativa";https://empleosperuhoy.blogspot.com/2026/10/oportunidad-laboral-cas-213-especialista-gestion-administrativa-minist.html;"fecha de cierre pasada (2026-10-01)"
8979142231047665722;G;CONSERVAR;CONSERVADO;7;"PENSIÓN65: PROMOTOR/A";https://empleosperuhoy.blogspot.com/2026/10/oportunidad-laboral-cas-027-promotor-pension65-libertad-628921.html;"fecha de cierre pasada (2026-09-30)"
9000306333805413710;G;CONSERVAR;CONSERVADO;7;"HOSPITAL REGIONAL DE MOQUEGUA: 276 N° 003-2026: MÉDICO ESPECIALISTA - CARDIOLOGÍA";https://empleosperuhoy.blogspot.com/2026/10/hospital-regional-de-moquegua-276-n-003_9.html;"fecha de cierre pasada (2026-10-01)"
9005126421378185042;G;CONSERVAR;CONSERVADO;7;"PROGRAMA SUBSECTORIAL IRRIGACIONES(PSI): ESPECIALISTAS EN FORMULACIÓN DE ESTUDIOS DE PRE INVERSION: PROYECTO HUANCAVELICA";https://empleosperuhoy.blogspot.com/2026/10/programa-subsectorial-irrigacionespsi_11.html;"fecha de cierre pasada (2026-09-16)"
900562529684238725;G;CONSERVAR;CONSERVADO;7;"SUNASS: ANALISTA DE PRESUPUESTO";https://empleosperuhoy.blogspot.com/2026/10/oportunidad-laboral-cas-067-analista-presupuesto-sunass-lima-630970.html;"fecha de cierre pasada (2026-10-02)"
9022217031369123604;G;CONSERVAR;CONSERVADO;7;"RED DE SALUD OTUZCO: MEDICO - P.S. 1-2 BARRO NEGRO (001182)";https://empleosperuhoy.blogspot.com/2026/10/oportunidad-laboral-cas-004-medico-barro-negro-red-salud-otuzco-f03d.html;"fecha de cierre pasada (2026-10-01)"
9041834742263483561;G;CONSERVAR;CONSERVADO;7;"MINISTERIO DE LA MUJER(MIMP): ANALISTA EN COOPERACIÓN INTERNACIONAL SUPLENCIA";https://empleosperuhoy.blogspot.com/2026/10/ministerio-de-la-mujermimp-analista-en_7.html;"fecha de cierre pasada (2026-10-01)"
9044392173826721389;G;CONSERVAR;CONSERVADO;7;"PODER JUDICIAL: CAS N° 039 - CÓDIGO 01635: ASISTENTE DE CUSTODIA Y GRABACIÓN";https://empleosperuhoy.blogspot.com/2026/10/poder-judicial-cas-n-039-codigo-01635_3.html;"fecha de cierre pasada (2026-09-30)"
9044506138612349416;G;CONSERVAR;CONSERVADO;7;"PROCURADURÍA DEL ESTADO: PROCURADOR PÚBLICO DE LA MUNICIPALIDAD PROVINCIAL DE CANAS - CUSCO";https://empleosperuhoy.blogspot.com/2026/10/oportunidad-laboral-procurador-publico-municipalidad-provincial-canas-.html;"fecha de cierre pasada (2026-09-30)"
9045878311731576632;G;CONSERVAR;CONSERVADO;7;"RED DE SALUD OTUZCO: MEDICO - P.S. 1-2 BARRO NEGRO (001493)";https://empleosperuhoy.blogspot.com/2026/10/oportunidad-laboral-cas-004-medico-barro-negro-red-salud-otuzco-e1de.html;"fecha de cierre pasada (2026-10-01)"
9047054862237249749;G;CONSERVAR;CONSERVADO;7;"PLAN MERISS: 728 N° 006 - ITEM 11: Modelador BIM 2";https://empleosperuhoy.blogspot.com/2026/10/plan-meriss-728-n-006-item-11-modelador_2.html;"fecha de cierre pasada (2026-10-02)"
9051684041713695423;G;CONSERVAR;CONSERVADO;7;"MINISTERIO DE LA MUJER (MIMP): N° 070-2026: Practicante para la Dirección de Población";https://empleosperuhoy.blogspot.com/2026/10/ministerio-de-la-mujer-mimp-n-070-2026_0.html;"fecha de cierre pasada (2026-10-01)"
907508432949301914;G;CONSERVAR;CONSERVADO;7;"MUNICIPALIDAD DE CACHIMAYO: ASISTENTE ADMINISTRATIVO DE LA OFICINA DE ARCHIVO CENTRAL";https://empleosperuhoy.blogspot.com/2026/10/oportunidad-laboral-cas-002-asistente-administrativo-oficina-archivo-c.html;"fecha de cierre pasada (2026-10-02)"
9084861273378110041;G;CONSERVAR;CONSERVADO;7;"PROCURADURÍA DEL ESTADO: PROCURADOR PÚBLICO DEL GOBIERNO REGIONAL DE HUANCAVELICA";https://empleosperuhoy.blogspot.com/2026/10/procuraduria-del-estado-procurador_26.html;"fecha de cierre pasada (2026-09-30)"
9095795441144191910;G;CONSERVAR;CONSERVADO;7;"MUNICIPALIDAD DE IPARIA: CAS N° 001 - ITEM 23: ESPECIALISTA LEGAL PARA LA UNIDAD DE RECURSOS HUMANOS - SECRETARIA TECNICA";https://empleosperuhoy.blogspot.com/2026/10/municipalidad-de-iparia-cas-n-001-item_8.html;"fecha de cierre pasada (2026-10-01)"
9095958158695691868;G;CONSERVAR;CONSERVADO;7;"AUTORIDAD NACIONAL DE INFRAESTRUCTURA: N° 117-2026: Practicante para la Dirección de Estudios y Obras";https://empleosperuhoy.blogspot.com/2026/10/oportunidad-laboral-practicas-autoridad-nacional-infraestructura-0ff7.html;"fecha de cierre pasada (2026-10-01)"
9100038106727195009;G;CONSERVAR;CONSERVADO;7;"PROCURADURÍA DEL ESTADO: PROCURADOR PÚBLICO DE LA MUNICIPALIDAD DISTRITAL DE CAPACHICA - PUNO - PUNO";https://empleosperuhoy.blogspot.com/2026/10/procuraduria-del-estado-procurador_1.html;"fecha de cierre pasada (2026-09-30)"
9105721469044201624;G;CONSERVAR;CONSERVADO;7;"RED DE SALUD HUAMALÍES: LOC N° 056: Cirujano Dentista";https://empleosperuhoy.blogspot.com/2026/10/red-de-salud-huamalies-loc-n-056_4.html;"fecha de cierre pasada (2026-09-30)"
9118926832743653321;G;CONSERVAR;CONSERVADO;7;"GERENCIA DE SALUD LA LIBERTAD: DIGITADOR";https://empleosperuhoy.blogspot.com/2026/10/oportunidad-laboral-cas-003-2026-digitador-gerencia-salud-libertad-630.html;"fecha de cierre pasada (2026-10-01)"
9130299295603834252;G;CONSERVAR;CONSERVADO;7;"RED DE SALUD PATAZ: MÉDICO";https://empleosperuhoy.blogspot.com/2026/10/oportunidad-laboral-cas-006-medico-red-salud-pataz-libertad-632870.html;"fecha de cierre pasada (2026-10-02)"
9133976547402710998;G;CONSERVAR;CONSERVADO;7;"PROGRAMA SUBSECTORIAL IRRIGACIONES(PSI): ESPECIALISTAS EN EXTENSION EN RIEGO: LA MERCERD DE CHAUTE, LA BANDA, VALLE COLORADO, CARITA";https://empleosperuhoy.blogspot.com/2026/10/oportunidad-laboral-especialistas-extension-riego-mercerd-chaute-banda.html;"fecha de cierre pasada (2026-09-17)"
9135338966381915662;G;CONSERVAR;CONSERVADO;7;"MINISTERIO DE LA MUJER(MIMP): ESPECIALISTA DE ABASTECIMIENTO";https://empleosperuhoy.blogspot.com/2026/10/ministerio-de-la-mujermimp-especialista_01.html;"fecha de cierre pasada (2026-10-01)"
9145682624814146850;G;CONSERVAR;CONSERVADO;7;"UGEL-3: Especialista Pedagógico";https://empleosperuhoy.blogspot.com/2026/10/ugel-3-especialista-pedagogico_6.html;"fecha de cierre pasada (2026-10-02) | duplicados conservados: 1"
9158568830749566739;G;CONSERVAR;CONSERVADO;7;"MINISTERIO DE LA MUJER (MIMP): N° 090-2026: Practicante para la Dirección de Protección Especial - UPE Tumbes";https://empleosperuhoy.blogspot.com/2026/10/ministerio-de-la-mujer-mimp-n-090-2026_3.html;"fecha de cierre pasada (2026-10-01)"
9159910075371209530;G;CONSERVAR;CONSERVADO;7;"UGEL LEONCIO PRADO: N° 005-2026: Practicante para la Unidad de Gestión de Recursos Humanos";https://empleosperuhoy.blogspot.com/2026/10/oportunidad-laboral-practicas-ugel-leoncio-prado-derecho-ciencias-poli.html;"fecha de cierre pasada (2026-10-02)"
9161769845171145601;G;CONSERVAR;CONSERVADO;7;"N° 024-2026: Practicante para la Secretaría Técnica";https://empleosperuhoy.blogspot.com/2026/09/n-024-2026-practicante-para-la.html;"fecha de cierre pasada (2026-09-30)"
9161932279137138137;G;CONSERVAR;CONSERVADO;7;"ATU LIMA Y CALLAO: Especialista en Mantenimiento en Sistemas Eléctricos y Tracción Ferroviaria.";https://empleosperuhoy.blogspot.com/2026/10/atu-lima-y-callao-especialista-en_8.html;"fecha de cierre pasada (2026-10-02)"
9183400577433921765;G;CONSERVAR;CONSERVADO;7;"GOBIERNO REGIONAL LIBERTAD: Analista en Saneamiento de Predios";https://empleosperuhoy.blogspot.com/2026/10/gobierno-regional-libertad-analista-en_7.html;"fecha de cierre pasada (2026-10-02)"
9185503019563488463;G;CONSERVAR;CONSERVADO;7;"PODER JUDICIAL: CAS N° 040 - CÓDIGO 00268: APOYO ADMINISTRATIVO Y OPERATIVO EN MENSAJERIA";https://empleosperuhoy.blogspot.com/2026/10/oportunidad-laboral-cas-040-codigo-apoyo-administrativo-operativo-mens.html;"fecha de cierre pasada (2026-10-01)"
918730407520413564;G;CONSERVAR;CONSERVADO;7;"MUNICIPALIDAD DE PUEBLO LIBRE: Analista en Participación Vecinal";https://empleosperuhoy.blogspot.com/2026/10/municipalidad-de-pueblo-libre-analista_9.html;"fecha de cierre pasada (2026-10-01)"
9203382209392588726;G;CONSERVAR;CONSERVADO;7;"PROCURADURÍA DEL ESTADO: PROCURADOR PÚBLICO DE LA MUNICIPALIDAD PROVINCIAL DE ANTABAMBA - APURÍMAC";https://empleosperuhoy.blogspot.com/2026/10/oportunidad-laboral-procurador-publico-municipalidad-provincial-antaba.html;"fecha de cierre pasada (2026-09-30)"
9211436983321354973;G;CONSERVAR;CONSERVADO;7;"PROCURADURÍA DEL ESTADO: PROCURADOR PÚBLICO DE LA MUNICIPALIDAD DISTRITAL DE LA BREA - TALARA - PIURA";https://empleosperuhoy.blogspot.com/2026/10/procuraduria-del-estado-procurador_0.html;"fecha de cierre pasada (2026-09-30)"
9219386191892826503;G;CONSERVAR;CONSERVADO;7;"RED DE SALUD HUAMALÍES: TÉCNICO EN SOPORTE INFORMÁTICO";https://empleosperuhoy.blogspot.com/2026/10/oportunidad-laboral-cas-006-2026-tecnico-soporte-informatico-red-salud.html;"fecha de cierre pasada (2026-10-02)"
927831752947886466;G;CONSERVAR;CONSERVADO;7;"GOBIERNO REGIONAL LIBERTAD: Asistente de Formulación II";https://empleosperuhoy.blogspot.com/2026/10/oportunidad-laboral-cas-177-2026-asistente-formulacion-gobierno-region.html;"fecha de cierre pasada (2026-10-02)"
934742012257979045;G;CONSERVAR;CONSERVADO;7;"GOBIERNO REGIONAL LIBERTAD: Especialista Legal en Obras por Impuestos III";https://empleosperuhoy.blogspot.com/2026/10/gobierno-regional-libertad-especialista_9.html;"fecha de cierre pasada (2026-10-02)"
935294769574132147;G;CONSERVAR;CONSERVADO;7;"GOBIERNO REGIONAL LIBERTAD: Especialista en Costos, Presupuestos y Programación III";https://empleosperuhoy.blogspot.com/2026/10/gobierno-regional-libertad-especialista_60.html;"fecha de cierre pasada (2026-10-02)"
940850193152830650;G;CONSERVAR;CONSERVADO;7;"AUTORIDAD NACIONAL DE INFRAESTRUCTURA: N° 118-2026: Practicante para la Dirección de Estudios y Obras";https://empleosperuhoy.blogspot.com/2026/10/oportunidad-laboral-practicas-autoridad-nacional-infraestructura-4cae.html;"fecha de cierre pasada (2026-10-01)"
943023936871069382;G;CONSERVAR;CONSERVADO;7;"MUNICIPALIDAD DE PUEBLO LIBRE: Gestor de Cobranza";https://empleosperuhoy.blogspot.com/2026/10/oportunidad-laboral-cas-018-2026-gestor-cobranza-municipalidad-pueblo-.html;"fecha de cierre pasada (2026-10-01)"
971435285933337473;G;CONSERVAR;CONSERVADO;7;"PROGRAMA SUBSECTORIAL IRRIGACIONES(PSI): SECRETARIA";https://empleosperuhoy.blogspot.com/2026/10/programa-subsectorial-irrigacionespsi_76.html;"fecha de cierre pasada (2026-10-01)"
973830024630381705;G;CONSERVAR;CONSERVADO;7;"PROCURADURÍA DEL ESTADO: PROCURADOR PÚBLICO DE LA MUNICIPALIDAD DISTRITAL DE ANANEA - SAN ANTONIO DE PUTINA - PUNO";https://empleosperuhoy.blogspot.com/2026/10/oportunidad-laboral-procurador-publico-municipalidad-distrital-ananea-.html;"fecha de cierre pasada (2026-09-30)"
988160748671889233;G;CONSERVAR;CONSERVADO;7;"PLAN MERISS: 728 N° 006 - ITEM 16: Especialista Ambiental";https://empleosperuhoy.blogspot.com/2026/10/plan-meriss-728-n-006-item-16_5.html;"fecha de cierre pasada (2026-10-02)"
