[2026-10-05 22:14:16] 
[2026-10-05 22:14:16] === PREPARAR CORRECCIONES (20261005) ===
[2026-10-05 22:14:16]   leyendo feed publico (solo lectura)...
[2026-10-05 22:15:41]   posts leidos: 2751  (85.5 s)
[2026-10-05 22:15:50] 
[2026-10-05 22:15:50] --- CLASIFICACION (A reconstruible / B valida / C excluida) ---
[2026-10-05 22:15:50]   A: 2148
[2026-10-05 22:15:50]   C: 603
[2026-10-05 22:15:50] --- ACCIONES propuestas ---
[2026-10-05 22:15:50]   CORREGIR: 2148
[2026-10-05 22:15:50]   RETIRAR: 603
[2026-10-05 22:15:50] --- motivos ---
[2026-10-05 22:15:52]    489  el boton POSTULA apunta a convocatoriasdetrabajo.com y la publicacion no contiene URL oficial verificable
[2026-10-05 22:15:52]    100  CTA = convocatoriasdetrabajo.com sustituido por URL oficial de la publicacion (https://www.gob.pe/institucion/procuraduria/informes-publicaciones/8613795-convocatoria-n-002-2026-pge-cd-proceso-de-seleccion-para-la-designacion-de-los-procuradores-publicos-y-procuradores-publicos-adjuntos)
[2026-10-05 22:15:52]     85  CTA = convocatoriasdetrabajo.com sustituido por URL oficial de la publicacion (https://www.gob.pe/institucion/unicanete/informes-publicaciones/8639807-concurso-publico-cas-n-003-2026-cas-undc)
[2026-10-05 22:15:52]     66  enlace placeholder (URL1,URL2,URL3) y sin URL oficial en la publicacion
[2026-10-05 22:15:52]     52  CTA = convocatoriasdetrabajo.com sustituido por URL oficial de la publicacion (https://convocatoriasgrc.regioncajamarca.gob.pe/media/convocatorias/bases/2026/a._PROCESO_CAS_N_002-2026_HGJ_TEMPORAL_TRY6aCk.pdf)
[2026-10-05 22:15:52]     51  CTA = convocatoriasdetrabajo.com sustituido por URL oficial de la publicacion (https://www.meriss.gob.pe/plan/wp-content/uploads/2026/09/Bases-del-Proceso-de-Selecion-de-Personal-006-2026-PROFESIONALES.pdf)
[2026-10-05 22:15:52]     43  CTA = convocatoriasdetrabajo.com sustituido por URL oficial de la publicacion (https://www.gob.pe/institucion/unibagua/informes-publicaciones/8641547-05-proceso-cas-transitorio-n-005-2026)
[2026-10-05 22:15:52]     32  CTA = convocatoriasdetrabajo.com sustituido por URL oficial de la publicacion (https://www.diresacallao.gob.pe/wdiresa/documentos/convocatoria/FILE0010092026.pdf)
[2026-10-05 22:15:52]     31  CTA = convocatoriasdetrabajo.com sustituido por URL oficial de la publicacion (https://www.gob.pe/institucion/muniiparia/informes-publicaciones/8646623-bases-para-la-convocatoria-publica-de-contratacion-de-personal)
[2026-10-05 22:15:52]     28  CTA = convocatoriasdetrabajo.com sustituido por URL oficial de la publicacion (https://www.gob.pe/institucion/unah/informes-publicaciones/8631153-convocatoria-cas-n-007-2026-unah)
[2026-10-05 22:15:52]     27  CTA = convocatoriasdetrabajo.com sustituido por URL oficial de la publicacion (https://aplicativo.pj.gob.pe/repositoriopsep/15034_AnuncioConvocatoria.pdf)
[2026-10-05 22:15:52]     27  CTA = convocatoriasdetrabajo.com sustituido por URL oficial de la publicacion (https://hdemarini.gob.pe/cuarta-convocatoria-cas-2026/)
[2026-10-05 22:15:52]     27  CTA = convocatoriasdetrabajo.com sustituido por URL oficial de la publicacion (https://www.reddesaludotuzco.gob.pe/wp-content/uploads/2026/09/CAS.004.2026.Bases_.pdf)
[2026-10-05 22:15:52]     26  CTA = convocatoriasdetrabajo.com sustituido por URL oficial de la publicacion (https://uneteservicios.inei.gob.pe/public/detalle/103)
[2026-10-05 22:15:52]     26  sin enlace de postulacion y sin URL oficial en la publicacion
[2026-10-05 22:15:52]     26  CTA = convocatoriasdetrabajo.com sustituido por URL oficial de la publicacion (https://www.gob.pe/institucion/regioncusco/informes-publicaciones/8623001-proceso-de-seleccion-n-003-2026-gr-cusco-para-la-contratacion-de-personal-por-reemplazo-y-suplencia-bajo-el-regimen-del-decreto-legislativo-n-276)
[2026-10-05 22:15:52]     26  CTA = convocatoriasdetrabajo.com sustituido por URL oficial de la publicacion (https://uneteservicios.inei.gob.pe/public/detalle/102)
[2026-10-05 22:15:52]     23  CTA = convocatoriasdetrabajo.com sustituido por URL oficial de la publicacion (https://www.gob.pe/institucion/ejercito/informes-publicaciones/8583627-lima-bases-del-primer-concurso-publico-de-meritos-af-2026-bajo-el-regimen-del-decreto-legislativo-n-276)
[2026-10-05 22:15:52]     22  CTA = convocatoriasdetrabajo.com sustituido por URL oficial de la publicacion (https://sistemas.oefa.gob.pe/oefa-convocatoria-web/convocatoria/paginas/convocatorias_vigentes_detalle.xhtml)
[2026-10-05 22:15:52]     20  CTA = convocatoriasdetrabajo.com sustituido por URL oficial de la publicacion (https://www.hospitalmoquegua.gob.pe/portal/index.php/convocatorias/mnu-cas)
[2026-10-05 22:15:52]     19  CTA = convocatoriasdetrabajo.com sustituido por URL oficial de la publicacion (https://spa.heves.gob.pe/convocatoria/descargarArchivo/6ab170ea30ad7_20260921_130114.pdf)
[2026-10-05 22:15:52]     18  enlace placeholder reemplazado por la URL oficial de la propia publicacion (https://site.hsr.gob.pe/wp-content/uploads/2026/09/BASES-.pdf)
[2026-10-05 22:15:52]     18  CTA = convocatoriasdetrabajo.com sustituido por URL oficial de la publicacion (https://portal.mpfn.gob.pe/convoca/anexos/convocatoria/2047)
[2026-10-05 22:15:52]     18  CTA = convocatoriasdetrabajo.com sustituido por URL oficial de la publicacion (https://www.hdhuacho.gob.pe/descargas_organizadas/personal/2026/CONVOCATORIA%20276-001-2026/001_Bases_CONV_276_2026_01.pdf)
[2026-10-05 22:15:52]     18  CTA = convocatoriasdetrabajo.com sustituido por URL oficial de la publicacion (https://convocatoria.minjus.gob.pe/convocatoria/public/index.xhtml)
[2026-10-05 22:15:52]     16  CTA = convocatoriasdetrabajo.com sustituido por URL oficial de la publicacion (https://convocatoriasgrc.regioncajamarca.gob.pe/media/convocatorias/bases/2026/BASES_CAS_N002-2026-DIRESA-CAJAMARCA_rPj0tw1.pdf)
[2026-10-05 22:15:52]     16  CTA = convocatoriasdetrabajo.com sustituido por URL oficial de la publicacion (https://www.rishuamalies.gob.pe/activos/archivos/convocatorias/CAS-6-26.pdf)
[2026-10-05 22:15:52]     16  CTA = convocatoriasdetrabajo.com sustituido por URL oficial de la publicacion (https://portal.muniplibre.gob.pe/wp-content/uploads/2026/09/Bases-N-018-2026-MPL.pdf)
[2026-10-05 22:15:52]     15  CTA = convocatoriasdetrabajo.com sustituido por URL oficial de la publicacion (https://www.hospitalmoquegua.gob.pe/portal/index.php/convocatorias/mnu-plad)
[2026-10-05 22:15:52]     15  CTA = convocatoriasdetrabajo.com sustituido por URL oficial de la publicacion (https://diresalalibertad.gob.pe/pages/convocatorias.html)
[2026-10-05 22:15:52]     14  enlace placeholder (' + url + ') y sin URL oficial en la publicacion
[2026-10-05 22:15:52]     14  CTA = convocatoriasdetrabajo.com sustituido por URL oficial de la publicacion (https://www.gob.pe/institucion/regionlalibertad/campa%C3%B1as/145307-xxiii-proceso-de-seleccion-cas-transitorio-2026)
[2026-10-05 22:15:52]     14  CTA = convocatoriasdetrabajo.com sustituido por URL oficial de la publicacion (https://aplicativosweb2.sunafil.gob.pe/si.postulacionCAS/inicio)
[2026-10-05 22:15:52]     14  CTA = convocatoriasdetrabajo.com sustituido por URL oficial de la publicacion (https://aplicativo.pj.gob.pe/repositoriopsep/14985_AnuncioConvocatoria.pdf)
[2026-10-05 22:15:52]     14  CTA = convocatoriasdetrabajo.com sustituido por URL oficial de la publicacion (https://convocatoria.vivienda.gob.pe/SIS_RRHH/externo/convocatorias/Inicio)
[2026-10-05 22:15:52]     13  CTA = convocatoriasdetrabajo.com sustituido por URL oficial de la publicacion (https://muniyauli.gob.pe/download/proceso-cas-n-003-2026-mdy-hvca/#)
[2026-10-05 22:15:52]     13  CTA = convocatoriasdetrabajo.com sustituido por URL oficial de la publicacion (https://portal.mpfn.gob.pe/convoca/anexos/convocatoria/2049)
[2026-10-05 22:15:52]     12  CTA = convocatoriasdetrabajo.com sustituido por URL oficial de la publicacion (https://www.gob.pe/institucion/munimazamari/informes-publicaciones/8656629-proceso-de-contratacion-administrativa-de-servicios-cas-n-004-2026-mdm-transitorio)
[2026-10-05 22:15:52]     12  CTA = convocatoriasdetrabajo.com sustituido por URL oficial de la publicacion (https://www.gob.pe/institucion/ejercito/informes-publicaciones/8584677-bases-de-convocatoria-del-concurso-publico-de-meritos-abiertos-de-la-i-division-de-ejercito-af-2026)
[2026-10-05 22:15:52]     11  CTA = convocatoriasdetrabajo.com sustituido por URL oficial de la publicacion (https://convocas.pge.gob.pe/)
[2026-10-05 22:15:52]     11  CTA = convocatoriasdetrabajo.com sustituido por URL oficial de la publicacion (https://www.riscarabaya.gob.pe/data/convocatoria-terceros-hsmp-red-2026-24.pdf)
[2026-10-05 22:15:52]     10  CTA = convocatoriasdetrabajo.com sustituido por URL oficial de la publicacion (https://www.hospitalsicuaniacr.gob.pe/convocatorias/CAS/2026/03-T/CAS-03_T.pdf)
[2026-10-05 22:15:52]     10  CTA = convocatoriasdetrabajo.com sustituido por URL oficial de la publicacion (https://convocatorias.ugel06.gob.pe/cas/cronograma-y-bases-del-proceso-1789735472.pdf)
[2026-10-05 22:15:52]     10  CTA = convocatoriasdetrabajo.com sustituido por URL oficial de la publicacion (https://www.mef.gob.pe/convocas/procesos_practicas2026.php?estado=VIGENTES#)
[2026-10-05 22:15:52]      9  CTA = convocatoriasdetrabajo.com sustituido por URL oficial de la publicacion (https://convocatorias.trabajo.gob.pe/externo/portal/ConvocatoriasPortal.aspx)
[2026-10-05 22:15:52]      9  CTA = convocatoriasdetrabajo.com sustituido por URL oficial de la publicacion (https://portal.mpfn.gob.pe/convoca/anexos/convocatoria/2052)
[2026-10-05 22:15:52]      9  CTA = convocatoriasdetrabajo.com sustituido por URL oficial de la publicacion (https://www.foncodes.gob.pe/portalante/index.php/convocatorias/sede-central/procesos-cas/convocatorias-cas)
[2026-10-05 22:15:52]      8  CTA = convocatoriasdetrabajo.com sustituido por URL oficial de la publicacion (https://www.gob.pe/institucion/regionlalibertad/campa%C3%B1as/145309-xxiv-1era-conv-proceso-de-seleccion-cas-transitorio-2026)
[2026-10-05 22:15:52]      8  CTA = convocatoriasdetrabajo.com sustituido por URL oficial de la publicacion (https://portal.mtc.gob.pe/home/convocatorias.html)
[2026-10-05 22:15:52]      8  CTA = convocatoriasdetrabajo.com sustituido por URL oficial de la publicacion (https://servicio.sunass.gob.pe/siscon/cas/publicadas)
[2026-10-05 22:15:52]      8  CTA = convocatoriasdetrabajo.com sustituido por URL oficial de la publicacion (https://aplicativo.pj.gob.pe/repositoriopsep/14980_AnuncioConvocatoria.pdf)
[2026-10-05 22:15:52]      8  CTA = convocatoriasdetrabajo.com sustituido por URL oficial de la publicacion (https://convocatorias.bnp.gob.pe/ConvocatoriasVirtualWeb/faces/convocatorias/lista_convocatorias.xhtml)
[2026-10-05 22:15:52]      8  CTA = convocatoriasdetrabajo.com sustituido por URL oficial de la publicacion (https://www.gob.pe/institucion/hnhu/informes-publicaciones/8630751-convocatoria-cas-003-hnhu-2026)
[2026-10-05 22:15:52]      8  CTA = convocatoriasdetrabajo.com sustituido por URL oficial de la publicacion (https://www.hospitalvrg.gob.pe/wp-content/plugins/download-attachments/includes/download.php?id=3122)
[2026-10-05 22:15:52]      7  CTA = convocatoriasdetrabajo.com sustituido por URL oficial de la publicacion (https://portal.mpfn.gob.pe/convoca/anexos/convocatoria/2068)
[2026-10-05 22:15:52]      7  CTA = convocatoriasdetrabajo.com sustituido por URL oficial de la publicacion (https://www.redsaludcajabamba.gob.pe/media/portal/BSGYS/documento/102256/PERFILES-OCR.pdf?r=1789789584)
[2026-10-05 22:15:52]      7  CTA = convocatoriasdetrabajo.com sustituido por URL oficial de la publicacion (https://www.gob.pe/institucion/hsjdpisco/informes-publicaciones/8604733-bases-del-proceso-de-seleccion-cas-n-02-2026-u-e-404-hospital-san-juan-de-dios-de-pisco)
[2026-10-05 22:15:52]      7  enlace placeholder reemplazado por la URL oficial de la propia publicacion (https://hospitalquillabamba.gob.pe/wp-content/uploads/2026/09/PROCESO_276_004_2026_HQ_29092026.pdf)
[2026-10-05 22:15:52]      7  CTA = convocatoriasdetrabajo.com sustituido por URL oficial de la publicacion (https://reclutamiento.onpe.gob.pe/convocatorias)
[2026-10-05 22:15:52]      7  CTA = convocatoriasdetrabajo.com sustituido por URL oficial de la publicacion (https://www.hospitalsicuaniacr.gob.pe/convocatorias/CAS/2026/09/CAS-09.pdf)
[2026-10-05 22:15:52]      7  CTA = convocatoriasdetrabajo.com sustituido por URL oficial de la publicacion (https://portal.muniplibre.gob.pe/wp-content/uploads/2026/09/Bases-N-019-2026-MPL.pdf)
[2026-10-05 22:15:52]      6  CTA = convocatoriasdetrabajo.com sustituido por URL oficial de la publicacion (https://aplicativo.pj.gob.pe/repositoriopsep/15005_AnuncioConvocatoria.pdf)
[2026-10-05 22:15:52]      6  enlace placeholder reemplazado por la URL oficial de la propia publicacion (https://convocatoria.vivienda.gob.pe/SIS_RRHH/externo/convocatorias/Inicio)
[2026-10-05 22:15:52]      6  CTA = convocatoriasdetrabajo.com sustituido por URL oficial de la publicacion (https://cdn.www.gob.pe/uploads/document/file/10676987/8637384-plazo-fijo-n-002-2026.pdf?v=1790125357)
[2026-10-05 22:15:52]      6  CTA = convocatoriasdetrabajo.com sustituido por URL oficial de la publicacion (https://www.gob.pe/institucion/ejercito/informes-publicaciones/8584617-bases-del-primer-concurso-publico-de-meritos-de-la-v-division-de-ejercito-af-2026)
[2026-10-05 22:15:52]      6  CTA = convocatoriasdetrabajo.com sustituido por URL oficial de la publicacion (https://aplicativo.pj.gob.pe/repositoriopsep/15044_AnuncioConvocatoria.pdf)
[2026-10-05 22:15:52]      6  CTA = convocatoriasdetrabajo.com sustituido por URL oficial de la publicacion (https://www.gob.pe/institucion/municachimayo/informes-publicaciones/8629462-convocatoria-concurso-cas-n-002-2026-mdc)
[2026-10-05 22:15:52]      6  CTA = convocatoriasdetrabajo.com sustituido por URL oficial de la publicacion (https://www.regionhuanuco.gob.pe/convocatorias)
[2026-10-05 22:15:52]      6  CTA = convocatoriasdetrabajo.com sustituido por URL oficial de la publicacion (https://www.gob.pe/institucion/ugelmariscalnieto/informes-publicaciones/8647056-convocatoria-cas-transitoria-010-2026-ugel-mn)
[2026-10-05 22:15:52]      6  CTA = convocatoriasdetrabajo.com sustituido por URL oficial de la publicacion (https://apps.serfor.gob.pe/convocatorias/convocatorias-SERFOR)
[2026-10-05 22:15:52]      6  CTA = convocatoriasdetrabajo.com sustituido por URL oficial de la publicacion (https://www.gob.pe/institucion/ugelsanmartin/informes-publicaciones/8628666-bases-proceso-cas-n-04-2026-ugelsm-rr-hh-necesidades-transitorias)
[2026-10-05 22:15:52]      6  CTA = convocatoriasdetrabajo.com sustituido por URL oficial de la publicacion (https://www.hrh.gob.pe/actiweb/files/modconv_personal/evaluaciones/EvalCAS10fe17530.pdf)
[2026-10-05 22:15:52]      6  CTA = convocatoriasdetrabajo.com sustituido por URL oficial de la publicacion (https://www.osinergmin.gob.pe/seccion/centro_documental/ResultadosSeleccionPersonal/Bases-concurso-PRACTICANTES.pdf)
[2026-10-05 22:15:52]      6  CTA = convocatoriasdetrabajo.com sustituido por URL oficial de la publicacion (https://www.gob.pe/institucion/psi/informes-publicaciones/8617196-convocatoria-cas-n-01-setiembre-2026-midagri-dvdafir-psi)
[2026-10-05 22:15:52]      5  CTA = convocatoriasdetrabajo.com sustituido por URL oficial de la publicacion (https://www.gob.pe/institucion/ejercito/informes-publicaciones/8587212-bases-de-convocatoria-del-concurso-publico-de-meritos-abierto-para-cubrir-plazos-presupuestadas-por-reemplazos-de-la-iii-division-de-ejercito-af-2026)
[2026-10-05 22:15:52]      5  enlace placeholder reemplazado por la URL oficial de la propia publicacion (https://www.hospitalmoquegua.gob.pe/portal/index.php/convocatorias/mnu-cas)
[2026-10-05 22:15:52]      5  CTA = convocatoriasdetrabajo.com sustituido por URL oficial de la publicacion (http://sistemas06.ugel03.gob.pe/sigepo/)
[2026-10-05 22:15:52]      5  CTA = convocatoriasdetrabajo.com sustituido por URL oficial de la publicacion (https://www.drec.gob.pe/wp-content/uploads/2026/09/CONVOCATORIA-DE-PRACTICAS-N%C2%B0-001-2026-DREC.pdf)
[2026-10-05 22:15:52]      5  CTA = convocatoriasdetrabajo.com sustituido por URL oficial de la publicacion (https://www.gob.pe/institucion/regionapurimac/informes-publicaciones/8620675-convocatoria-laboral-cas-transitorio-n-012-2026-gr-apurimac)
[2026-10-05 22:15:52]      5  CTA = convocatoriasdetrabajo.com sustituido por URL oficial de la publicacion (https://cdn.www.gob.pe/uploads/document/file/10677526/8637493-bases-y-cronograma-cas-n-006.pdf?v=1790171144)
[2026-10-05 22:15:52]      5  CTA = convocatoriasdetrabajo.com sustituido por URL oficial de la publicacion (https://sgth.osinfor.gob.pe/osinfor-convocatoria-web/convocatoria/paginas/convocatorias_vigentes_detalle.xhtml)
[2026-10-05 22:15:52]      5  CTA = convocatoriasdetrabajo.com sustituido por URL oficial de la publicacion (https://www.gob.pe/institucion/drscy/informes-publicaciones/8629816-convocatoria-por-suplencia-d-l-276-n-001-2026-sbs-cy)
[2026-10-05 22:15:52]      4  CTA = convocatoriasdetrabajo.com sustituido por URL oficial de la publicacion (https://www.gob.pe/institucion/municonstitucion/informes-publicaciones/8612233-convocatoria-para-la-contratacion-administrativa-de-servicios-cas-n-03-2026)
[2026-10-05 22:15:52]      4  enlace placeholder reemplazado por la URL oficial de la propia publicacion (https://www.gob.pe/institucion/munisanramon/normas-legales/8635179-212-2026-gm-mdsr?fbclid=IwY2xjawUqeQdleHRuA2FlbQIxMABwZG9mAWJyaWQRMW56eFU3WDVCdzVrQW01aWFzcnRjBmFwcF9pZBAyMjIwMzkxNzg4MjAwODkyAAEeagY_WrcjsYHzbgbfX_4TsxCY5Mdfs0hZBeCG6lNkf-T7Sp6aZUFXy3dXWXs_aem_rN7JZT06JJuiheLITLiaDw)
[2026-10-05 22:15:52]      4  CTA = convocatoriasdetrabajo.com sustituido por URL oficial de la publicacion (https://www.gob.pe/institucion/sunarp/informes-publicaciones/8634259-concurso-publico-de-practicas-profesionales-n-015-2026-zona-registral-xi)
[2026-10-05 22:15:52]      4  CTA = convocatoriasdetrabajo.com sustituido por URL oficial de la publicacion (https://www.gob.pe/institucion/psi/informes-publicaciones/8596204-conv-sci-215-2026-midagri-psi-birf)
[2026-10-05 22:15:52]      4  CTA = convocatoriasdetrabajo.com sustituido por URL oficial de la publicacion (https://www.gob.pe/institucion/cunamas/noticias)
[2026-10-05 22:15:52]      4  CTA = convocatoriasdetrabajo.com sustituido por URL oficial de la publicacion (https://www.gob.pe/institucion/ugelutcubamba/informes-publicaciones/8626822-proceso-de-contratacion-administrativa-de-servicios-n-0182026-gra-drea-u-e-301)
[2026-10-05 22:15:52]      4  CTA = convocatoriasdetrabajo.com sustituido por URL oficial de la publicacion (https://aplicativo.pj.gob.pe/repositoriopsep/14968_AnuncioConvocatoria.pdf)
[2026-10-05 22:15:52]      4  CTA = convocatoriasdetrabajo.com sustituido por URL oficial de la publicacion (https://aplicativo.pj.gob.pe/repositoriopsep/14983_AnuncioConvocatoria.pdf)
[2026-10-05 22:15:52]      4  CTA = convocatoriasdetrabajo.com sustituido por URL oficial de la publicacion (https://aplicativo.pj.gob.pe/repositoriopsep/15054_AnuncioConvocatoria.pdf)
[2026-10-05 22:15:52]      4  CTA = convocatoriasdetrabajo.com sustituido por URL oficial de la publicacion (https://web.dreancash.gob.pe/cdata/convocatorias/2026/09/l770SoFUGA8PUoTDALw8vsRswKJhCF1G02224E9f.pdf)
[2026-10-05 22:15:52]      3  CTA = convocatoriasdetrabajo.com sustituido por URL oficial de la publicacion (https://aplicativo.pj.gob.pe/repositoriopsep/15038_AnuncioConvocatoria.pdf)
[2026-10-05 22:15:52]      3  CTA = convocatoriasdetrabajo.com sustituido por URL oficial de la publicacion (https://aplicativo.pj.gob.pe/repositoriopsep/15026_AnuncioConvocatoria.pdf)
[2026-10-05 22:15:52]      3  CTA = convocatoriasdetrabajo.com sustituido por URL oficial de la publicacion (https://www.gob.pe/institucion/munimaras/informes-publicaciones/8627196-convocatoria-cas-nro-005-2026-mdm)
[2026-10-05 22:15:52]      3  CTA = convocatoriasdetrabajo.com sustituido por URL oficial de la publicacion (https://aplicativo.pj.gob.pe/repositoriopsep/15053_AnuncioConvocatoria.pdf)
[2026-10-05 22:15:52]      3  CTA = convocatoriasdetrabajo.com sustituido por URL oficial de la publicacion (https://www.gob.pe/institucion/invermet/noticias)
[2026-10-05 22:15:52]      3  CTA = convocatoriasdetrabajo.com sustituido por URL oficial de la publicacion (https://www.gob.pe/institucion/redsaludhuancavelica/noticias)
[2026-10-05 22:15:52]      3  CTA = convocatoriasdetrabajo.com sustituido por URL oficial de la publicacion (https://www.gob.pe/institucion/mimp/noticias)
[2026-10-05 22:15:52]      3  CTA = convocatoriasdetrabajo.com sustituido por URL oficial de la publicacion (https://digital.regionhuanuco.gob.pe/registro/mesa-partes-virtual/214)
[2026-10-05 22:15:52]      3  CTA = convocatoriasdetrabajo.com sustituido por URL oficial de la publicacion (https://www.gob.pe/institucion/mincetur/noticias)
[2026-10-05 22:15:52]      3  CTA = convocatoriasdetrabajo.com sustituido por URL oficial de la publicacion (https://portal.mpfn.gob.pe/convoca/anexos/convocatoria/2064)
[2026-10-05 22:15:52]      3  CTA = convocatoriasdetrabajo.com sustituido por URL oficial de la publicacion (https://www.gob.pe/institucion/munimaras/informes-publicaciones/8651337-invitacion-oportunidad-laboral-n-008-para-los-proyectos-de-gerencia-de-infraestructura-desarrollo-urbano-rural-y-catastro)
[2026-10-05 22:15:52]      3  CTA = convocatoriasdetrabajo.com sustituido por URL oficial de la publicacion (https://www.icl.gob.pe/#/gestion-administrativa/consultorias)
[2026-10-05 22:15:52]      3  CTA = convocatoriasdetrabajo.com sustituido por URL oficial de la publicacion (https://www.gob.pe/institucion/cultura/noticias)
[2026-10-05 22:15:52]      3  CTA = convocatoriasdetrabajo.com sustituido por URL oficial de la publicacion (https://portal.mpfn.gob.pe/convoca/anexos/convocatoria/2055)
[2026-10-05 22:15:52]      3  CTA = convocatoriasdetrabajo.com sustituido por URL oficial de la publicacion (https://aplicativo.pj.gob.pe/repositoriopsep/15022_AnuncioConvocatoria.pdf)
[2026-10-05 22:15:52]      3  CTA = convocatoriasdetrabajo.com sustituido por URL oficial de la publicacion (https://app.inia.gob.pe/convocatorias/)
[2026-10-05 22:15:52]      3  CTA = convocatoriasdetrabajo.com sustituido por URL oficial de la publicacion (https://www.muniollantaytambo.gob.pe/wp-content/uploads/2026/09/BASES-DE-CONCURSO-PUBLICO-DE-MERITOS-D.L.-276-No-003-2026.pdf)
[2026-10-05 22:15:52]      3  enlace placeholder reemplazado por la URL oficial de la propia publicacion (https://www.munilaencanada.gob.pe/index.php/convocatorias-cas-2026/convocatoria-n-06-2026-en-proceso/102-bases-y-cronograma-del-proceso-12/file)
[2026-10-05 22:15:52]      3  CTA = convocatoriasdetrabajo.com sustituido por URL oficial de la publicacion (https://portal.mpfn.gob.pe/convoca/anexos/convocatoria/2057)
[2026-10-05 22:15:52]      3  CTA = convocatoriasdetrabajo.com sustituido por URL oficial de la publicacion (https://cdn.www.gob.pe/uploads/document/file/10682851/7414461-ver-plazas-vacantes-d-leg-276-23-09-2026.xlsx?v=1790198839)
[2026-10-05 22:15:52]      3  CTA = convocatoriasdetrabajo.com sustituido por URL oficial de la publicacion (http://gis.proviasnac.gob.pe/convocatorias/pendientesPractPro.htm)
[2026-10-05 22:15:52]      3  CTA = convocatoriasdetrabajo.com sustituido por URL oficial de la publicacion (https://concursos.sedetc.gob.pe/#/concursos)
[2026-10-05 22:15:52]      3  CTA = convocatoriasdetrabajo.com sustituido por URL oficial de la publicacion (https://aplicativo.pj.gob.pe/repositoriopsep/14973_AnuncioConvocatoria.pdf)
[2026-10-05 22:15:52]      3  CTA = convocatoriasdetrabajo.com sustituido por URL oficial de la publicacion (https://portal.mpfn.gob.pe/convoca/anexos/convocatoria/2061)
[2026-10-05 22:15:52]      3  CTA = convocatoriasdetrabajo.com sustituido por URL oficial de la publicacion (https://www.gob.pe/institucion/hospitalsantarosa/noticias)
[2026-10-05 22:15:52]      3  CTA = convocatoriasdetrabajo.com sustituido por URL oficial de la publicacion (https://aplicativo.pj.gob.pe/repositoriopsep/14995_AnuncioConvocatoria.pdf)
[2026-10-05 22:15:52]      3  CTA = convocatoriasdetrabajo.com sustituido por URL oficial de la publicacion (https://extranet.corpac.gob.pe/PASH/BIENVENIDA)
[2026-10-05 22:15:52]      2  CTA = convocatoriasdetrabajo.com sustituido por URL oficial de la publicacion (https://www.gob.pe/institucion/munilamar/informes-publicaciones/8654543-concurso-publico-de-meritos-n-002-2026-mplm-sm-ce-reemplazo-temporal-del-regimen-laboral-del-decreto-legislativo-n-276)
[2026-10-05 22:15:52]      2  CTA = convocatoriasdetrabajo.com sustituido por URL oficial de la publicacion (https://api-convocatoria-public.sucamec.gob.pe/api/public/resource/get-convocatoria-bases?year=2026&file=D95B7E0C7D1C48A999F0C92F2E0BDA75.pdf)
[2026-10-05 22:15:52]      2  CTA = convocatoriasdetrabajo.com sustituido por URL oficial de la publicacion (https://www.gob.pe/institucion/munimazamari/noticias)
[2026-10-05 22:15:52]      2  enlace placeholder reemplazado por la URL oficial de la propia publicacion (https://enlinea.minedu.gob.pe/)
[2026-10-05 22:15:52]      2  CTA = convocatoriasdetrabajo.com sustituido por URL oficial de la publicacion (https://cas.promperu.gob.pe/files/C_PP3745720260711.pdf)
[2026-10-05 22:15:52]      2  CTA = convocatoriasdetrabajo.com sustituido por URL oficial de la publicacion (https://www.gob.pe/institucion/serfor/noticias)
[2026-10-05 22:15:52]      2  CTA = convocatoriasdetrabajo.com sustituido por URL oficial de la publicacion (https://web.ugelparuro.gob.pe/wp-content/uploads/2026/09/cas-18.pdf?fbclid=IwY2xjawUkyJpleHRuA2FlbQIxMABwZG9mAWJyaWQRMXg5WkhiT29iVXllVUs1MWFzcnRjBmFwcF9pZBAyMjIwMzkxNzg4MjAwODkyAAEeAYERdvQDHidRvWMu_dJE8DyJM3mHNH9ePFAKKO-lnGT3uibbYTicaUEy2uM_aem_J4-Fpemd2Tbn17IJG08laA)
[2026-10-05 22:15:52]      2  CTA = convocatoriasdetrabajo.com sustituido por URL oficial de la publicacion (https://www2.sutran.gob.pe/portal/images/convocatoriascas/CAS_240-2026_-_BASES_-_ANALISTA_I_-_SGFSV__SUPLENCIA_.pdf)
[2026-10-05 22:15:52]      2  CTA = convocatoriasdetrabajo.com sustituido por URL oficial de la publicacion (https://aplicativo.pj.gob.pe/repositoriopsep/15007_AnuncioConvocatoria.pdf)
[2026-10-05 22:15:52]      2  CTA = convocatoriasdetrabajo.com sustituido por URL oficial de la publicacion (https://convocatoria.regiontacna.gob.pe/view-bases.php?jobid=6734148435&cid=CM484140271)
[2026-10-05 22:15:52]      2  CTA = convocatoriasdetrabajo.com sustituido por URL oficial de la publicacion (https://www.defensoria.gob.pe/modules/Downloads/transparencia/2026/convoca/CONVOCATORIA-CAP-72-2026-DP.pdf)
[2026-10-05 22:15:52]      2  titulo de articulo, no de oferta individual
[2026-10-05 22:15:52]      2  CTA = convocatoriasdetrabajo.com sustituido por URL oficial de la publicacion (https://cdn.www.gob.pe/uploads/document/file/8067526/6769602-base-legal-276.pdf?v=1747316134)
[2026-10-05 22:15:52]      2  CTA = convocatoriasdetrabajo.com sustituido por URL oficial de la publicacion (https://plataformamincu.cultura.gob.pe/POST_CAST/DocumentoPublicacion/2026/PUB_6119_20260924102830.pdf)
[2026-10-05 22:15:52]      2  CTA = convocatoriasdetrabajo.com sustituido por URL oficial de la publicacion (https://cdn.www.gob.pe/uploads/document/file/10677241/7633540-convocatoria-04-2026-dl-728-municipalidad-distrital-de-yura-bases.pdf?v=1790167449)
[2026-10-05 22:15:52]      2  CTA = convocatoriasdetrabajo.com sustituido por URL oficial de la publicacion (https://www.gob.pe/institucion/regionapurimac-dre/informes-publicaciones/8643186-proceso-cas-n-06-2026-drea-bases-para-la-contratacion-administrativa-de-servicios-a-plazo-determinado-para-labores-de-necesidad-transitoria-bajo-el-regimen-laboral-del-decreto-legislativo-n-1057-cas)
[2026-10-05 22:15:52]      2  CTA = convocatoriasdetrabajo.com sustituido por URL oficial de la publicacion (https://www.sat.gob.pe/CVVirtual/ArchivosAdjuntosCV/FileAdjN6955.pdf)
[2026-10-05 22:15:52]      2  CTA = convocatoriasdetrabajo.com sustituido por URL oficial de la publicacion (https://consultas.munilince.gob.pe/convocatoria/documentos/convocatoria/2026/01_01541_01_0003681.pdf)
[2026-10-05 22:15:52]      2  CTA = convocatoriasdetrabajo.com sustituido por URL oficial de la publicacion (https://aplicaciones.mininter.gob.pe/sisconvir/convocatorias/index)
[2026-10-05 22:15:52]      2  CTA = convocatoriasdetrabajo.com sustituido por URL oficial de la publicacion (https://pncb.bosques.gob.pe/archivo/PERFIL024-2026.pdf)
[2026-10-05 22:15:52]      2  CTA = convocatoriasdetrabajo.com sustituido por URL oficial de la publicacion (https://contenidos.regionpiura.gob.pe/convocatoria/CONVO_11_20260919_080910.pdf)
[2026-10-05 22:15:52]      2  CTA = convocatoriasdetrabajo.com sustituido por URL oficial de la publicacion (https://www.gob.pe/institucion/ugelsanjuandemiraflores/informes-publicaciones/8613792-cas-n-078-2026-ugel01-convocatoria-para-la-contratacion-administrador-de-servicios-de-un-01-especialista-en-planificacion-de-gestion-pedagogica-plazo-determinado)
[2026-10-05 22:15:52]      2  CTA = convocatoriasdetrabajo.com sustituido por URL oficial de la publicacion (https://sistemaenlinea.proinnovate.gob.pe/modules/utilidades/convocatorias_cas/reporte.php)
[2026-10-05 22:15:52]      2  CTA = convocatoriasdetrabajo.com sustituido por URL oficial de la publicacion (https://reclutamiento.apn.gob.pe/convocatorias-cas/?modalidad=practicas)
[2026-10-05 22:15:52]      2  CTA = convocatoriasdetrabajo.com sustituido por URL oficial de la publicacion (https://cas.promperu.gob.pe/files/C_PP3746420260761.pdf)
[2026-10-05 22:15:52]      2  CTA = convocatoriasdetrabajo.com sustituido por URL oficial de la publicacion (https://www.pronatel.gob.pe/pg/archivos/bases_009_2026.pdf)
[2026-10-05 22:15:52]      2  CTA = convocatoriasdetrabajo.com sustituido por URL oficial de la publicacion (https://aplicativo.pj.gob.pe/repositoriopsep/15057_AnuncioConvocatoria.pdf)
[2026-10-05 22:15:52]      2  CTA = convocatoriasdetrabajo.com sustituido por URL oficial de la publicacion (https://aplicativo.pj.gob.pe/repositoriopsep/15019_AnuncioConvocatoria.pdf)
[2026-10-05 22:15:52]      2  CTA = convocatoriasdetrabajo.com sustituido por URL oficial de la publicacion (https://portal.mpfn.gob.pe/convoca/anexos/convocatoria/2036)
[2026-10-05 22:15:52]      2  CTA = convocatoriasdetrabajo.com sustituido por URL oficial de la publicacion (https://www.acomerpescado.gob.pe/convocatoria-cas/wp-content/uploads/2026/09/BASES-PROCESO-CAS-N%C2%B0-009-2026-ESPECIALISTA-EN-TECNOLOGIAS-DE-LA-INFORMACION.pdf)
[2026-10-05 22:15:52]      2  CTA = convocatoriasdetrabajo.com sustituido por URL oficial de la publicacion (https://aplicativo.pj.gob.pe/repositoriopsep/15000_AnuncioConvocatoria.pdf)
[2026-10-05 22:15:52]      2  CTA = convocatoriasdetrabajo.com sustituido por URL oficial de la publicacion (https://www.inacal.gob.pe/repositorioaps/data/1/1/2/jer/requerimiento-de-personal-2026/files/Convocatoria%20CAS%20012%20-2026.pdf)
[2026-10-05 22:15:52]      2  enlace placeholder reemplazado por la URL oficial de la propia publicacion (https://www.gob.pe/institucion/ugelibcondorcanqui/noticias)
[2026-10-05 22:15:52]      2  CTA = convocatoriasdetrabajo.com sustituido por URL oficial de la publicacion (https://reclutamiento.apn.gob.pe/convocatorias-cas/?modalidad=cas)
[2026-10-05 22:15:52]      2  CTA = convocatoriasdetrabajo.com sustituido por URL oficial de la publicacion (https://www.gob.pe/institucion/ugelibcondorcanqui/noticias)
[2026-10-05 22:15:52]      2  CTA = convocatoriasdetrabajo.com sustituido por URL oficial de la publicacion (https://transparencia.produce.gob.pe/index.php/formularios-de-atencion-al-ciudadano/convocatorias-cas)
[2026-10-05 22:15:52]      2  CTA = convocatoriasdetrabajo.com sustituido por URL oficial de la publicacion (https://reclutamiento.apn.gob.pe/convocatorias-cas/?modalidad=cap)
[2026-10-05 22:15:52]      2  CTA = convocatoriasdetrabajo.com sustituido por URL oficial de la publicacion (https://aplicativo.pj.gob.pe/repositoriopsep/15030_AnuncioConvocatoria.pdf)
[2026-10-05 22:15:52]      2  enlace placeholder reemplazado por la URL oficial de la propia publicacion (https://www.munihuanuco.gob.pe/intranetmunihco/archivos/20260924045819349.pdf)
[2026-10-05 22:15:52]      2  CTA = convocatoriasdetrabajo.com sustituido por URL oficial de la publicacion (https://vasg.anin.gob.pe/PRODUCCION/SISCAS/2026921164623488.pdf)
[2026-10-05 22:15:52]      2  CTA = convocatoriasdetrabajo.com sustituido por URL oficial de la publicacion (https://cdn.www.gob.pe/uploads/document/file/10674318/8635662-bases-del-proceso.pdf?v=1790105157)
[2026-10-05 22:15:52]      2  CTA = convocatoriasdetrabajo.com sustituido por URL oficial de la publicacion (https://cdn.www.gob.pe/uploads/document/file/10656381/4535717-proceso-convocatoria-cas-camelidos-n-03-2026-f-f-f.pdf?v=1789743584)
[2026-10-05 22:15:52]      2  enlace placeholder reemplazado por la URL oficial de la propia publicacion (https://www.gob.pe/institucion/regionsanmartin-gtbm/informes-publicaciones/8647272-concurso-publico-de-meritos-n-0011-2026-grsm-gtbm-t-oadm-ugpp)
[2026-10-05 22:15:52]      2  CTA = convocatoriasdetrabajo.com sustituido por URL oficial de la publicacion (https://aplicativo.pj.gob.pe/repositoriopsep/15056_AnuncioConvocatoria.pdf)
[2026-10-05 22:15:52]      2  CTA = convocatoriasdetrabajo.com sustituido por URL oficial de la publicacion (https://enlinea.regionlalibertad.gob.pe/)
[2026-10-05 22:15:52]      2  CTA = convocatoriasdetrabajo.com sustituido por URL oficial de la publicacion (https://www.gob.pe/institucion/ipen/informes-publicaciones/8627164-concurso-publico-cas-2026-iii)
[2026-10-05 22:15:52]      2  CTA = convocatoriasdetrabajo.com sustituido por URL oficial de la publicacion (https://web.satp.gob.pe/images/2026/convocatoria/BASES_CAS_DETERMINADO_N_003-2026.pdf)
[2026-10-05 22:15:52]      2  CTA = convocatoriasdetrabajo.com sustituido por URL oficial de la publicacion (https://www.bcrp.gob.pe)
[2026-10-05 22:15:52]      2  CTA = convocatoriasdetrabajo.com sustituido por URL oficial de la publicacion (https://www.gob.pe/institucion/peplancopesco/noticias)
[2026-10-05 22:15:52]      2  CTA = convocatoriasdetrabajo.com sustituido por URL oficial de la publicacion (https://www.gob.pe/institucion/hospitalmoquegua/noticias)
[2026-10-05 22:15:52]      2  CTA = convocatoriasdetrabajo.com sustituido por URL oficial de la publicacion (https://www.gob.pe/institucion/indecopi/noticias)
[2026-10-05 22:15:52]      2  CTA = convocatoriasdetrabajo.com sustituido por URL oficial de la publicacion (https://plataformamincu.cultura.gob.pe/POST_CAST/DocumentoPublicacion/2026/PUB_6123_20260924102934.pdf)
[2026-10-05 22:15:52]      2  CTA = convocatoriasdetrabajo.com sustituido por URL oficial de la publicacion (https://munilares.gob.pe/wp-content/uploads/2026/09/BASES-CAS-008-2026.pdf)
[2026-10-05 22:15:52]      2  CTA = convocatoriasdetrabajo.com sustituido por URL oficial de la publicacion (https://aplicativo.pj.gob.pe/repositoriopsep/15021_AnuncioConvocatoria.pdf)
[2026-10-05 22:15:52]      2  CTA = convocatoriasdetrabajo.com sustituido por URL oficial de la publicacion (https://plataformamincu.cultura.gob.pe/POST_CAST/DocumentoPublicacion/2026/PUB_6120_20260924102847.pdf)
[2026-10-05 22:15:52]      2  CTA = convocatoriasdetrabajo.com sustituido por URL oficial de la publicacion (https://www.gob.pe/institucion/munichorrillos/informes-publicaciones/8612972-proceso-cas-010-2026-mdch)
[2026-10-05 22:15:52]      2  CTA = convocatoriasdetrabajo.com sustituido por URL oficial de la publicacion (https://www.munitacna.gob.pe/convoca/download/2026/0033/Bases_033.pdf)
[2026-10-05 22:15:52]      2  enlace placeholder reemplazado por la URL oficial de la propia publicacion (https://convocatoriasadm.jovenesproductivos.gob.pe/procesos/S442026.pdf)
[2026-10-05 22:15:52]      2  CTA = convocatoriasdetrabajo.com sustituido por URL oficial de la publicacion (https://aplicativo.pj.gob.pe/repositoriopsep/15010_AnuncioConvocatoria.pdf)
[2026-10-05 22:15:52]      2  CTA = convocatoriasdetrabajo.com sustituido por URL oficial de la publicacion (https://www.acomerpescado.gob.pe/convocatoria-cas/)
[2026-10-05 22:15:52]      2  CTA = convocatoriasdetrabajo.com sustituido por URL oficial de la publicacion (https://plataformamincu.cultura.gob.pe/POST_CAST/DocumentoPublicacion/2026/PUB_6122_20260924102918.pdf)
[2026-10-05 22:15:52]      2  CTA = convocatoriasdetrabajo.com sustituido por URL oficial de la publicacion (https://transparencia.huampani.gob.pe/CAS/2026/bases-0009-2026.pdf)
[2026-10-05 22:15:52]      2  CTA = convocatoriasdetrabajo.com sustituido por URL oficial de la publicacion (https://www.gob.pe/institucion/defensoria/noticias)
[2026-10-05 22:15:52]      2  CTA = convocatoriasdetrabajo.com sustituido por URL oficial de la publicacion (https://aplicativo.pj.gob.pe/repositoriopsep/14942_AnuncioConvocatoria.pdf)
[2026-10-05 22:15:52]      2  CTA = convocatoriasdetrabajo.com sustituido por URL oficial de la publicacion (https://www.hospitaltacna.gob.pe/web/files/convocatorias/2026/basescas826.pdf)
[2026-10-05 22:15:52]      2  CTA = convocatoriasdetrabajo.com sustituido por URL oficial de la publicacion (https://www.invermet.gob.pe/wp-content/uploads/2026/09/BASES-CAS-52-1.pdf)
[2026-10-05 22:15:52]      2  CTA = convocatoriasdetrabajo.com sustituido por URL oficial de la publicacion (https://aplicativo.pj.gob.pe/repositoriopsep/15040_AnuncioConvocatoria.pdf)
[2026-10-05 22:15:52]      2  CTA = convocatoriasdetrabajo.com sustituido por URL oficial de la publicacion (https://ugelpangoa.gob.pe/wp-content/uploads/2026/09/BASES-PARA-CAS-SEDE-009-2026-UGELPANGOA.pdf?fbclid=IwY2xjawUqdIJleHRuA2FlbQIxMABwZG9mAWJyaWQRMUpUa2JHR1BzQ3hsWFJ4UEFzcnRjBmFwcF9pZBAyMjIwMzkxNzg4MjAwODkyAAEeV0hYHJyKhyrPKqh5VtzPWl5-jbDOOdvcoJ62ASYu704n4HufcrlsrzThvjY_aem_jJ9oYtf3jyiGq_i70y_FMw)
[2026-10-05 22:15:52]      2  CTA = convocatoriasdetrabajo.com sustituido por URL oficial de la publicacion (https://www.gob.pe/institucion/sunarp/informes-publicaciones/8628148-concurso-publico-de-practicantes-n-0019-2026-sunarp-zona-registral-n-v)
[2026-10-05 22:15:52]      2  CTA = convocatoriasdetrabajo.com sustituido por URL oficial de la publicacion (https://plataformamincu.cultura.gob.pe/POST_CAST/DocumentoPublicacion/2026/PUB_6121_20260924102903.pdf)
[2026-10-05 22:15:52]      2  CTA = convocatoriasdetrabajo.com sustituido por URL oficial de la publicacion (https://intranet2.fondepes.gob.pe/PROCESO/Arc/Proceso/CAS_20261401.pdf)
[2026-10-05 22:15:52]      2  CTA = convocatoriasdetrabajo.com sustituido por URL oficial de la publicacion (https://www.gob.pe/institucion/regionapurimac/noticias)
[2026-10-05 22:15:52]      2  CTA = convocatoriasdetrabajo.com sustituido por URL oficial de la publicacion (https://aplicativo.pj.gob.pe/repositoriopsep/15014_AnuncioConvocatoria.pdf)
[2026-10-05 22:15:52]      2  CTA = convocatoriasdetrabajo.com sustituido por URL oficial de la publicacion (https://www.gob.pe/institucion/ugel03tno/informes-publicaciones/8623754-comunicado-proceso-cas-n-022-2026-grll-ggr-grse-ugel03tno-suplencia)
[2026-10-05 22:15:52]      2  CTA = convocatoriasdetrabajo.com sustituido por URL oficial de la publicacion (https://www.gob.pe/institucion/uicet/informes-publicaciones/8603846-servicios-de-un-01-coordinador-en-control-previo)
[2026-10-05 22:15:52]      2  CTA = convocatoriasdetrabajo.com sustituido por URL oficial de la publicacion (https://aplicativo.pj.gob.pe/repositoriopsep/14961_AnuncioConvocatoria.pdf)
[2026-10-05 22:15:52]      2  CTA = convocatoriasdetrabajo.com sustituido por URL oficial de la publicacion (https://aplicativo.pj.gob.pe/repositoriopsep/14975_AnuncioConvocatoria.pdf)
[2026-10-05 22:15:52]      2  CTA = convocatoriasdetrabajo.com sustituido por URL oficial de la publicacion (https://postulacioncas.minedu.gob.pe/PostulacionCas/Home/Convocatoria/29723)
[2026-10-05 22:15:52]      1  CTA = convocatoriasdetrabajo.com sustituido por URL oficial de la publicacion (https://www.senamhi.gob.pe/include/convocatorias_ver.php?ide_convo=17960)
[2026-10-05 22:15:52]      1  CTA = convocatoriasdetrabajo.com sustituido por URL oficial de la publicacion (https://consultasenlinea.mincetur.gob.pe/apiGeneralesDocCms/api/DocCms/ExportarArchivo?key=34E6C279DA6EDAA72B246E822ABF8CDBB1A4FEC6F606B11E1C6358A266E8179A25C5058A7B1438F3&op=2)
[2026-10-05 22:15:52]      1  CTA = convocatoriasdetrabajo.com sustituido por URL oficial de la publicacion (https://www.osiptel.gob.pe/convocatorias-laborales/cas-n-056-2026-osiptel-un-a-analista-en-auditor%C3%ADa-de-aportes-suplencia/)
[2026-10-05 22:15:52]      1  CTA = convocatoriasdetrabajo.com sustituido por URL oficial de la publicacion (https://sigof.sisfoh.gob.pe/convocatorias/upload/20260919_015910_6b0c9dce7d6a65f0.pdf)
[2026-10-05 22:15:52]      1  CTA = convocatoriasdetrabajo.com sustituido por URL oficial de la publicacion (https://www.osiptel.gob.pe/convocatorias-laborales/cas-n-057-2026-osiptel-un-a-analista-ii-en-integridad/)
[2026-10-05 22:15:52]      1  CTA = convocatoriasdetrabajo.com sustituido por URL oficial de la publicacion (https://postulacioncas.minedu.gob.pe/PostulacionCas/Home/Convocatoria/29708#no-back-button)
[2026-10-05 22:15:52]      1  CTA = convocatoriasdetrabajo.com sustituido por URL oficial de la publicacion (https://convocatorias.sineace.gob.pe/postulacion/Postulacion/Descargar_Tdr?idReq=378)
[2026-10-05 22:15:52]      1  CTA = convocatoriasdetrabajo.com sustituido por URL oficial de la publicacion (https://convocatorias.sineace.gob.pe/postulacion/Postulacion/Descargar_Tdr?idReq=380)
[2026-10-05 22:15:52]      1  CTA = convocatoriasdetrabajo.com sustituido por URL oficial de la publicacion (https://consultasenlinea.mincetur.gob.pe/apiGeneralesDocCms/api/DocCms/ExportarArchivo?key=34E6C279DA6EDAA78154B532D7C46AF5899345C294F3ED68335C97B234E8E17788FD65A8A66080F8&op=2)
[2026-10-05 22:15:52]      1  CTA = convocatoriasdetrabajo.com sustituido por URL oficial de la publicacion (https://convocatoriasadm.jovenesproductivos.gob.pe/procesos/S402026.pdf)
[2026-10-05 22:15:52]      1  CTA = convocatoriasdetrabajo.com sustituido por URL oficial de la publicacion (https://cas.promperu.gob.pe/files/C_PP3745320260651.pdf)
[2026-10-05 22:15:52]      1  CTA = convocatoriasdetrabajo.com sustituido por URL oficial de la publicacion (https://talento.sunedu.gob.pe/descargar_ftp/concurso/6ab13b171e18b.pdf)
[2026-10-05 22:15:52]      1  CTA = convocatoriasdetrabajo.com sustituido por URL oficial de la publicacion (https://www.gob.pe/institucion/cenepred/informes-publicaciones/8623252-n-proceso-032-2026-especialista-legal)
[2026-10-05 22:15:52]      1  CTA = convocatoriasdetrabajo.com sustituido por URL oficial de la publicacion (https://aplicativo.pj.gob.pe/repositoriopsep/15028_AnuncioConvocatoria.pdf)
[2026-10-05 22:15:52]      1  CTA = convocatoriasdetrabajo.com sustituido por URL oficial de la publicacion (https://www.muniate.gob.pe/wp-content/uploads/2026/08/18-2026-CAS-INTEGRADOR.pdf)
[2026-10-05 22:15:52]      1  CTA = convocatoriasdetrabajo.com sustituido por URL oficial de la publicacion (https://www.invermet.gob.pe/wp-content/uploads/2026/09/BASES-CAS-49.pdf)
[2026-10-05 22:15:52]      1  CTA = convocatoriasdetrabajo.com sustituido por URL oficial de la publicacion (https://cas.pronabec.gob.pe/postulacion/Postulacion/Descargar_Tdr?idReq=MQA5ADkANQA%3D)
[2026-10-05 22:15:52]      1  CTA = convocatoriasdetrabajo.com sustituido por URL oficial de la publicacion (https://aplicativo.pj.gob.pe/repositoriopsep/14996_AnuncioConvocatoria.pdf)
[2026-10-05 22:15:52]      1  CTA = convocatoriasdetrabajo.com sustituido por URL oficial de la publicacion (https://www.gob.pe/institucion/pnp/informes-publicaciones/8650928-convocatoria-cas-n-029-2026-dirrehum-pnp-un-01-medico-anestesiologo-direccion-de-sanidad-policial)
[2026-10-05 22:15:52]      1  CTA = convocatoriasdetrabajo.com sustituido por URL oficial de la publicacion (https://consultasenlinea.mincetur.gob.pe/apiGeneralesDocCms/api/DocCms/ExportarArchivo?key=34E6C279DA6EDAA7816D2BBDC9057C10C4DAE826D743C40A96ADED18B37346967F65FB3B2C2A13BC&op=2)
[2026-10-05 22:15:52]      1  CTA = convocatoriasdetrabajo.com sustituido por URL oficial de la publicacion (https://cas.promperu.gob.pe/files/C_PP3745220260641.pdf)
[2026-10-05 22:15:52]      1  CTA = convocatoriasdetrabajo.com sustituido por URL oficial de la publicacion (https://consultasenlinea.mincetur.gob.pe/apiGeneralesDocCms/api/DocCms/ExportarArchivo?key=34E6C279DA6EDAA73007C8A9F0DAE811E9E3078CD749977D111C2DB6F6D8F99F279B233BDD8DA5C4&op=2)
[2026-10-05 22:15:52]      1  CTA = convocatoriasdetrabajo.com sustituido por URL oficial de la publicacion (https://www.minam.gob.pe/convocatorias/cas-063-2026-minam-convocatoria-en-linea/)
[2026-10-05 22:15:52]      1  CTA = convocatoriasdetrabajo.com sustituido por URL oficial de la publicacion (https://central.perucompras.gob.pe/archivos/oportunidades-laborales/detalle_cas_009_2026_cod_06.pdf)
[2026-10-05 22:15:52]      1  CTA = convocatoriasdetrabajo.com sustituido por URL oficial de la publicacion (https://www.minam.gob.pe/convocatorias/cas-066-2026-minam-convocatoria-en-linea/)
[2026-10-05 22:15:52]      1  CTA = convocatoriasdetrabajo.com sustituido por URL oficial de la publicacion (https://aplicativo.pj.gob.pe/repositoriopsep/15008_AnuncioConvocatoria.pdf)
[2026-10-05 22:15:52]      1  CTA = convocatoriasdetrabajo.com sustituido por URL oficial de la publicacion (https://cas.pronabec.gob.pe/postulacion/Postulacion/Descargar_Tdr?idReq=MQA5ADkANgA%3D)
[2026-10-05 22:15:52]      1  CTA = convocatoriasdetrabajo.com sustituido por URL oficial de la publicacion (https://convocatorias.sineace.gob.pe/postulacion/Postulacion/Descargar_Tdr?idReq=390)
[2026-10-05 22:15:52]      1  CTA = convocatoriasdetrabajo.com sustituido por URL oficial de la publicacion (https://aplicativo.pj.gob.pe/repositoriopsep/15043_AnuncioConvocatoria.pdf)
[2026-10-05 22:15:52]      1  CTA = convocatoriasdetrabajo.com sustituido por URL oficial de la publicacion (https://www.onpe.gob.pe/modTransparencia/Convocatorias/CAS/CAS-GGE-SGPE-AUX-24set.pdf)
[2026-10-05 22:15:52]      1  CTA = convocatoriasdetrabajo.com sustituido por URL oficial de la publicacion (https://www.invermet.gob.pe/wp-content/uploads/2026/09/BASES-CAS-47-1.pdf)
[2026-10-05 22:15:52]      1  CTA = convocatoriasdetrabajo.com sustituido por URL oficial de la publicacion (https://consultasenlinea.mincetur.gob.pe/apiGeneralesDocCms/api/DocCms/ExportarArchivo?key=34E6C279DA6EDAA74BB0CF13464305BFE75A6A63B4C3355D17845936002FAC14839AD89678EF6D85&op=2)
[2026-10-05 22:15:52]      1  CTA = convocatoriasdetrabajo.com sustituido por URL oficial de la publicacion (https://www.invermet.gob.pe/wp-content/uploads/2026/09/BASES-CAS-37.pdf)
[2026-10-05 22:15:52]      1  CTA = convocatoriasdetrabajo.com sustituido por URL oficial de la publicacion (https://www.invermet.gob.pe/wp-content/uploads/2026/09/BASES-CAS-45-1.pdf)
[2026-10-05 22:15:52]      1  CTA = convocatoriasdetrabajo.com sustituido por URL oficial de la publicacion (https://www.osiptel.gob.pe/convocatorias-laborales/cas-n-052-2026-osiptel-un-a-asistente-t%C3%A9cnico-ii-segunda-convocatoria/)
[2026-10-05 22:15:52]      1  CTA = convocatoriasdetrabajo.com sustituido por URL oficial de la publicacion (https://www.osiptel.gob.pe/convocatorias-laborales/cas-n-051-2026-osiptel-un-a-analista-ii-en-instrucci%C3%B3n-segunda-convocatoria/)
[2026-10-05 22:15:52]      1  CTA = convocatoriasdetrabajo.com sustituido por URL oficial de la publicacion (https://consultasenlinea.mincetur.gob.pe/apiGeneralesDocCms/api/DocCms/ExportarArchivo?key=34E6C279DA6EDAA79EF17F204D5DAC6880C14C42787C6E60042BDB996581FD422D78B5161F1BA1F9&op=2)
[2026-10-05 22:15:52]      1  CTA = convocatoriasdetrabajo.com sustituido por URL oficial de la publicacion (https://www.gob.pe/institucion/pnp/informes-publicaciones/8650939-convocatoria-cas-n-034-2026-dirrehum-pnp-un-01-tecnico-en-laboratorio-clinico-hospital-nacional-pnp-luis-n-saenz)
[2026-10-05 22:15:52]      1  CTA = convocatoriasdetrabajo.com sustituido por URL oficial de la publicacion (https://aplicativo.pj.gob.pe/repositoriopsep/15006_AnuncioConvocatoria.pdf)
[2026-10-05 22:15:52]      1  CTA = convocatoriasdetrabajo.com sustituido por URL oficial de la publicacion (https://www.gob.pe/institucion/sunarp/informes-publicaciones/8611255-proceso-cas-n-026-2026-sunarp-zona-registral-n-viii)
[2026-10-05 22:15:52]      1  CTA = convocatoriasdetrabajo.com sustituido por URL oficial de la publicacion (https://aplicativo.pj.gob.pe/repositoriopsep/14990_AnuncioConvocatoria.pdf)
[2026-10-05 22:15:52]      1  CTA = convocatoriasdetrabajo.com sustituido por URL oficial de la publicacion (https://aplicativo.pj.gob.pe/repositoriopsep/15025_AnuncioConvocatoria.pdf)
[2026-10-05 22:15:52]      1  CTA = convocatoriasdetrabajo.com sustituido por URL oficial de la publicacion (https://cas.promperu.gob.pe/files/C_PP3745120260631.pdf)
[2026-10-05 22:15:52]      1  CTA = convocatoriasdetrabajo.com sustituido por URL oficial de la publicacion (https://www.gob.pe/institucion/pnp/informes-publicaciones/8650941-convocatoria-cas-n-035-2026-dirrehum-pnp-un-01-licenciado-en-enfermeria-hospital-pnp-augusto-b-leguia)
[2026-10-05 22:15:52]      1  CTA = convocatoriasdetrabajo.com sustituido por URL oficial de la publicacion (https://aplicativo.pj.gob.pe/repositoriopsep/15012_AnuncioConvocatoria.pdf)
[2026-10-05 22:15:52]      1  CTA = convocatoriasdetrabajo.com sustituido por URL oficial de la publicacion (https://consultasenlinea.mincetur.gob.pe/apiGeneralesDocCms/api/DocCms/ExportarArchivo?key=34E6C279DA6EDAA71682C30C2745DB68FC0B0023F1AF52A738E70340083EC6EB7D3E41770BF428C0&op=2)
[2026-10-05 22:15:52]      1  CTA = convocatoriasdetrabajo.com sustituido por URL oficial de la publicacion (https://central.perucompras.gob.pe/archivos/oportunidades-laborales/detalle_cas_009_2026_cod_01.pdf)
[2026-10-05 22:15:52]      1  CTA = convocatoriasdetrabajo.com sustituido por URL oficial de la publicacion (https://www.gob.pe/institucion/munilamar/informes-publicaciones/8654425-convocatoria-proceso-cas-n-007-2026-mplm-sm-ce-necesidad-transitoria)
[2026-10-05 22:15:52]      1  CTA = convocatoriasdetrabajo.com sustituido por URL oficial de la publicacion (https://postulacioncas.minedu.gob.pe/PostulacionCas/Home/Convocatoria/29720#no-back-button)
[2026-10-05 22:15:52]      1  CTA = convocatoriasdetrabajo.com sustituido por URL oficial de la publicacion (https://www.senamhi.gob.pe/include/convocatorias_ver.php?ide_convo=17961)
[2026-10-05 22:15:52]      1  CTA = convocatoriasdetrabajo.com sustituido por URL oficial de la publicacion (https://postulacioncas.minedu.gob.pe/PostulacionCas/Home/Convocatoria/29706#no-back-button)
[2026-10-05 22:15:52]      1  CTA = convocatoriasdetrabajo.com sustituido por URL oficial de la publicacion (https://www.muniate.gob.pe/wp-content/uploads/2026/08/17-2026-CAS-ESPECIALISTA-EN-SEGURIDAD-Y-SALUD-EN-EL-TRABAJO.pdf)
[2026-10-05 22:15:52]      1  CTA = convocatoriasdetrabajo.com sustituido por URL oficial de la publicacion (https://talento.sunedu.gob.pe/descargar_ftp/concurso/6ab13899d292a.pdf)
[2026-10-05 22:15:52]      1  CTA = convocatoriasdetrabajo.com sustituido por URL oficial de la publicacion (https://www.invermet.gob.pe/wp-content/uploads/2026/09/BASES-CAS-56.pdf)
[2026-10-05 22:15:52]      1  CTA = convocatoriasdetrabajo.com sustituido por URL oficial de la publicacion (https://aplicativo.pj.gob.pe/repositoriopsep/15042_AnuncioConvocatoria.pdf)
[2026-10-05 22:15:52]      1  CTA = convocatoriasdetrabajo.com sustituido por URL oficial de la publicacion (https://www.muniate.gob.pe/wp-content/uploads/2026/08/19-2026-CAS-INSPECTOR-MUNICIPAL-DE-TRASPORTE.pdf)
[2026-10-05 22:15:52]      1  CTA = convocatoriasdetrabajo.com sustituido por URL oficial de la publicacion (https://www.gob.pe/institucion/mimp/informes-publicaciones/8622439-practicas-preprofesionales-n-092-2026)
[2026-10-05 22:15:52]      1  CTA = convocatoriasdetrabajo.com sustituido por URL oficial de la publicacion (https://www.invermet.gob.pe/wp-content/uploads/2026/09/BASES-CAS-53.pdf)
[2026-10-05 22:15:52]      1  CTA = convocatoriasdetrabajo.com sustituido por URL oficial de la publicacion (https://cas.pronabec.gob.pe/postulacion/Postulacion/Descargar_Tdr?idReq=MQA5ADkANAA%3D)
[2026-10-05 22:15:52]      1  CTA = convocatoriasdetrabajo.com sustituido por URL oficial de la publicacion (https://central.perucompras.gob.pe/archivos/oportunidades-laborales/detalle_cas_009_2026_cod_02.pdf)
[2026-10-05 22:15:52]      1  CTA = convocatoriasdetrabajo.com sustituido por URL oficial de la publicacion (https://aplicativo.pj.gob.pe/repositoriopsep/14943_AnuncioConvocatoria.pdf)
[2026-10-05 22:15:52]      1  CTA = convocatoriasdetrabajo.com sustituido por URL oficial de la publicacion (https://pad2.minem.gob.pe/ConvocaMinem_Portal/Laserfiche/Descargar?token=Q2ZESjhHRmxpUGtjaUhGS2h4eVNOTWNncnh4S0pmSVcyX01nNTJmaGkxLXN1MHU4THJLcDFPeE5FTVJ6VzQyVVdlQTRyQ0FlVG1pa2NmNElWejhadHc5LTNOS2F2bzhUdHpJMTVRblJhdlphbWdidlcwQi1oY1V5SVpuYk5pZHFjOEs1SHpNZHZLNlZvZEtTeUxHWEdJbVFZalk)
[2026-10-05 22:15:52]      1  CTA = convocatoriasdetrabajo.com sustituido por URL oficial de la publicacion (https://postulacioncas.minedu.gob.pe/PostulacionCas/Home/Convocatoria/29702#no-back-button)
[2026-10-05 22:15:52]      1  CTA = convocatoriasdetrabajo.com sustituido por URL oficial de la publicacion (https://postulacioncas.minedu.gob.pe/PostulacionCas/Home/Convocatoria/29710#no-back-button)
[2026-10-05 22:15:52]      1  CTA = convocatoriasdetrabajo.com sustituido por URL oficial de la publicacion (https://www.pension65.gob.pe/convocatoria/convocatoria-cas-n-074-2025-necesidad-transitoria-2-2-2-3-3-2-2-2/)
[2026-10-05 22:15:52]      1  CTA = convocatoriasdetrabajo.com sustituido por URL oficial de la publicacion (https://convocatoriasadm.jovenesproductivos.gob.pe/procesos/S372026.pdf)
[2026-10-05 22:15:52]      1  CTA = convocatoriasdetrabajo.com sustituido por URL oficial de la publicacion (https://www.senasa.gob.pe/senasa/descargasarchivos/2026/09/BASES-CAS-68-2.pdf)
[2026-10-05 22:15:52]      1  CTA = convocatoriasdetrabajo.com sustituido por URL oficial de la publicacion (https://www.invermet.gob.pe/wp-content/uploads/2026/09/BASES-CAS-58.pdf)
[2026-10-05 22:15:52]      1  CTA = convocatoriasdetrabajo.com sustituido por URL oficial de la publicacion (https://postulacioncas.minedu.gob.pe/PostulacionCas/Home/Convocatoria/29721#no-back-button)
[2026-10-05 22:15:52]      1  CTA = convocatoriasdetrabajo.com sustituido por URL oficial de la publicacion (https://central.perucompras.gob.pe/archivos/oportunidades-laborales/detalle_cas_009_2026_cod_05.pdf)
[2026-10-05 22:15:52]      1  CTA = convocatoriasdetrabajo.com sustituido por URL oficial de la publicacion (https://www.invermet.gob.pe/wp-content/uploads/2026/09/BASES-CAS-38.pdf)
[2026-10-05 22:15:52]      1  CTA = convocatoriasdetrabajo.com sustituido por URL oficial de la publicacion (https://www.senamhi.gob.pe/include/convocatorias_ver.php?ide_convo=17957)
[2026-10-05 22:15:52]      1  CTA = convocatoriasdetrabajo.com sustituido por URL oficial de la publicacion (https://www.sernanp.gob.pe/download/abd953ec-b8e5-11f1-ac71-005056bd93da)
[2026-10-05 22:15:52]      1  CTA = convocatoriasdetrabajo.com sustituido por URL oficial de la publicacion (https://www.drelm.gob.pe/documentos/contrataciones/convocatorias_cas/vigentes/2026/CAS-061-2026-DRELM.pdf)
[2026-10-05 22:15:52]      1  CTA = convocatoriasdetrabajo.com sustituido por URL oficial de la publicacion (https://www.gob.pe/institucion/pnp/informes-publicaciones/8650938-convocatoria-cas-n-033-2026-dirrehum-pnp-un-01-tecnologo-medico-en-laboratorio-clinico-y-anatomia-patologica-hospital-nacional-pnp-luis-n-saenz-de-la-direccion-de-sanidad-pnp)
[2026-10-05 22:15:52]      1  CTA = convocatoriasdetrabajo.com sustituido por URL oficial de la publicacion (https://www.invermet.gob.pe/wp-content/uploads/2026/09/BASES-CAS-50.pdf)
[2026-10-05 22:15:52]      1  CTA = convocatoriasdetrabajo.com sustituido por URL oficial de la publicacion (https://convocatoriasadm.jovenesproductivos.gob.pe/procesos/S412026.pdf)
[2026-10-05 22:15:52]      1  CTA = convocatoriasdetrabajo.com sustituido por URL oficial de la publicacion (https://postulacioncas.minedu.gob.pe/PostulacionCas/Home/Convocatoria/29717#no-back-button)
[2026-10-05 22:15:52]      1  CTA = convocatoriasdetrabajo.com sustituido por URL oficial de la publicacion (https://vasg.anin.gob.pe/PRODUCCION/SISPRAC/202692812811144.pdf)
[2026-10-05 22:15:52]      1  CTA = convocatoriasdetrabajo.com sustituido por URL oficial de la publicacion (https://www.invermet.gob.pe/wp-content/uploads/2026/09/BASES-CAS-44.pdf)
[2026-10-05 22:15:52]      1  CTA = convocatoriasdetrabajo.com sustituido por URL oficial de la publicacion (https://aplicativo.pj.gob.pe/repositoriopsep/15003_AnuncioConvocatoria.pdf)
[2026-10-05 22:15:52]      1  CTA = convocatoriasdetrabajo.com sustituido por URL oficial de la publicacion (https://consultasenlinea.mincetur.gob.pe/apiGeneralesDocCms/api/DocCms/ExportarArchivo?key=34E6C279DA6EDAA7F10053719CE0B5C0918D92CE33987EF056589B540DCBCFFAA7E093C689F99F05&op=2)
[2026-10-05 22:15:52]      1  CTA = convocatoriasdetrabajo.com sustituido por URL oficial de la publicacion (https://aplicaciones.agn.gob.pe/agn-aplicaciones/documentos/BASES_DE_CONVOCATORIA_2026-09-17_259.pdf)
[2026-10-05 22:15:52]      1  CTA = convocatoriasdetrabajo.com sustituido por URL oficial de la publicacion (https://sigof.sisfoh.gob.pe/convocatorias/upload/20260919_015850_e7e92767c503a056.pdf)
[2026-10-05 22:15:52]      1  CTA = convocatoriasdetrabajo.com sustituido por URL oficial de la publicacion (https://aplicativo.pj.gob.pe/repositoriopsep/15031_AnuncioConvocatoria.pdf)
[2026-10-05 22:15:52]      1  CTA = convocatoriasdetrabajo.com sustituido por URL oficial de la publicacion (https://convocatorias.jovenesproductivos.gob.pe/anexos/instructivoPostulacionCAS.pdf)
[2026-10-05 22:15:52]      1  CTA = convocatoriasdetrabajo.com sustituido por URL oficial de la publicacion (https://www.invermet.gob.pe/wp-content/uploads/2026/09/BASES-CAS-54.pdf)
[2026-10-05 22:15:52]      1  CTA = convocatoriasdetrabajo.com sustituido por URL oficial de la publicacion (https://aplicativo.pj.gob.pe/repositoriopsep/15017_AnuncioConvocatoria.pdf)
[2026-10-05 22:15:52]      1  CTA = convocatoriasdetrabajo.com sustituido por URL oficial de la publicacion (https://www.pension65.gob.pe/convocatoria/convocatoria-cas-n-074-2025-necesidad-transitoria-2-2-2-3-2-2-2-3-2-2-3/)
[2026-10-05 22:15:52]      1  CTA = convocatoriasdetrabajo.com sustituido por URL oficial de la publicacion (https://www.minam.gob.pe/convocatorias/cas-065-2026-minam-convocatoria-en-linea/)
[2026-10-05 22:15:52]      1  CTA = convocatoriasdetrabajo.com sustituido por URL oficial de la publicacion (https://postulacioncas.minedu.gob.pe/PostulacionCas/Home/Convocatoria/29705#no-back-button)
[2026-10-05 22:15:52]      1  CTA = convocatoriasdetrabajo.com sustituido por URL oficial de la publicacion (https://www.invermet.gob.pe/wp-content/uploads/2026/09/BASES-CAS-41.pdf)
[2026-10-05 22:15:52]      1  CTA = convocatoriasdetrabajo.com sustituido por URL oficial de la publicacion (https://convocatorias.sineace.gob.pe/postulacion/Postulacion/Descargar_Tdr?idReq=387)
[2026-10-05 22:15:52]      1  CTA = convocatoriasdetrabajo.com sustituido por URL oficial de la publicacion (https://talento.sunedu.gob.pe/descargar_ftp/concurso/6ab135f61e7c9.pdf)
[2026-10-05 22:15:52]      1  CTA = convocatoriasdetrabajo.com sustituido por URL oficial de la publicacion (https://convocatoriasadm.jovenesproductivos.gob.pe/procesos/S392026.pdf)
[2026-10-05 22:15:52]      1  CTA = convocatoriasdetrabajo.com sustituido por URL oficial de la publicacion (https://www.muniate.gob.pe/wp-content/uploads/2026/08/16-2026-CAS-ABOGADOA.pdf)
[2026-10-05 22:15:52]      1  CTA = convocatoriasdetrabajo.com sustituido por URL oficial de la publicacion (https://www.gob.pe/institucion/pnp/informes-publicaciones/8650930-convocatoria-cas-n-030-2026-dirrehum-pnp-cinco-05-licenciados-as-en-enfermeria-direccion-de-sanidad-policial)
[2026-10-05 22:15:52]      1  CTA = convocatoriasdetrabajo.com sustituido por URL oficial de la publicacion (https://convocatorias.onp.gob.pe/OportunidadLaboral/DescargarPostulacionDocumento?PostulacionDocumentoId=d4bb6b10-8ab9-458c-a582-43381569f3d3&ConvocatoriaId=00000000-0000-0000-0000-000000000000&TipoDocumentoId=00000000-0000-0000-0000-000000000000&NumeroPagina=0&RegistrosPagina=2147483647&EstadoRegistro=1)
[2026-10-05 22:15:52]      1  CTA = convocatoriasdetrabajo.com sustituido por URL oficial de la publicacion (https://www.sernanp.gob.pe/download/38c6a2fa-b8e5-11f1-ac71-005056bd93da)
[2026-10-05 22:15:52]      1  CTA = convocatoriasdetrabajo.com sustituido por URL oficial de la publicacion (https://aplicativo.pj.gob.pe/repositoriopsep/14972_AnuncioConvocatoria.pdf)
[2026-10-05 22:15:52]      1  CTA = convocatoriasdetrabajo.com sustituido por URL oficial de la publicacion (https://aplicativo.pj.gob.pe/repositoriopsep/14969_AnuncioConvocatoria.pdf)
[2026-10-05 22:15:52]      1  CTA = convocatoriasdetrabajo.com sustituido por URL oficial de la publicacion (https://www.invermet.gob.pe/wp-content/uploads/2026/09/BASES-CAS-48.pdf)
[2026-10-05 22:15:52]      1  CTA = convocatoriasdetrabajo.com sustituido por URL oficial de la publicacion (https://www.minam.gob.pe/convocatorias/cas-038-ii-2026-minam-convocatoria-en-linea/)
[2026-10-05 22:15:52]      1  CTA = convocatoriasdetrabajo.com sustituido por URL oficial de la publicacion (https://www.invermet.gob.pe/wp-content/uploads/2026/09/BASES-CAS-39.pdf)
[2026-10-05 22:15:52]      1  CTA = convocatoriasdetrabajo.com sustituido por URL oficial de la publicacion (https://aplicativo.pj.gob.pe/repositoriopsep/14963_AnuncioConvocatoria.pdf)
[2026-10-05 22:15:52]      1  CTA = convocatoriasdetrabajo.com sustituido por URL oficial de la publicacion (https://www2.ugelsanmiguel.gob.pe/media/portal/FXOSB/documento/102189/BASES_DE_LA_CONVOCATORIA_CAS_N022-T%C3%89CNICO_EN_PLANILLAS-POR_2C3BUic.pdf?r=1789577027)
[2026-10-05 22:15:52]      1  CTA = convocatoriasdetrabajo.com sustituido por URL oficial de la publicacion (https://aplicativo.pj.gob.pe/repositoriopsep/15013_AnuncioConvocatoria.pdf)
[2026-10-05 22:15:52]      1  CTA = convocatoriasdetrabajo.com sustituido por URL oficial de la publicacion (https://aplicativo.pj.gob.pe/repositoriopsep/14993_AnuncioConvocatoria.pdf)
[2026-10-05 22:15:52]      1  CTA = convocatoriasdetrabajo.com sustituido por URL oficial de la publicacion (https://aplicativo.pj.gob.pe/repositoriopsep/14944_AnuncioConvocatoria.pdf)
[2026-10-05 22:15:52]      1  CTA = convocatoriasdetrabajo.com sustituido por URL oficial de la publicacion (https://www.senasa.gob.pe/senasa/descargasarchivos/2026/09/bases-64-2.pdf)
[2026-10-05 22:15:52]      1  CTA = convocatoriasdetrabajo.com sustituido por URL oficial de la publicacion (https://portal.muniplibre.gob.pe/wp-content/uploads/2026/09/Bases-N-020-2026-MPL-1.pdf)
[2026-10-05 22:15:52]      1  CTA = convocatoriasdetrabajo.com sustituido por URL oficial de la publicacion (https://www.minam.gob.pe/convocatorias/cas-067-2026-minam-convocatoria-en-linea/)
[2026-10-05 22:15:52]      1  CTA = convocatoriasdetrabajo.com sustituido por URL oficial de la publicacion (https://www.sernanp.gob.pe/download/733ac575-b8e5-11f1-ac71-005056bd93da)
[2026-10-05 22:15:52]      1  CTA = convocatoriasdetrabajo.com sustituido por URL oficial de la publicacion (https://www.bomberosperu.gob.pe/docu_cas/CAS%20047-2026.pdf)
[2026-10-05 22:15:52]      1  CTA = convocatoriasdetrabajo.com sustituido por URL oficial de la publicacion (https://central.perucompras.gob.pe/archivos/oportunidades-laborales/detalle_cas_009_2026_cod_04.pdf)
[2026-10-05 22:15:52]      1  CTA = convocatoriasdetrabajo.com sustituido por URL oficial de la publicacion (https://www.invermet.gob.pe/wp-content/uploads/2026/09/BASES-CAS-55.pdf)
[2026-10-05 22:15:52]      1  CTA = convocatoriasdetrabajo.com sustituido por URL oficial de la publicacion (https://aplicativo.pj.gob.pe/repositoriopsep/15032_AnuncioConvocatoria.pdf)
[2026-10-05 22:15:52]      1  CTA = convocatoriasdetrabajo.com sustituido por URL oficial de la publicacion (https://convocatorias.sineace.gob.pe/postulacion/Postulacion/Descargar_Tdr?idReq=385)
[2026-10-05 22:15:52]      1  CTA = convocatoriasdetrabajo.com sustituido por URL oficial de la publicacion (https://www.gob.pe/institucion/muniquinota/informes-publicaciones/8649728-convocatoria-cas-n-006-2026-mdq)
[2026-10-05 22:15:52]      1  CTA = convocatoriasdetrabajo.com sustituido por URL oficial de la publicacion (https://www.gob.pe/institucion/psi/informes-publicaciones/8590357-conv-sci-183-2026-midagri-psi-birf)
[2026-10-05 22:15:52]      1  CTA = convocatoriasdetrabajo.com sustituido por URL oficial de la publicacion (https://www.sernanp.gob.pe/download/94ad68f7-b8e5-11f1-ac71-005056bd93da)
[2026-10-05 22:15:52]      1  CTA = convocatoriasdetrabajo.com sustituido por URL oficial de la publicacion (https://www.sernanp.gob.pe/download/035219dc-b8e5-11f1-ac71-005056bd93da)
[2026-10-05 22:15:52]      1  CTA = convocatoriasdetrabajo.com sustituido por URL oficial de la publicacion (https://www.senamhi.gob.pe/include/convocatorias_ver.php?ide_convo=17958)
[2026-10-05 22:15:52]      1  CTA = convocatoriasdetrabajo.com sustituido por URL oficial de la publicacion (https://aplicativo.pj.gob.pe/repositoriopsep/15027_AnuncioConvocatoria.pdf)
[2026-10-05 22:15:52]      1  CTA = convocatoriasdetrabajo.com sustituido por URL oficial de la publicacion (https://www.osiptel.gob.pe/convocatorias-laborales/cap-n-007-2026-osiptel-un-a-especialista-en-politicas-regulatorias-suplencia/)
[2026-10-05 22:15:52]      1  CTA = convocatoriasdetrabajo.com sustituido por URL oficial de la publicacion (https://cdn.www.gob.pe/uploads/document/file/10308430/8375158-055-2026-ci-bid-5301-tdr-especialista-funcional-abastecimiento.pdf?v=1784046414)
[2026-10-05 22:15:52]      1  CTA = convocatoriasdetrabajo.com sustituido por URL oficial de la publicacion (https://concursos.sedetc.gob.pe/CONCURSOS/2026/09/Convocatoria_359/Perfil%20CAP%20010-2026.pdf)
[2026-10-05 22:15:52]      1  CTA = convocatoriasdetrabajo.com sustituido por URL oficial de la publicacion (https://aplicativo.pj.gob.pe/repositoriopsep/15046_AnuncioConvocatoria.pdf)
[2026-10-05 22:15:52]      1  CTA = convocatoriasdetrabajo.com sustituido por URL oficial de la publicacion (https://app.sencico.gob.pe/prd/waConvocatorias/Base/VerArchivo/Y7sKI%C2%ACpPiOJ%C2%B0Ub4MFUQK8j4Rc00bSnwsxBwXBE8hhd4=)
[2026-10-05 22:15:52]      1  CTA = convocatoriasdetrabajo.com sustituido por URL oficial de la publicacion (https://app.sencico.gob.pe/prd/waConvocatorias/Base/VerArchivo/Y7sKI%C2%ACpPiOJ%C2%B0Ub4MFUQK8isp7elnlvYwxBwXBE8hhd4=)
[2026-10-05 22:15:52]      1  CTA = convocatoriasdetrabajo.com sustituido por URL oficial de la publicacion (https://app.sencico.gob.pe/prd/waConvocatorias/Base/VerArchivo/Y7sKI%C2%ACpPiOJ%C2%B0Ub4MFUQK8hBuDTeYluD4xBwXBE8hhd4=)
[2026-10-05 22:15:52]      1  CTA = convocatoriasdetrabajo.com sustituido por URL oficial de la publicacion (https://www.gob.pe/institucion/indecopi/informes-publicaciones/8624152-convocatoria-728-n-071-2026-ejecutivo-a-dlc-suplencia)
[2026-10-05 22:15:52]      1  CTA = convocatoriasdetrabajo.com sustituido por URL oficial de la publicacion (https://aplicativo.pj.gob.pe/repositoriopsep/14987_AnuncioConvocatoria.pdf)
[2026-10-05 22:15:52]      1  CTA = convocatoriasdetrabajo.com sustituido por URL oficial de la publicacion (https://www.gob.pe/institucion/hospital-hipolito-unanue-region-tacna/noticias)
[2026-10-05 22:15:52]      1  CTA = convocatoriasdetrabajo.com sustituido por URL oficial de la publicacion (https://www.gob.pe/institucion/anin/noticias)
[2026-10-05 22:15:52]      1  CTA = convocatoriasdetrabajo.com sustituido por URL oficial de la publicacion (https://www.gob.pe/institucion/regionlalibertad/noticias)
[2026-10-05 22:15:52]      1  CTA = convocatoriasdetrabajo.com sustituido por URL oficial de la publicacion (https://www.gob.pe/institucion/hsr/noticias)
[2026-10-05 22:15:52]      1  CTA = convocatoriasdetrabajo.com sustituido por URL oficial de la publicacion (https://www.gob.pe/institucion/hospitalsicuaniacr/noticias)
[2026-10-05 22:15:52]      1  CTA = convocatoriasdetrabajo.com sustituido por URL oficial de la publicacion (https://www.gob.pe/institucion/regioncallao-dre/noticias)
[2026-10-05 22:15:52]      1  CTA = convocatoriasdetrabajo.com sustituido por URL oficial de la publicacion (https://www.gob.pe/institucion/hdhvca/noticias)
[2026-10-05 22:15:52]      1  CTA = convocatoriasdetrabajo.com sustituido por URL oficial de la publicacion (https://www.gob.pe/institucion/regionlambayeque/noticias)
[2026-10-05 22:15:52]      1  CTA = convocatoriasdetrabajo.com sustituido por URL oficial de la publicacion (https://www.gob.pe/institucion/mininter/noticias)
[2026-10-05 22:15:52]      1  CTA = convocatoriasdetrabajo.com sustituido por URL oficial de la publicacion (https://www.gob.pe/institucion/gerencia-regional-de-salud-la-libertad-grs-ll/noticias)
[2026-10-05 22:15:52]      1  CTA = convocatoriasdetrabajo.com sustituido por URL oficial de la publicacion (https://app.sencico.gob.pe/prd/waConvocatorias/Base/VerArchivo/Y7sKI%C2%ACpPiOJ%C2%B0Ub4MFUQK8ik3zMV03sUfxBwXBE8hhd4=)
[2026-10-05 22:15:52]      1  CTA = convocatoriasdetrabajo.com sustituido por URL oficial de la publicacion (https://cdn.www.gob.pe/uploads/document/file/10320658/8384250-5-tdr-esp-social.pdf?v=1784151829)
[2026-10-05 22:15:52]      1  CTA = convocatoriasdetrabajo.com sustituido por URL oficial de la publicacion (https://www.gob.pe/institucion/peplancopesco/informes-publicaciones/8650985-proceso-de-seleccion-n-34-2026-obra-plan-copesco-grc)
[2026-10-05 22:15:52]      1  CTA = convocatoriasdetrabajo.com sustituido por URL oficial de la publicacion (https://app.sencico.gob.pe/prd/waConvocatorias/Base/VerArchivo/Y7sKI%C2%ACpPiOJ%C2%B0Ub4MFUQK8ms%C2%ACXpMuPaRRxBwXBE8hhd4=)
[2026-10-05 22:15:52]      1  CTA = convocatoriasdetrabajo.com sustituido por URL oficial de la publicacion (https://aplicativo.pj.gob.pe/repositoriopsep/14986_AnuncioConvocatoria.pdf)
[2026-10-05 22:15:52]      1  duplicado (titulo normalizado repetido) de 6002560146753089097
[2026-10-05 22:15:52]      1  CTA = convocatoriasdetrabajo.com sustituido por URL oficial de la publicacion (https://www.gob.pe/institucion/sunarp/informes-publicaciones/8597019-concurso-publico-de-meritos-n-004-2026-zona-registral-n-ii-sede-chiclayo)
[2026-10-05 22:15:52]      1  CTA = convocatoriasdetrabajo.com sustituido por URL oficial de la publicacion (https://concursos.sedetc.gob.pe/CONCURSOS/2026/09/Convocatoria_353/Perfil%20CAP%20003-2026.pdf)
[2026-10-05 22:15:52]      1  duplicado (titulo normalizado repetido) de 7069122382965927533
[2026-10-05 22:15:52]      1  CTA = convocatoriasdetrabajo.com sustituido por URL oficial de la publicacion (https://www.gob.pe/institucion/peplancopesco/informes-publicaciones/8621819-proceso-de-seleccion-n-09-2026-cap-plan-copesco-grc)
[2026-10-05 22:15:52]      1  CTA = convocatoriasdetrabajo.com sustituido por URL oficial de la publicacion (https://app.sencico.gob.pe/prd/waConvocatorias/Base/VerArchivo/Y7sKI%C2%ACpPiOJ%C2%B0Ub4MFUQK8mxNQo26QlDrxBwXBE8hhd4=)
[2026-10-05 22:15:52]      1  CTA = convocatoriasdetrabajo.com sustituido por URL oficial de la publicacion (https://concursos.sedetc.gob.pe/CONCURSOS/2026/09/Convocatoria_357/Perfil%20CAP%20006-2026.pdf)
[2026-10-05 22:15:52]      1  CTA = convocatoriasdetrabajo.com sustituido por URL oficial de la publicacion (https://cdn.www.gob.pe/uploads/document/file/10320661/8384250-6-tdr-esp-ambiental.pdf?v=1784151829)
[2026-10-05 22:15:52]      1  CTA = convocatoriasdetrabajo.com sustituido por URL oficial de la publicacion (https://www.gob.pe/institucion/munimaras/informes-publicaciones/8643054-invitacion-oportunidad-laboral-n-007-para-el-proyecto-mejoramiento-de-capacidades-tecnico-productivas-de-animales-menores-maras)
[2026-10-05 22:15:52]      1  CTA = convocatoriasdetrabajo.com sustituido por URL oficial de la publicacion (https://portal.mpfn.gob.pe/convoca/anexos/convocatoria/2069)
[2026-10-05 22:15:52]      1  CTA = convocatoriasdetrabajo.com sustituido por URL oficial de la publicacion (https://www.gob.pe/institucion/indecopi/informes-publicaciones/8624187-convocatoria-728-n-070-2026-especialista-2-din-suplencia)
[2026-10-05 22:15:52]      1  CTA = convocatoriasdetrabajo.com sustituido por URL oficial de la publicacion (https://www.drelm.gob.pe/drelm/wp-content/uploads/2026/09/images/descarga/concurso/concurso2026/contratacion-personal-administrativo-276-auxiliar-biblioteca-iestp-jose-pardo/03.%20CRONOGRAMA%20CONTRATO.pdf)
[2026-10-05 22:15:52]      1  CTA = convocatoriasdetrabajo.com sustituido por URL oficial de la publicacion (https://concursos.sedetc.gob.pe/CONCURSOS/2026/09/Convocatoria_358/Perfil%20CAP%20007-2026.pdf)
[2026-10-05 22:15:52]      1  duplicado (titulo normalizado repetido) de 7426267796546006298
[2026-10-05 22:15:52]      1  CTA = convocatoriasdetrabajo.com sustituido por URL oficial de la publicacion (https://www.gob.pe/institucion/indecopi/informes-publicaciones/8623925-convocatoria-728-n-073-2026-ejecutivo-a-1-dlc-suplencia)
[2026-10-05 22:15:52]      1  CTA = convocatoriasdetrabajo.com sustituido por URL oficial de la publicacion (https://www.smv.gob.pe/ConsultasP8/documento.aspx?vidDoc={B08A56A0-0000-C715-8E2D-0630723BA4B1})
[2026-10-05 22:15:52]      1  CTA = convocatoriasdetrabajo.com sustituido por URL oficial de la publicacion (https://www.gob.pe/institucion/inbp/noticias)
[2026-10-05 22:15:52]      1  CTA = convocatoriasdetrabajo.com sustituido por URL oficial de la publicacion (https://www.gob.pe/institucion/regioncallao-diresa/noticias)
[2026-10-05 22:15:52]      1  CTA = convocatoriasdetrabajo.com sustituido por URL oficial de la publicacion (https://www.gob.pe/institucion/hospital-rezola-canete-hrc/noticias)
[2026-10-05 22:15:52]      1  CTA = convocatoriasdetrabajo.com sustituido por URL oficial de la publicacion (https://www.gob.pe/institucion/devida/informes-publicaciones/8462817-concurso-publico-de-meritos-abierto-suplencia-cpma-n-003-2026-devida-analista-de-proyectos-de-inversion-en-infraestructura-de-oficina-zonal-san-juan-del-oro)
[2026-10-05 22:15:52]      1  CTA = convocatoriasdetrabajo.com sustituido por URL oficial de la publicacion (https://www.gob.pe/institucion/apn/noticias)
[2026-10-05 22:15:52]      1  CTA = convocatoriasdetrabajo.com sustituido por URL oficial de la publicacion (https://www.gob.pe/institucion/ipen/noticias)
[2026-10-05 22:15:52]      1  CTA = convocatoriasdetrabajo.com sustituido por URL oficial de la publicacion (https://www.gob.pe/institucion/inr/noticias)
[2026-10-05 22:15:52]      1  CTA = convocatoriasdetrabajo.com sustituido por URL oficial de la publicacion (https://www.gob.pe/institucion/regionancash-dre/noticias)
[2026-10-05 22:15:52]      1  CTA = convocatoriasdetrabajo.com sustituido por URL oficial de la publicacion (https://www.gob.pe/institucion/minjus/noticias)
[2026-10-05 22:15:52]      1  CTA = convocatoriasdetrabajo.com sustituido por URL oficial de la publicacion (https://www.gob.pe/institucion/hsjdpisco/noticias)
[2026-10-05 22:15:52]      1  enlace placeholder reemplazado por la URL oficial de la propia publicacion (https://www.gob.pe/institucion/mtpe/informes-publicaciones/8602394-concurso-publico-de-practicas-n-030-2026-tr)
[2026-10-05 22:15:52]      1  CTA = convocatoriasdetrabajo.com sustituido por URL oficial de la publicacion (https://www.gob.pe/institucion/mtpe/informes-publicaciones/8602378-concurso-publico-de-practicas-n-031-2026-tr)
[2026-10-05 22:15:52]      1  salario: salario 'S/ 1,130.00 soles' -> 'S/ 1,130.00' ; campo Salario: 'S/ 1,130.00 soles' -> 'S/ 1,130.00'
[2026-10-05 22:15:52]      1  CTA = convocatoriasdetrabajo.com sustituido por URL oficial de la publicacion (https://www.gob.pe/institucion/electropuno/informes-publicaciones/8640352-convocatoria-de-practicas-profesionales-en-la-secretaria-de-la-gerencia-general-puno)
[2026-10-05 22:15:52]      1  CTA = convocatoriasdetrabajo.com sustituido por URL oficial de la publicacion (https://cdn.www.gob.pe/uploads/document/file/10598280/3295981-convocatoria-practicantes-022-2026-egemsa-electrica.pdf?v=1788984437)
[2026-10-05 22:15:52]      1  CTA = convocatoriasdetrabajo.com sustituido por URL oficial de la publicacion (https://www.acomerpescado.gob.pe/convocatoria-cas/wp-content/uploads/2026/09/BASES-PROCESO-CAS-N%C2%B0-004-2026-EJECUTIVO-DE-SERVICIOS-GENERALES.pdf)
[2026-10-05 22:15:52]      1  enlace placeholder reemplazado por la URL oficial de la propia publicacion (https://pad2.minem.gob.pe/ConvocaMinem_Portal/Laserfiche/Descargar?token=Q2ZESjhHRmxpUGtjaUhGS2h4eVNOTWNncnh3MG8wVkV2Rm5JSUJycm1MaTNIcjZGRFNpWmZFRFgwZTRVejExNjN5MXlqbmdsMmE4ZXczUkEzSV9DQTlWTDZjRDVhRG9fNHBlWEJ2eFlQcldPZkhFeWtJdk9hWVluYldhdmxkVlYweWM3NXZ1NU51RDRKVDRRWlZNZFRJcENPZ2M)
[2026-10-05 22:15:52]      1  enlace placeholder reemplazado por la URL oficial de la propia publicacion (https://www.acomerpescado.gob.pe/convocatoria-cas/wp-content/uploads/2026/09/BASES-PROCESO-CAS-N%C2%B0-005-2026-CHOFER-CAMION.pdf)
[2026-10-05 22:15:52]      1  CTA = convocatoriasdetrabajo.com sustituido por URL oficial de la publicacion (https://www.gob.pe/institucion/mtpe/informes-publicaciones/8602358-concurso-publico-de-practicas-n-032-2026-tr)
[2026-10-05 22:15:52]      1  CTA = convocatoriasdetrabajo.com sustituido por URL oficial de la publicacion (https://www.acomerpescado.gob.pe/convocatoria-cas/wp-content/uploads/2026/09/BASES-PROCESO-CAS-N%C2%B0-008-2026-ANALISTA-EN-ARCHIVO.pdf)
[2026-10-05 22:15:52]      1  CTA = convocatoriasdetrabajo.com sustituido por URL oficial de la publicacion (https://www.gob.pe/institucion/corpac/noticias)
[2026-10-05 22:15:52]      1  CTA = convocatoriasdetrabajo.com sustituido por URL oficial de la publicacion (https://www.gob.pe/institucion/gerencia-regional-de-educacion-arequipa-grearequipa/noticias)
[2026-10-05 22:15:52]      1  CTA = convocatoriasdetrabajo.com sustituido por URL oficial de la publicacion (https://www.gob.pe/institucion/unica/noticias)
[2026-10-05 22:15:52]      1  CTA = convocatoriasdetrabajo.com sustituido por URL oficial de la publicacion (https://www.gob.pe/institucion/midis/noticias)
[2026-10-05 22:15:52]      1  CTA = convocatoriasdetrabajo.com sustituido por URL oficial de la publicacion (https://www.gob.pe/institucion/minedu/noticias)
[2026-10-05 22:15:52]      1  CTA = convocatoriasdetrabajo.com sustituido por URL oficial de la publicacion (https://www.gob.pe/institucion/hdhuacho/noticias)
[2026-10-05 22:15:52]      1  CTA = convocatoriasdetrabajo.com sustituido por URL oficial de la publicacion (https://www.gob.pe/institucion/enosa/noticias)
[2026-10-05 22:15:52]      1  CTA = convocatoriasdetrabajo.com sustituido por URL oficial de la publicacion (https://www.gob.pe/institucion/unibagua/noticias)
[2026-10-05 22:15:52]      1  CTA = convocatoriasdetrabajo.com sustituido por URL oficial de la publicacion (https://www.gob.pe/institucion/heves/noticias)
[2026-10-05 22:15:52]      1  CTA = convocatoriasdetrabajo.com sustituido por URL oficial de la publicacion (https://www.gob.pe/institucion/regionayacucho/noticias)
[2026-10-05 22:15:52]      1  CTA = convocatoriasdetrabajo.com sustituido por URL oficial de la publicacion (https://www.gob.pe/institucion/hvrg/noticias)
[2026-10-05 22:15:52]      1  CTA = convocatoriasdetrabajo.com sustituido por URL oficial de la publicacion (https://www.gob.pe/institucion/agrobanco/noticias)
[2026-10-05 22:15:52]      1  CTA = convocatoriasdetrabajo.com sustituido por URL oficial de la publicacion (https://www.gob.pe/institucion/inabif/noticias)
[2026-10-05 22:15:52]      1  CTA = convocatoriasdetrabajo.com sustituido por URL oficial de la publicacion (https://www.gob.pe/institucion/hsjl/noticias)
[2026-10-05 22:15:52]      1  CTA = convocatoriasdetrabajo.com sustituido por URL oficial de la publicacion (https://www.gob.pe/institucion/minam/noticias)
[2026-10-05 22:15:52]      1  CTA = convocatoriasdetrabajo.com sustituido por URL oficial de la publicacion (https://www.gob.pe/institucion/hnhu/noticias)
[2026-10-05 22:15:52]      1  CTA = convocatoriasdetrabajo.com sustituido por URL oficial de la publicacion (https://www.gob.pe/institucion/regioncusco/noticias)
[2026-10-05 22:15:52]      1  CTA = convocatoriasdetrabajo.com sustituido por URL oficial de la publicacion (https://www.gob.pe/institucion/inia/noticias)
[2026-10-05 22:15:52]      1  CTA = convocatoriasdetrabajo.com sustituido por URL oficial de la publicacion (https://www.gob.pe/institucion/mtpe/noticias)
[2026-10-05 22:15:52]      1  CTA = convocatoriasdetrabajo.com sustituido por URL oficial de la publicacion (https://www.gob.pe/institucion/regiontacna-diresa/noticias)
[2026-10-05 22:15:52]      1  CTA = convocatoriasdetrabajo.com sustituido por URL oficial de la publicacion (https://www.gob.pe/institucion/bnp/noticias)
[2026-10-05 22:15:52]      1  CTA = convocatoriasdetrabajo.com sustituido por URL oficial de la publicacion (https://cdn.www.gob.pe/uploads/document/file/10695434/6950143-aviso-convocatoria-externa-3490-2-operario-especializado-de-operacion-de-maquinaria-pesada-y-operaciones-erprim-ggar-las-inscripciones-son-del-28-al-30-de-setiembre-del-2026.pdf?v=1790372843)
[2026-10-05 22:15:52]      1  CTA = convocatoriasdetrabajo.com sustituido por URL oficial de la publicacion (https://aplicativo.pj.gob.pe/repositoriopsep/14962_AnuncioConvocatoria.pdf)
[2026-10-05 22:15:52]      1  CTA = convocatoriasdetrabajo.com sustituido por URL oficial de la publicacion (https://postulacioncas.minedu.gob.pe/PostulacionCas/Home/Convocatoria/29703#no-back-button)
[2026-10-05 22:15:52]      1  CTA = convocatoriasdetrabajo.com sustituido por URL oficial de la publicacion (https://aplicativo.pj.gob.pe/repositoriopsep/15041_AnuncioConvocatoria.pdf)
[2026-10-05 22:15:52]      1  CTA = convocatoriasdetrabajo.com sustituido por URL oficial de la publicacion (https://aplicativo.pj.gob.pe/repositoriopsep/15024_AnuncioConvocatoria.pdf)
[2026-10-05 22:15:52]      1  CTA = convocatoriasdetrabajo.com sustituido por URL oficial de la publicacion (https://convocatorias.sineace.gob.pe/postulacion/Postulacion/Descargar_Tdr?idReq=386)
[2026-10-05 22:15:52]      1  CTA = convocatoriasdetrabajo.com sustituido por URL oficial de la publicacion (https://sigof.sisfoh.gob.pe/convocatorias/upload/20260919_015922_d60d18e4a1c3d756.pdf)
[2026-10-05 22:15:52]      1  CTA = convocatoriasdetrabajo.com sustituido por URL oficial de la publicacion (https://convocatoriasadm.jovenesproductivos.gob.pe/procesos/S422026.pdf)
[2026-10-05 22:15:52]      1  CTA = convocatoriasdetrabajo.com sustituido por URL oficial de la publicacion (https://www.invermet.gob.pe/wp-content/uploads/2026/09/BASES-CAS-40.pdf)
[2026-10-05 22:15:52]      1  CTA = convocatoriasdetrabajo.com sustituido por URL oficial de la publicacion (https://convocatorias.ugel06.gob.pe/cas/cronograma-y-bases-del-proceso-1789649733.pdf)
[2026-10-05 22:15:52]      1  CTA = convocatoriasdetrabajo.com sustituido por URL oficial de la publicacion (https://www.invermet.gob.pe/wp-content/uploads/2026/09/BASES-CAS-43-1.pdf)
[2026-10-05 22:15:52]      1  CTA = convocatoriasdetrabajo.com sustituido por URL oficial de la publicacion (https://www.gob.pe/institucion/sunarp/informes-publicaciones/8647965-concurso-publico-de-practicantes-n-47-2026)
[2026-10-05 22:15:52]      1  enlace placeholder reemplazado por la URL oficial de la propia publicacion (https://www.gob.pe/institucion/muniurubamba/informes-publicaciones/8630480-proceso-de-convocatoria-cas-n-079-2026-mpu-especialista-administrativo)
[2026-10-05 22:15:52]      1  enlace placeholder reemplazado por la URL oficial de la propia publicacion (https://www.gob.pe/institucion/ugelambo/noticias)
[2026-10-05 22:15:52]      1  enlace placeholder reemplazado por la URL oficial de la propia publicacion (https://ugel302.gob.pe/media/convocatorias/PERFIL_DEL_PUESTO_Vct4ylU.pdf)
[2026-10-05 22:15:52]      1  enlace placeholder reemplazado por la URL oficial de la propia publicacion (https://ugel302.gob.pe/media/convocatorias/BASES_DE_LA_CONVOCATORIA.pdf)
[2026-10-05 22:15:52]      1  CTA = convocatoriasdetrabajo.com sustituido por URL oficial de la publicacion (https://www.pension65.gob.pe/convocatoria/convocatoria-cas-n-074-2025-necesidad-transitoria-2-2-2-3-3-2-2/)
[2026-10-05 22:15:52]      1  CTA = convocatoriasdetrabajo.com sustituido por URL oficial de la publicacion (https://consultasenlinea.mincetur.gob.pe/apiGeneralesDocCms/api/DocCms/ExportarArchivo?key=34E6C279DA6EDAA7A2F1CDEEC7F458FE9BEBE61DEE7A2AC6192F2A78BFD5822840B7D56B6E787031&op=2)
[2026-10-05 22:15:52]      1  CTA = convocatoriasdetrabajo.com sustituido por URL oficial de la publicacion (https://talento.sunedu.gob.pe/descargar_ftp/concurso/6ab13593e7902.pdf)
[2026-10-05 22:15:52]      1  CTA = convocatoriasdetrabajo.com sustituido por URL oficial de la publicacion (https://transparencia.atu.gob.pe/PTE/filesCAS/PERFIL_CAS067.pdf)
[2026-10-05 22:15:52]      1  CTA = convocatoriasdetrabajo.com sustituido por URL oficial de la publicacion (https://www.gob.pe/institucion/mimp/informes-publicaciones/8622511-convocatoria-cas-n-152-2026)
[2026-10-05 22:15:52]      1  CTA = convocatoriasdetrabajo.com sustituido por URL oficial de la publicacion (https://aplicativo.pj.gob.pe/repositoriopsep/15059_AnuncioConvocatoria.pdf)
[2026-10-05 22:15:52]      1  CTA = convocatoriasdetrabajo.com sustituido por URL oficial de la publicacion (https://cas.promperu.gob.pe/files/C_PP3745420260661.pdf)
[2026-10-05 22:15:52]      1  CTA = convocatoriasdetrabajo.com sustituido por URL oficial de la publicacion (https://aplicativo.pj.gob.pe/repositoriopsep/14977_AnuncioConvocatoria.pdf)
[2026-10-05 22:15:52]      1  CTA = convocatoriasdetrabajo.com sustituido por URL oficial de la publicacion (https://www.sernanp.gob.pe/download/5c49c5e3-b8e5-11f1-ac71-005056bd93da)
[2026-10-05 22:15:52]      1  CTA = convocatoriasdetrabajo.com sustituido por URL oficial de la publicacion (https://convocatorias.sineace.gob.pe/postulacion/Postulacion/Descargar_Tdr?idReq=388)
[2026-10-05 22:15:52]      1  CTA = convocatoriasdetrabajo.com sustituido por URL oficial de la publicacion (https://www.bomberosperu.gob.pe/docu_cas/CAS%20048-2026.pdf)
[2026-10-05 22:15:52]      1  CTA = convocatoriasdetrabajo.com sustituido por URL oficial de la publicacion (https://www.minam.gob.pe/convocatorias/cas-064-2026-minam-convocatoria-en-linea/)
[2026-10-05 22:15:52]      1  CTA = convocatoriasdetrabajo.com sustituido por URL oficial de la publicacion (https://www.gob.pe/institucion/cenepred/informes-publicaciones/8659077-n-proceso-033-2026-asistente-administrativo-por-suplencia)
[2026-10-05 22:15:52]      1  CTA = convocatoriasdetrabajo.com sustituido por URL oficial de la publicacion (https://aplicativo.pj.gob.pe/repositoriopsep/15015_AnuncioConvocatoria.pdf)
[2026-10-05 22:15:52]      1  CTA = convocatoriasdetrabajo.com sustituido por URL oficial de la publicacion (https://www.senamhi.gob.pe/pdf/anexo-conv/Anexo%20Convocatorias%20CAS%20-%20VF.docx)
[2026-10-05 22:15:52]      1  CTA = convocatoriasdetrabajo.com sustituido por URL oficial de la publicacion (https://convocatorias.sineace.gob.pe/postulacion/Postulacion/Descargar_Tdr?idReq=389)
[2026-10-05 22:15:52]      1  CTA = convocatoriasdetrabajo.com sustituido por URL oficial de la publicacion (https://www.invermet.gob.pe/wp-content/uploads/2026/09/BASES-CAS-51.pdf)
[2026-10-05 22:15:52]      1  CTA = convocatoriasdetrabajo.com sustituido por URL oficial de la publicacion (https://www.invermet.gob.pe/wp-content/uploads/2026/09/BASES-CAS-42.pdf)
[2026-10-05 22:15:52]      1  CTA = convocatoriasdetrabajo.com sustituido por URL oficial de la publicacion (https://www.sernanp.gob.pe/download/a0557f49-b8e5-11f1-ac71-005056bd93da)
[2026-10-05 22:15:52]      1  CTA = convocatoriasdetrabajo.com sustituido por URL oficial de la publicacion (https://www.senamhi.gob.pe/include/convocatorias_ver.php?ide_convo=17955)
[2026-10-05 22:15:52]      1  CTA = convocatoriasdetrabajo.com sustituido por URL oficial de la publicacion (https://convocatorias.sineace.gob.pe/postulacion/Postulacion/Descargar_Tdr?idReq=382)
[2026-10-05 22:15:52]      1  CTA = convocatoriasdetrabajo.com sustituido por URL oficial de la publicacion (https://postulacioncas.minedu.gob.pe/PostulacionCas/Home/Convocatoria/29719#no-back-button)
[2026-10-05 22:15:52]      1  CTA = convocatoriasdetrabajo.com sustituido por URL oficial de la publicacion (https://postulacioncas.minedu.gob.pe/PostulacionCas/Home/Convocatoria/29698#no-back-button)
[2026-10-05 22:15:52]      1  CTA = convocatoriasdetrabajo.com sustituido por URL oficial de la publicacion (https://postulacioncas.minedu.gob.pe/PostulacionCas/Home/Convocatoria/29711#no-back-button)
[2026-10-05 22:15:52]      1  CTA = convocatoriasdetrabajo.com sustituido por URL oficial de la publicacion (https://postulacioncas.minedu.gob.pe/PostulacionCas/Home/Convocatoria/29707#no-back-button)
[2026-10-05 22:15:52]      1  CTA = convocatoriasdetrabajo.com sustituido por URL oficial de la publicacion (https://www.gob.pe/institucion/pnp/informes-publicaciones/8650937-convocatoria-cas-n-032-2026-dirrehum-pnp-dos-02-tecnologos-medicos-en-radiologia-direccion-de-sanidad-policial)
[2026-10-05 22:15:52]      1  CTA = convocatoriasdetrabajo.com sustituido por URL oficial de la publicacion (https://app.sencico.gob.pe/prd/waConvocatorias/Base/VerArchivo/Y7sKI%C2%ACpPiOJ%C2%B0Ub4MFUQK8iyWO2SHBQsRxBwXBE8hhd4=)
[2026-10-05 22:15:52]      1  CTA = convocatoriasdetrabajo.com sustituido por URL oficial de la publicacion (https://www.gob.pe/institucion/sineace/noticias)
[2026-10-05 22:15:52]      1  CTA = convocatoriasdetrabajo.com sustituido por URL oficial de la publicacion (https://concursos.sedetc.gob.pe/CONCURSOS/2026/09/Convocatoria_352/PERFIL%20CAP%20002-2026.pdf)
[2026-10-05 22:15:52]      1  CTA = convocatoriasdetrabajo.com sustituido por URL oficial de la publicacion (https://www.promperu.gob.pe)
[2026-10-05 22:15:52]      1  CTA = convocatoriasdetrabajo.com sustituido por URL oficial de la publicacion (https://www.gob.pe/institucion/vivienda/noticias)
[2026-10-05 22:15:52]      1  enlace placeholder reemplazado por la URL oficial de la propia publicacion (https://cdn.www.gob.pe/uploads/document/file/10698017/139931-69-cuarta-convocatoria-bases-proceso-cas-n-001-2026-coordinador-a-de-innovacion-y-soporte-tecnologico.PDF)
[2026-10-05 22:15:52]      1  CTA = convocatoriasdetrabajo.com sustituido por URL oficial de la publicacion (https://app.sencico.gob.pe/prd/waConvocatorias/Base/VerArchivo/Y7sKI%C2%ACpPiOJ%C2%B0Ub4MFUQK8h%C2%ACdWAaw4n2exBwXBE8hhd4=)
[2026-10-05 22:15:52]      1  CTA = convocatoriasdetrabajo.com sustituido por URL oficial de la publicacion (https://www.gob.pe/institucion/ugelutcubamba/noticias)
[2026-10-05 22:15:52]      1  CTA = convocatoriasdetrabajo.com sustituido por URL oficial de la publicacion (https://www.gob.pe/institucion/ugelcondesuyos/noticias)
[2026-10-05 22:15:52]      1  CTA = convocatoriasdetrabajo.com sustituido por URL oficial de la publicacion (https://www.gob.pe/institucion/osinfor/noticias)
[2026-10-05 22:15:52]      1  CTA = convocatoriasdetrabajo.com sustituido por URL oficial de la publicacion (https://www.osiptel.gob.pe/convocatorias-laborales/cap-n-008-2026-osiptel-un-a-abogado-a-especialista-en-temas-regulatorios-suplencia/)
[2026-10-05 22:15:52]      1  CTA = convocatoriasdetrabajo.com sustituido por URL oficial de la publicacion (https://www.gob.pe/institucion/peplancopesco/informes-publicaciones/8624032-proceso-de-seleccion-n-32-2026-obra-plan-copesco-grc)
[2026-10-05 22:15:52]      1  CTA = convocatoriasdetrabajo.com sustituido por URL oficial de la publicacion (https://www.gob.pe/institucion/indecopi/informes-publicaciones/8624033-convocatoria-728-n-074-2026-especialista-2-oee-suplencia)
[2026-10-05 22:15:52]      1  CTA = convocatoriasdetrabajo.com sustituido por URL oficial de la publicacion (https://cdn.www.gob.pe/uploads/document/file/10320664/8384250-7-tdr-asesor-mincetur.pdf?v=1784152218)
[2026-10-05 22:15:52]      1  CTA = convocatoriasdetrabajo.com sustituido por URL oficial de la publicacion (https://concursos.sedetc.gob.pe/CONCURSOS/2026/09/Convocatoria_356/Perfil%20CAP%20005-2026.pdf)
[2026-10-05 22:15:52]      1  CTA = convocatoriasdetrabajo.com sustituido por URL oficial de la publicacion (https://concursos.sedetc.gob.pe/CONCURSOS/2026/09/Convocatoria_360/Perfil%20CAP%20009-2026.pdf)
[2026-10-05 22:15:52]      1  CTA = convocatoriasdetrabajo.com sustituido por URL oficial de la publicacion (https://www.gob.pe/institucion/unf/noticias)
[2026-10-05 22:15:52]      1  CTA = convocatoriasdetrabajo.com sustituido por URL oficial de la publicacion (https://www.gob.pe/institucion/munipueblolibre-lima/noticias)
[2026-10-05 22:15:52]      1  CTA = convocatoriasdetrabajo.com sustituido por URL oficial de la publicacion (https://www.gob.pe/institucion/indecopi/informes-publicaciones/8633739-convocatoria-practicas-n-064-2026-practicante-profesional-oee)
[2026-10-05 22:15:52]      1  CTA = convocatoriasdetrabajo.com sustituido por URL oficial de la publicacion (https://concursos.sedetc.gob.pe/CONCURSOS/2026/09/Convocatoria_354/Perfil%20CAP%20004-2026.pdf)
[2026-10-05 22:15:52]      1  CTA = convocatoriasdetrabajo.com sustituido por URL oficial de la publicacion (https://portal.mpfn.gob.pe/convoca/anexos/convocatoria/2067)
[2026-10-05 22:15:52]      1  CTA = convocatoriasdetrabajo.com sustituido por URL oficial de la publicacion (https://www.gob.pe/institucion/psi/informes-publicaciones/8530298-conv-sci-203-2026-midagri-psi-birf-2da)
[2026-10-05 22:15:52]      1  CTA = convocatoriasdetrabajo.com sustituido por URL oficial de la publicacion (https://app.sencico.gob.pe/prd/waConvocatorias/Base/VerArchivo/Y7sKI%C2%ACpPiOJ%C2%B0Ub4MFUQK8oRa0dFJT4XUxBwXBE8hhd4=)
[2026-10-05 22:15:52]      1  CTA = convocatoriasdetrabajo.com sustituido por URL oficial de la publicacion (https://siga.regionlambayeque.gob.pe/docs/imgfckeditor2/file/CONCURSO%20CAS%20N%C2%B0002-2026/BASES_CAS_002-2026_.pdf)
[2026-10-05 22:15:52]      1  CTA = convocatoriasdetrabajo.com sustituido por URL oficial de la publicacion (https://www.sernanp.gob.pe/download/dc8c2ac5-b3a4-11f1-ac71-005056bd93da)
[2026-10-05 22:15:52]      1  CTA = convocatoriasdetrabajo.com sustituido por URL oficial de la publicacion (https://www.sernanp.gob.pe/download/f04196c5-b3a4-11f1-ac71-005056bd93da)
[2026-10-05 22:15:52]      1  enlace placeholder reemplazado por la URL oficial de la propia publicacion (https://www.gob.pe/institucion/ugel05/informes-publicaciones/8645376-convocatoria-cas-n-091-2026)
[2026-10-05 22:15:52]      1  CTA = convocatoriasdetrabajo.com sustituido por URL oficial de la publicacion (https://www.gob.pe/institucion/mimp/informes-publicaciones/8622419-practicas-preprofesionales-n-085-2026)
[2026-10-05 22:15:52]      1  CTA = convocatoriasdetrabajo.com sustituido por URL oficial de la publicacion (https://vasg.anin.gob.pe/PRODUCCION/SISPRAC/2026924165446619.pdf)
[2026-10-05 22:15:52]      1  CTA = convocatoriasdetrabajo.com sustituido por URL oficial de la publicacion (http://extranet.cunamas.gob.pe/web/content/hr.job/7950/attach_base/PROCESO%20CAS%20N%C2%B0%20415-%202026-MIDIS-PNCM.pdf?download=true)
[2026-10-05 22:15:52]      1  CTA = convocatoriasdetrabajo.com sustituido por URL oficial de la publicacion (https://www.gob.pe/institucion/indecopi/informes-publicaciones/8633409-convocatoria-practicas-n-066-2026-practicante-profesional-sel)
[2026-10-05 22:15:52]      1  enlace placeholder reemplazado por la URL oficial de la propia publicacion (http://www.munijorgebasadre.gob.pe/pagina/web_inst/trans_bt_down.php?file=conv_4936.pdf)
[2026-10-05 22:15:52]      1  CTA = convocatoriasdetrabajo.com sustituido por URL oficial de la publicacion (https://www.gob.pe/institucion/peplancopesco/informes-publicaciones/8656099-proceso-de-seleccion-n-33-2026-sede-plan-copesco-grc)
[2026-10-05 22:15:52]      1  enlace placeholder reemplazado por la URL oficial de la propia publicacion (http://www.munijorgebasadre.gob.pe/pagina/web_inst/trans_bt_down.php?file=conv_2382.pdf)
[2026-10-05 22:15:52]      1  CTA = convocatoriasdetrabajo.com sustituido por URL oficial de la publicacion (https://www.gob.pe/institucion/sutran/noticias)
[2026-10-05 22:15:52]      1  CTA = convocatoriasdetrabajo.com sustituido por URL oficial de la publicacion (https://www.gob.pe/institucion/pcm/noticias)
[2026-10-05 22:15:52]      1  enlace placeholder reemplazado por la URL oficial de la propia publicacion (http://www.munijorgebasadre.gob.pe/pagina/web_inst/trans_bt_down.php?file=conv_7661.pdf)
[2026-10-05 22:15:52]      1  CTA = convocatoriasdetrabajo.com sustituido por URL oficial de la publicacion (https://www.sernanp.gob.pe/download/18b379f5-b3a5-11f1-ac71-005056bd93da)
[2026-10-05 22:15:52]      1  enlace placeholder reemplazado por la URL oficial de la propia publicacion (http://www.munijorgebasadre.gob.pe/pagina/web_inst/trans_bt_down.php?file=conv_3431.pdf)
[2026-10-05 22:15:52]      1  CTA = convocatoriasdetrabajo.com sustituido por URL oficial de la publicacion (https://www.gob.pe/institucion/indecopi/informes-publicaciones/8624373-convocatoria-728-n-072-2026-ejecutivo-a-1-dlc-suplencia)
[2026-10-05 22:15:52]      1  CTA = convocatoriasdetrabajo.com sustituido por URL oficial de la publicacion (https://aplicativo.pj.gob.pe/repositoriopsep/14976_AnuncioConvocatoria.pdf)
[2026-10-05 22:15:52]      1  CTA = convocatoriasdetrabajo.com sustituido por URL oficial de la publicacion (https://munisurquillo.gob.pe/cas/UPLOADS/REQUISITOS_00138_2026_MDS.PDF)
[2026-10-05 22:15:52]      1  CTA = convocatoriasdetrabajo.com sustituido por URL oficial de la publicacion (https://pad2.minem.gob.pe/ConvocaMinem_Portal/Laserfiche/Descargar?token=Q2ZESjhHRmxpUGtjaUhGS2h4eVNOTWNncnh3alQzMVVrOTlBalZiMkNDeEQ2cUt6WmpBUnlGTzVCazVfcUFGNDNNODBmMnhuUlpXUFpqNHFEc3ZTUzBEV0VpUHg0MjU1Mjdfc2c1T29fYWdXUjNFVXk5alVmWExFQVNudUtmTTZyUEFoWjJ4QURzOHo2NWxZeWRiTHRPWlBSUVE)
[2026-10-05 22:15:52]      1  CTA = convocatoriasdetrabajo.com sustituido por URL oficial de la publicacion (https://plataformamincu.cultura.gob.pe/POST_CAST/DocumentoPublicacion/2026/PUB_6073_20260601110748.pdf)
[2026-10-05 22:15:52]      1  CTA = convocatoriasdetrabajo.com sustituido por URL oficial de la publicacion (https://www.sis.gob.pe/archivos/cas/2026/BASES_CAS_162_2026.pdf)
[2026-10-05 22:15:52]      1  CTA = convocatoriasdetrabajo.com sustituido por URL oficial de la publicacion (https://www.defensoria.gob.pe/modules/Downloads/transparencia/2026/convoca/CONVOCATORIA-CAS-155-2026--3ERA.pdf)
[2026-10-05 22:15:52]      1  CTA = convocatoriasdetrabajo.com sustituido por URL oficial de la publicacion (https://www2.sutran.gob.pe/portal/images/convocatoriascas/CAS_233-2026_-_BASES_-_ASISTENTE_LEGAL_-_PP.pdf)
[2026-10-05 22:15:52]      1  CTA = convocatoriasdetrabajo.com sustituido por URL oficial de la publicacion (https://aplicativo.pj.gob.pe/repositoriopsep/14981_AnuncioConvocatoria.pdf)
[2026-10-05 22:15:52]      1  CTA = convocatoriasdetrabajo.com sustituido por URL oficial de la publicacion (https://www.gob.pe/institucion/pae/informes-publicaciones/8637438-convocatoria-cas-n-79-2026-pae)
[2026-10-05 22:15:52]      1  CTA = convocatoriasdetrabajo.com sustituido por URL oficial de la publicacion (https://www.sis.gob.pe/archivos/cas/2026/BASES_CAS_160_2026.pdf)
[2026-10-05 22:15:52]      1  enlace placeholder reemplazado por la URL oficial de la propia publicacion (http://old.regionhuancavelica.gob.pe/convocatorias/upload/VIGENTES/CAS/CONVOCATORIAS%20VIGENTES%20CAS%20-%20ANO%202026/1414710_CAS-004-26-GSRANG.pdf)
[2026-10-05 22:15:52]      1  CTA = convocatoriasdetrabajo.com sustituido por URL oficial de la publicacion (https://vasg.anin.gob.pe/PRODUCCION/SISCAS/2026918102323515.pdf)
[2026-10-05 22:15:52]      1  CTA = convocatoriasdetrabajo.com sustituido por URL oficial de la publicacion (https://www.gob.pe/institucion/mimp/informes-publicaciones/8622483-convocatoria-cas-n-139-2026)
[2026-10-05 22:15:52]      1  CTA = convocatoriasdetrabajo.com sustituido por URL oficial de la publicacion (https://pad2.minem.gob.pe/ConvocaMinem_Portal/Laserfiche/Descargar?token=Q2ZESjhHRmxpUGtjaUhGS2h4eVNOTWNncnh3NFJ2TjVyS1BEeUp5N0dfRU9GX3lkR2ZIV1VPdGRMbkdYUGkwZ1VVdzZrNHQyQktPNjNnQXpzdGpIMlhHQzBIZzJURUl6OEZYSGVoNlJJSV9UVXI4Nk12cTNjNGNvWW5OaUJqUzNtM09XSEVDMGt3YkZBZF9ERW1zcDBqQ2p3MG8)
[2026-10-05 22:15:52]      1  CTA = convocatoriasdetrabajo.com sustituido por URL oficial de la publicacion (https://www.sis.gob.pe/archivos/cas/2026/BASES_CAS_108_2026.pdf)
[2026-10-05 22:15:52]      1  CTA = convocatoriasdetrabajo.com sustituido por URL oficial de la publicacion (https://www.gob.pe/institucion/pae/informes-publicaciones/8637446-convocatoria-cas-n-85-2026-pae)
[2026-10-05 22:15:52]      1  CTA = convocatoriasdetrabajo.com sustituido por URL oficial de la publicacion (https://www.gob.pe/institucion/pae/informes-publicaciones/8637439-convocatoria-cas-n-80-2026-pae)
[2026-10-05 22:15:52]      1  CTA = convocatoriasdetrabajo.com sustituido por URL oficial de la publicacion (https://vasg.anin.gob.pe/PRODUCCION/SISPRAC/2026924164327931.pdf)
[2026-10-05 22:15:52]      1  CTA = convocatoriasdetrabajo.com sustituido por URL oficial de la publicacion (https://aplicativo.pj.gob.pe/repositoriopsep/15018_AnuncioConvocatoria.pdf)
[2026-10-05 22:15:52]      1  CTA = convocatoriasdetrabajo.com sustituido por URL oficial de la publicacion (https://plataformamincu.cultura.gob.pe/POST_CAST/DocumentoPublicacion/2026/PUB_6061_20260601105948.pdf)
[2026-10-05 22:15:52]      1  enlace placeholder reemplazado por la URL oficial de la propia publicacion (https://cdn.www.gob.pe/uploads/document/file/10671821/8633934-mpd2026-ext-0872381.pdf?v=1790089620)
[2026-10-05 22:15:52]      1  CTA = convocatoriasdetrabajo.com sustituido por URL oficial de la publicacion (https://aplicativo.pj.gob.pe/repositoriopsep/15037_AnuncioConvocatoria.pdf)
[2026-10-05 22:15:52]      1  CTA = convocatoriasdetrabajo.com sustituido por URL oficial de la publicacion (https://aplicativo.pj.gob.pe/repositoriopsep/15035_AnuncioConvocatoria.pdf)
[2026-10-05 22:15:52]      1  CTA = convocatoriasdetrabajo.com sustituido por URL oficial de la publicacion (https://aplicativo.pj.gob.pe/repositoriopsep/14994_AnuncioConvocatoria.pdf)
[2026-10-05 22:15:52]      1  CTA = convocatoriasdetrabajo.com sustituido por URL oficial de la publicacion (https://ugel302.gob.pe/media/convocatorias/BASES_PROCESO_SEL_MOD_FORM_SERV_005-2026-UGEL_LP.pdf)
[2026-10-05 22:15:52]      1  CTA = convocatoriasdetrabajo.com sustituido por URL oficial de la publicacion (https://www.gob.pe/institucion/mimp/informes-publicaciones/8622431-practicas-preprofesionales-n-090-2026)
[2026-10-05 22:15:52]      1  CTA = convocatoriasdetrabajo.com sustituido por URL oficial de la publicacion (https://www.gob.pe/institucion/indecopi/informes-publicaciones/8629940-convocatoria-practicas-n-070-2026-practicante-profesional-spi)
[2026-10-05 22:15:52]      1  CTA = convocatoriasdetrabajo.com sustituido por URL oficial de la publicacion (https://www.igp.gob.pe/convocatorias/docs/2026/bases-cpp-na-002-2026-practicas-profesionales-ufi-oa.pdf)
[2026-10-05 22:15:52]      1  CTA = convocatoriasdetrabajo.com sustituido por URL oficial de la publicacion (https://www.gob.pe/institucion/indecopi/informes-publicaciones/8633611-convocatoria-practicas-n-057-2026-practicante-profesional-dcr-ori-arequipa)
[2026-10-05 22:15:52]      1  CTA = convocatoriasdetrabajo.com sustituido por URL oficial de la publicacion (https://www.gob.pe/institucion/regionayacucho/informes-publicaciones/8652004-convocatoria-de-practicas-profesionales-n-011-2026-gra-sede-central)
[2026-10-05 22:15:52]      1  CTA = convocatoriasdetrabajo.com sustituido por URL oficial de la publicacion (https://www.gob.pe/institucion/mimp/informes-publicaciones/8622272-practicas-profesionales-n-070-2026)
[2026-10-05 22:15:52]      1  CTA = convocatoriasdetrabajo.com sustituido por URL oficial de la publicacion (https://convocatorias.onp.gob.pe/OportunidadLaboral/DescargarPostulacionDocumento?PostulacionDocumentoId=c8c258fd-c00a-4996-a2d8-6ef50e30cc00&ConvocatoriaId=00000000-0000-0000-0000-000000000000&TipoDocumentoId=00000000-0000-0000-0000-000000000000&NumeroPagina=0&RegistrosPagina=2147483647&EstadoRegistro=1)
[2026-10-05 22:15:52]      1  CTA = convocatoriasdetrabajo.com sustituido por URL oficial de la publicacion (https://vasg.anin.gob.pe/PRODUCCION/SISPRAC/202692416498838.pdf)
[2026-10-05 22:15:52]      1  CTA = convocatoriasdetrabajo.com sustituido por URL oficial de la publicacion (https://www.gob.pe/institucion/psi/informes-publicaciones/8596212-conv-sci-224-2026-midagri-psi-birf)
[2026-10-05 22:15:52]      1  CTA = convocatoriasdetrabajo.com sustituido por URL oficial de la publicacion (https://www.drelm.gob.pe/drelm/wp-content/uploads/2026/09/images/descarga/concurso/concurso2026/contratacion-personal-administrativo-dl276-secretaria-eespp-barcia/03.%20CRONOGRAMA%20CONTRATO%20276%20SECRETARIA.pdf)
[2026-10-05 22:15:52]      1  CTA = convocatoriasdetrabajo.com sustituido por URL oficial de la publicacion (https://www.gob.pe/institucion/mimp/informes-publicaciones/8622300-practicas-preprofesionales-n-071-2026)
[2026-10-05 22:15:52]      1  CTA = convocatoriasdetrabajo.com sustituido por URL oficial de la publicacion (https://www.gob.pe/institucion/mimp/informes-publicaciones/8621992-convocatoria-cas-n-086-2026)
[2026-10-05 22:15:52]      1  CTA = convocatoriasdetrabajo.com sustituido por URL oficial de la publicacion (https://www.gob.pe/institucion/mimp/informes-publicaciones/8622430-practicas-preprofesionales-n-089-2026)
[2026-10-05 22:15:52]      1  CTA = convocatoriasdetrabajo.com sustituido por URL oficial de la publicacion (https://www.gob.pe/institucion/mimp/informes-publicaciones/8622382-practicas-preprofesionales-n-077-2026)
[2026-10-05 22:15:52]      1  CTA = convocatoriasdetrabajo.com sustituido por URL oficial de la publicacion (https://www.gob.pe/institucion/ugelsanjuandemiraflores/informes-publicaciones/8633061-cas-n-083-2026-ugel01-convocatoria-para-la-contratacion-administrativa-de-servicios-de-un-01-personal-de-limpieza-y-mantenimiento-plazo-determinado)
[2026-10-05 22:15:52]      1  CTA = convocatoriasdetrabajo.com sustituido por URL oficial de la publicacion (https://www.gob.pe/institucion/mimp/informes-publicaciones/8621914-convocatoria-cas-n-081-2026)
[2026-10-05 22:15:52]      1  CTA = convocatoriasdetrabajo.com sustituido por URL oficial de la publicacion (https://plataformamincu.cultura.gob.pe/POST_CAST/DocumentoPublicacion/2026/PUB_6057_20260601104719.pdf)
[2026-10-05 22:15:52]      1  CTA = convocatoriasdetrabajo.com sustituido por URL oficial de la publicacion (https://aplicativo.pj.gob.pe/repositoriopsep/15039_AnuncioConvocatoria.pdf)
[2026-10-05 22:15:52]      1  CTA = convocatoriasdetrabajo.com sustituido por URL oficial de la publicacion (https://www.gob.pe/institucion/mimp/informes-publicaciones/8622492-convocatoria-cas-n-143-2026)
[2026-10-05 22:15:52]      1  CTA = convocatoriasdetrabajo.com sustituido por URL oficial de la publicacion (https://convocatorias.onp.gob.pe/OportunidadLaboral/DescargarPostulacionDocumento?PostulacionDocumentoId=1e088d9d-44e4-425c-a6be-4ffab658cac5&ConvocatoriaId=00000000-0000-0000-0000-000000000000&TipoDocumentoId=00000000-0000-0000-0000-000000000000&NumeroPagina=0&RegistrosPagina=2147483647&EstadoRegistro=1)
[2026-10-05 22:15:52]      1  CTA = convocatoriasdetrabajo.com sustituido por URL oficial de la publicacion (https://www.gob.pe/institucion/mimp/informes-publicaciones/8622514-convocatoria-cas-n-154-2026)
[2026-10-05 22:15:52]      1  CTA = convocatoriasdetrabajo.com sustituido por URL oficial de la publicacion (https://www.gob.pe/institucion/mimp/informes-publicaciones/8622523-convocatoria-cas-n-162-2026)
[2026-10-05 22:15:52]      1  CTA = convocatoriasdetrabajo.com sustituido por URL oficial de la publicacion (https://www.sis.gob.pe/archivos/cas/2026/BASES_CAS_132_2026.pdf)
[2026-10-05 22:15:52]      1  CTA = convocatoriasdetrabajo.com sustituido por URL oficial de la publicacion (https://www.gob.pe/institucion/mimp/informes-publicaciones/8622464-convocatoria-cas-n-132-2026)
[2026-10-05 22:15:52]      1  CTA = convocatoriasdetrabajo.com sustituido por URL oficial de la publicacion (https://api-convocatoria-public.sucamec.gob.pe/api/public/resource/get-convocatoria-bases?year=2026&file=FC15A40F16EF46CCA58A904EC40694B6.pdf)
[2026-10-05 22:15:52]      1  CTA = convocatoriasdetrabajo.com sustituido por URL oficial de la publicacion (https://www.gob.pe/institucion/mimp/informes-publicaciones/8622458-convocatoria-cas-n-126-2026)
[2026-10-05 22:15:52]      1  CTA = convocatoriasdetrabajo.com sustituido por URL oficial de la publicacion (https://www.defensoria.gob.pe/modules/Downloads/transparencia/2026/convoca/CONVOCATORIA-CAS-193-2026-DP.pdf)
[2026-10-05 22:15:52]      1  enlace placeholder reemplazado por la URL oficial de la propia publicacion (https://old.regionhuancavelica.gob.pe/convocatorias/upload/VIGENTES/CAS/CONVOCATORIAS%20VIGENTES%20CAS%20-%20ANO%202026/1644622_CAS-009-2026-GSRHUAY.pdf)
[2026-10-05 22:15:52]      1  CTA = convocatoriasdetrabajo.com sustituido por URL oficial de la publicacion (https://convocatorias.onp.gob.pe/OportunidadLaboral/DescargarPostulacionDocumento?PostulacionDocumentoId=da44087d-d9cd-43ae-825f-b6c542bcd876&ConvocatoriaId=00000000-0000-0000-0000-000000000000&TipoDocumentoId=00000000-0000-0000-0000-000000000000&NumeroPagina=0&RegistrosPagina=2147483647&EstadoRegistro=1)
[2026-10-05 22:15:52]      1  CTA = convocatoriasdetrabajo.com sustituido por URL oficial de la publicacion (https://www.gob.pe/institucion/mimp/informes-publicaciones/8622468-convocatoria-cas-n-135-2026)
[2026-10-05 22:15:52]      1  CTA = convocatoriasdetrabajo.com sustituido por URL oficial de la publicacion (https://aplicativo.pj.gob.pe/repositoriopsep/15023_AnuncioConvocatoria.pdf)
[2026-10-05 22:15:52]      1  CTA = convocatoriasdetrabajo.com sustituido por URL oficial de la publicacion (https://www.gob.pe/institucion/ugelsanjuandemiraflores/informes-publicaciones/8633058-cas-n-080-2026-ugel01-convocatoria-para-la-contratacion-administrativa-de-servicios-de-un-01-especialista-de-patrimonio-plazo-determinado)
[2026-10-05 22:15:52]      1  CTA = convocatoriasdetrabajo.com sustituido por URL oficial de la publicacion (https://www.gob.pe/institucion/pae/informes-publicaciones/8642828-convocatoria-cas-n-95-2026-pae)
[2026-10-05 22:15:52]      1  CTA = convocatoriasdetrabajo.com sustituido por URL oficial de la publicacion (https://www.gob.pe/institucion/pae/informes-publicaciones/8642822-convocatoria-cas-n-93-2026-pae)
[2026-10-05 22:15:52]      1  CTA = convocatoriasdetrabajo.com sustituido por URL oficial de la publicacion (https://www.sis.gob.pe/archivos/cas/2026/BASES_CAS_115_2026.pdf)
[2026-10-05 22:15:52]      1  CTA = convocatoriasdetrabajo.com sustituido por URL oficial de la publicacion (https://www.gob.pe/institucion/mimp/informes-publicaciones/8622249-convocatoria-cas-n-102-2026)
[2026-10-05 22:15:52]      1  CTA = convocatoriasdetrabajo.com sustituido por URL oficial de la publicacion (https://www.gob.pe/institucion/mimp/informes-publicaciones/8621923-convocatoria-cas-n-082-2026)
[2026-10-05 22:15:52]      1  CTA = convocatoriasdetrabajo.com sustituido por URL oficial de la publicacion (https://www.gob.pe/institucion/mimp/informes-publicaciones/8621980-convocatoria-cas-n-085-2026)
[2026-10-05 22:15:52]      1  CTA = convocatoriasdetrabajo.com sustituido por URL oficial de la publicacion (https://www.sis.gob.pe/archivos/cas/2026/BASES_CAS_150_2026.pdf)
[2026-10-05 22:15:52]      1  CTA = convocatoriasdetrabajo.com sustituido por URL oficial de la publicacion (https://cas.promperu.gob.pe/files/C_PP3746120260751.pdf)
[2026-10-05 22:15:52]      1  CTA = convocatoriasdetrabajo.com sustituido por URL oficial de la publicacion (https://www.sis.gob.pe/archivos/cas/2026/BASES_CAS_130_2026.pdf)
[2026-10-05 22:15:52]      1  CTA = convocatoriasdetrabajo.com sustituido por URL oficial de la publicacion (https://www.gob.pe/institucion/pae/informes-publicaciones/8655235-convocatoria-cas-n-111-2026-pae)
[2026-10-05 22:15:52]      1  CTA = convocatoriasdetrabajo.com sustituido por URL oficial de la publicacion (https://plataformamincu.cultura.gob.pe/POST_CAST/DocumentoPublicacion/2026/PUB_6075_20260601110820.pdf)
[2026-10-05 22:15:52]      1  CTA = convocatoriasdetrabajo.com sustituido por URL oficial de la publicacion (https://www.gob.pe/institucion/pae/informes-publicaciones/8650967-convocatoria-cas-n-103-2026-pae)
[2026-10-05 22:15:52]      1  CTA = convocatoriasdetrabajo.com sustituido por URL oficial de la publicacion (https://www.sis.gob.pe/archivos/cas/2026/BASES_CAS_161_2026.pdf)
[2026-10-05 22:15:52]      1  CTA = convocatoriasdetrabajo.com sustituido por URL oficial de la publicacion (http://extranet.cunamas.gob.pe/web/content/hr.job/7869/attach_base/PROCESO%20CAS%20N%C2%B0%20335-%202026-MIDIS-PNCM.pdf?download=true)
[2026-10-05 22:15:52]      1  CTA = convocatoriasdetrabajo.com sustituido por URL oficial de la publicacion (https://www.sis.gob.pe/archivos/cas/2026/BASES_CAS_155_2026.pdf)
[2026-10-05 22:15:52]      1  CTA = convocatoriasdetrabajo.com sustituido por URL oficial de la publicacion (https://munisurquillo.gob.pe/cas/UPLOADS/REQUISITOS_00136_2026_MDS.PDF)
[2026-10-05 22:15:52]      1  CTA = convocatoriasdetrabajo.com sustituido por URL oficial de la publicacion (https://www.sis.gob.pe/archivos/cas/2026/BASES_CAS_153_2026.pdf)
[2026-10-05 22:15:52]      1  CTA = convocatoriasdetrabajo.com sustituido por URL oficial de la publicacion (https://www.gob.pe/institucion/ugelsanjuandemiraflores/informes-publicaciones/8633057-cas-n-079-2026-ugel01-ugel01-convocatoria-para-la-contratacion-administrador-de-servicios-de-un-01-especialista-en-contrataciones-y-adquisiciones-plazo-determinado)
[2026-10-05 22:15:52]      1  CTA = convocatoriasdetrabajo.com sustituido por URL oficial de la publicacion (https://www.gob.pe/institucion/pae/informes-publicaciones/8650978-convocatoria-cas-n-110-2026-pae)
[2026-10-05 22:15:52]      1  CTA = convocatoriasdetrabajo.com sustituido por URL oficial de la publicacion (https://aplicativo.pj.gob.pe/repositoriopsep/14991_AnuncioConvocatoria.pdf)
[2026-10-05 22:15:52]      1  CTA = convocatoriasdetrabajo.com sustituido por URL oficial de la publicacion (https://www.defensoria.gob.pe/modules/Downloads/transparencia/2026/convoca/CONVOCATORIA-CAS-152-2026--3ERA.pdf)
[2026-10-05 22:15:52]      1  CTA = convocatoriasdetrabajo.com sustituido por URL oficial de la publicacion (https://www.gob.pe/institucion/mimp/informes-publicaciones/8622516-convocatoria-cas-n-156-2026)
[2026-10-05 22:15:52]      1  CTA = convocatoriasdetrabajo.com sustituido por URL oficial de la publicacion (https://aplicativo.pj.gob.pe/repositoriopsep/15036_AnuncioConvocatoria.pdf)
[2026-10-05 22:15:52]      1  CTA = convocatoriasdetrabajo.com sustituido por URL oficial de la publicacion (https://www.gob.pe/institucion/pae/informes-publicaciones/8637445-convocatoria-cas-n-84-2026-pae)
[2026-10-05 22:15:52]      1  CTA = convocatoriasdetrabajo.com sustituido por URL oficial de la publicacion (https://www.gob.pe/institucion/mimp/informes-publicaciones/8621972-convocatoria-cas-n-084-2026)
[2026-10-05 22:15:52]      1  CTA = convocatoriasdetrabajo.com sustituido por URL oficial de la publicacion (https://www.gob.pe/institucion/mimp/informes-publicaciones/8622463-convocatoria-cas-n-131-2026)
[2026-10-05 22:15:52]      1  CTA = convocatoriasdetrabajo.com sustituido por URL oficial de la publicacion (https://www.sis.gob.pe/archivos/cas/2026/BASES_CAS_142_2026.pdf)
[2026-10-05 22:15:52]      1  CTA = convocatoriasdetrabajo.com sustituido por URL oficial de la publicacion (http://extranet.cunamas.gob.pe/web/content/hr.job/7919/attach_base/PROCESO%20CAS%20N%C2%B0%20384-%202026-MIDIS-PNCM-SUPLENCIA.pdf?download=true)
[2026-10-05 22:15:52]      1  duplicado (titulo normalizado repetido) de 5330230268504373485
[2026-10-05 22:15:52]      1  CTA = convocatoriasdetrabajo.com sustituido por URL oficial de la publicacion (https://www.sis.gob.pe/archivos/cas/2026/BASES_CAS_128_2026.pdf)
[2026-10-05 22:15:52]      1  CTA = convocatoriasdetrabajo.com sustituido por URL oficial de la publicacion (https://www.gob.pe/institucion/pae/informes-publicaciones/8637383-convocatoria-cas-n-74-2026-pae)
[2026-10-05 22:15:52]      1  CTA = convocatoriasdetrabajo.com sustituido por URL oficial de la publicacion (https://cas.promperu.gob.pe/files/C_PP3745820260721.pdf)
[2026-10-05 22:15:52]      1  CTA = convocatoriasdetrabajo.com sustituido por URL oficial de la publicacion (https://www.sis.gob.pe/archivos/cas/2026/BASES_CAS_121_2026.pdf)
[2026-10-05 22:15:52]      1  duplicado (titulo normalizado repetido) de 8168293616881925765
[2026-10-05 22:15:52]      1  CTA = convocatoriasdetrabajo.com sustituido por URL oficial de la publicacion (https://www.gob.pe/institucion/pae/informes-publicaciones/8642808-convocatoria-cas-n-89-2026-pae)
[2026-10-05 22:15:52]      1  CTA = convocatoriasdetrabajo.com sustituido por URL oficial de la publicacion (http://extranet.cunamas.gob.pe/web/content/hr.job/7855/attach_base/PROCESO%20CAS%20N%C2%B0%20321-%202026-MIDIS-PNCM.pdf?download=true)
[2026-10-05 22:15:52]      1  CTA = convocatoriasdetrabajo.com sustituido por URL oficial de la publicacion (https://www.gob.pe/institucion/indecopi/informes-publicaciones/8633474-convocatoria-practicas-n-055-2026-practicante-pre-profesional-cc2)
[2026-10-05 22:15:52]      1  CTA = convocatoriasdetrabajo.com sustituido por URL oficial de la publicacion (https://www.migraciones.gob.pe/Convocatorias%20Cas/Convocatorias%20Cas%202026/Codigos/Practicas005-2026.pdf)
[2026-10-05 22:15:52]      1  CTA = convocatoriasdetrabajo.com sustituido por URL oficial de la publicacion (https://www.gob.pe/institucion/mtpe/informes-publicaciones/8626854-concurso-publico-de-practicas-n-033-2026-tr)
[2026-10-05 22:15:52]      1  CTA = convocatoriasdetrabajo.com sustituido por URL oficial de la publicacion (https://convocatorias.onp.gob.pe/OportunidadLaboral/DescargarPostulacionDocumento?PostulacionDocumentoId=3695e372-e5cc-4661-896e-b5063dc70126&ConvocatoriaId=00000000-0000-0000-0000-000000000000&TipoDocumentoId=00000000-0000-0000-0000-000000000000&NumeroPagina=0&RegistrosPagina=2147483647&EstadoRegistro=1)
[2026-10-05 22:15:52]      1  CTA = convocatoriasdetrabajo.com sustituido por URL oficial de la publicacion (https://www.smv.gob.pe/ConsultasP8/documento.aspx?vidDoc={106D5BA0-0000-CC1D-A476-1BCE61FF6215})
[2026-10-05 22:15:52]      1  CTA = convocatoriasdetrabajo.com sustituido por URL oficial de la publicacion (http://extranet.cunamas.gob.pe/web/content/hr.job/7972/attach_base/PROCESO%20CAS%20N%C2%B0%20437-%202026-MIDIS-PNCM.pdf?download=true)
[2026-10-05 22:15:52]      1  CTA = convocatoriasdetrabajo.com sustituido por URL oficial de la publicacion (https://www.gob.pe/institucion/mimp/informes-publicaciones/8622422-practicas-preprofesionales-n-086-2026)
[2026-10-05 22:15:52]      1  CTA = convocatoriasdetrabajo.com sustituido por URL oficial de la publicacion (https://convocatorias.onp.gob.pe/OportunidadLaboral/DescargarPostulacionDocumento?PostulacionDocumentoId=257033df-5950-427a-9d53-27eeb062f266&ConvocatoriaId=00000000-0000-0000-0000-000000000000&TipoDocumentoId=00000000-0000-0000-0000-000000000000&NumeroPagina=0&RegistrosPagina=2147483647&EstadoRegistro=1)
[2026-10-05 22:15:52]      1  CTA = convocatoriasdetrabajo.com sustituido por URL oficial de la publicacion (https://oportunidadlaboral.ositran.gob.pe/rrhh/Perfil%20de%20Puesto_Analista%20de%20Contabilidad.pdf)
[2026-10-05 22:15:52]      1  CTA = convocatoriasdetrabajo.com sustituido por URL oficial de la publicacion (https://www.gob.pe/institucion/sunarp/informes-publicaciones/8654928-convocatoria-de-practicantes-n-013-2026-sunarp-zona-registral-n-xiv)
[2026-10-05 22:15:52]      1  CTA = convocatoriasdetrabajo.com sustituido por URL oficial de la publicacion (https://www.gob.pe/institucion/sunarp/informes-publicaciones/8652155-concurso-publico-de-practicantes-n-023-2026-sunarp-zona-registral-n-xiii)
[2026-10-05 22:15:52]      1  CTA = convocatoriasdetrabajo.com sustituido por URL oficial de la publicacion (https://www.gob.pe/institucion/indecopi/informes-publicaciones/8629869-convocatoria-practicas-n-068-2026-practicante-pre-profesional-spc)
[2026-10-05 22:15:52]      1  CTA = convocatoriasdetrabajo.com sustituido por URL oficial de la publicacion (http://extranet.cunamas.gob.pe/web/content/hr.job/7964/attach_base/PROCESO%20CAS%20N%C2%B0%20429-%202026-MIDIS-PNCM.pdf?download=true)
[2026-10-05 22:15:52]      1  CTA = convocatoriasdetrabajo.com sustituido por URL oficial de la publicacion (https://cdn.www.gob.pe/uploads/document/file/423794/RVM_N__287-2019-MINEDU.pdf?v=1574111821)
[2026-10-05 22:15:52]      1  CTA = convocatoriasdetrabajo.com sustituido por URL oficial de la publicacion (https://convocatorias.onp.gob.pe/OportunidadLaboral/DescargarPostulacionDocumento?PostulacionDocumentoId=5a098be5-df5c-47ac-9e6d-a2598f00f41c&ConvocatoriaId=00000000-0000-0000-0000-000000000000&TipoDocumentoId=00000000-0000-0000-0000-000000000000&NumeroPagina=0&RegistrosPagina=2147483647&EstadoRegistro=1)
[2026-10-05 22:15:52]      1  CTA = convocatoriasdetrabajo.com sustituido por URL oficial de la publicacion (https://www.gob.pe/institucion/mimp/informes-publicaciones/8622411-practicas-preprofesionales-n-082-2026)
[2026-10-05 22:15:52]      1  CTA = convocatoriasdetrabajo.com sustituido por URL oficial de la publicacion (https://www.gob.pe/institucion/indecopi/informes-publicaciones/8629923-convocatoria-practicas-n-069-2026-practicante-pre-profesional-spc)
[2026-10-05 22:15:52]      1  CTA = convocatoriasdetrabajo.com sustituido por URL oficial de la publicacion (http://extranet.cunamas.gob.pe/web/content/hr.job/7948/attach_base/PROCESO%20CAS%20N%C2%B0%20413-%202026-MIDIS-PNCM.pdf?download=true)
[2026-10-05 22:15:52]      1  CTA = convocatoriasdetrabajo.com sustituido por URL oficial de la publicacion (https://www.gob.pe/institucion/mimp/informes-publicaciones/8622398-practicas-preprofesionales-n-080-2026)
[2026-10-05 22:15:52]      1  CTA = convocatoriasdetrabajo.com sustituido por URL oficial de la publicacion (https://www.miraflores.gob.pe/wp-content/uploads/2026/09/BASES-PRACTICAS-022-2026-PRE-PROFESIONALES.-SGLEP.pdf)
[2026-10-05 22:15:52]      1  CTA = convocatoriasdetrabajo.com sustituido por URL oficial de la publicacion (http://extranet.cunamas.gob.pe/web/content/hr.job/7956/attach_base/PROCESO%20CAS%20N%C2%B0%20421-MIDIS-PNCM.pdf?download=true)
[2026-10-05 22:15:52]      1  CTA = convocatoriasdetrabajo.com sustituido por URL oficial de la publicacion (https://www.gob.pe/institucion/sunarp/informes-publicaciones/8623075-concurso-publico-de-practicantes-n-45-2026)
[2026-10-05 22:15:52]      1  CTA = convocatoriasdetrabajo.com sustituido por URL oficial de la publicacion (https://www.gob.pe/institucion/psi/informes-publicaciones/8590395-conv-sci-184-2026-midagri-psi-birf)
[2026-10-05 22:15:52]      1  CTA = convocatoriasdetrabajo.com sustituido por URL oficial de la publicacion (https://www.gob.pe/institucion/indecopi/informes-publicaciones/8633707-convocatoria-practicas-n-062-2026-practicante-profesional-ocr)
[2026-10-05 22:15:52]      1  CTA = convocatoriasdetrabajo.com sustituido por URL oficial de la publicacion (https://www.gob.pe/institucion/mimp/informes-publicaciones/8622317-practicas-preprofesionales-n-073-2026)
[2026-10-05 22:15:52]      1  CTA = convocatoriasdetrabajo.com sustituido por URL oficial de la publicacion (http://extranet.cunamas.gob.pe/web/content/hr.job/7982/attach_base/PROCESO%20CAS%20N%C2%B0%20447-%202026-MIDIS-PNCM.pdf?download=true)
[2026-10-05 22:15:52]      1  CTA = convocatoriasdetrabajo.com sustituido por URL oficial de la publicacion (https://www.osiptel.gob.pe/convocatorias-laborales/024-2026-osiptel-practicante-profesional-ors-madre-de-dios/)
[2026-10-05 22:15:52]      1  CTA = convocatoriasdetrabajo.com sustituido por URL oficial de la publicacion (https://convocatorias.onp.gob.pe/OportunidadLaboral/DescargarPostulacionDocumento?PostulacionDocumentoId=46190ae7-1107-48f6-86d6-c712d66d5cf5&ConvocatoriaId=00000000-0000-0000-0000-000000000000&TipoDocumentoId=00000000-0000-0000-0000-000000000000&NumeroPagina=0&RegistrosPagina=2147483647&EstadoRegistro=1)
[2026-10-05 22:15:52]      1  CTA = convocatoriasdetrabajo.com sustituido por URL oficial de la publicacion (https://pad2.minem.gob.pe/ConvocaMinem_Portal)
[2026-10-05 22:15:52]      1  CTA = convocatoriasdetrabajo.com sustituido por URL oficial de la publicacion (https://convocatorias.onp.gob.pe/OportunidadLaboral/DescargarPostulacionDocumento?PostulacionDocumentoId=a1662b89-228e-4204-8c43-3435d8e41bd1&ConvocatoriaId=00000000-0000-0000-0000-000000000000&TipoDocumentoId=00000000-0000-0000-0000-000000000000&NumeroPagina=0&RegistrosPagina=2147483647&EstadoRegistro=1)
[2026-10-05 22:15:52]      1  CTA = convocatoriasdetrabajo.com sustituido por URL oficial de la publicacion (https://convocatorias.onp.gob.pe/OportunidadLaboral/DescargarPostulacionDocumento?PostulacionDocumentoId=c7612ad7-6ed3-4ed1-987a-4329d2a21e22&ConvocatoriaId=00000000-0000-0000-0000-000000000000&TipoDocumentoId=00000000-0000-0000-0000-000000000000&NumeroPagina=0&RegistrosPagina=2147483647&EstadoRegistro=1)
[2026-10-05 22:15:52]      1  CTA = convocatoriasdetrabajo.com sustituido por URL oficial de la publicacion (https://www.gob.pe/institucion/sunarp/informes-publicaciones/8637596-concurso-publico-de-practicantes-n-022-2026-sunarp-zona-registral-n-xiii)
[2026-10-05 22:15:52]      1  CTA = convocatoriasdetrabajo.com sustituido por URL oficial de la publicacion (https://www.smv.gob.pe/ConsultasP8/temp/2026071369%20-%201%20BASES%20CPMTC%20002-2026.pdf)
[2026-10-05 22:15:52]      1  CTA = convocatoriasdetrabajo.com sustituido por URL oficial de la publicacion (https://www.gob.pe/institucion/indecopi/informes-publicaciones/8633516-convocatoria-practicas-n-056-2026-practicante-profesional-drc-ori-junin)
[2026-10-05 22:15:52]      1  CTA = convocatoriasdetrabajo.com sustituido por URL oficial de la publicacion (http://extranet.cunamas.gob.pe/web/content/hr.job/7949/attach_base/PROCESO%20CAS%20N%C2%B0%20414-%202026-MIDIS-PNCM.pdf?download=true)
[2026-10-05 22:15:52]      1  CTA = convocatoriasdetrabajo.com sustituido por URL oficial de la publicacion (https://www2.sutran.gob.pe/portal/images/convocatoriascas/practicantes/convocatoria/PROCESO_014-2026_BASES_-_GP.pdf)
[2026-10-05 22:15:52]      1  CTA = convocatoriasdetrabajo.com sustituido por URL oficial de la publicacion (https://vasg.anin.gob.pe/PRODUCCION/SISPRAC/2026924164526390.pdf)
[2026-10-05 22:15:52]      1  CTA = convocatoriasdetrabajo.com sustituido por URL oficial de la publicacion (https://www.miraflores.gob.pe/wp-content/uploads/2026/09/BASES-PRACTICAS-021-2026-PROFESIONALES-SGCA.pdf)
[2026-10-05 22:15:52]      1  CTA = convocatoriasdetrabajo.com sustituido por URL oficial de la publicacion (http://extranet.cunamas.gob.pe/web/content/hr.job/7967/attach_base/PROCESO%20CAS%20N%C2%B0%20432-%202026-MIDIS-PNCM.pdf?download=true)
[2026-10-05 22:15:52]      1  CTA = convocatoriasdetrabajo.com sustituido por URL oficial de la publicacion (https://www.gob.pe/institucion/mimp/informes-publicaciones/8622309-practicas-preprofesionales-n-072-2026)
[2026-10-05 22:15:52]      1  CTA = convocatoriasdetrabajo.com sustituido por URL oficial de la publicacion (https://www.gob.pe/institucion/mimp/informes-publicaciones/8622436-practicas-preprofesionales-n-091-2026)
[2026-10-05 22:15:52]      1  CTA = convocatoriasdetrabajo.com sustituido por URL oficial de la publicacion (https://cdn.www.gob.pe/uploads/document/file/4065317/Aviso%20Postulantes%20-%20Practicantes.pdf?v=1674597672)
[2026-10-05 22:15:52]      1  CTA = convocatoriasdetrabajo.com sustituido por URL oficial de la publicacion (https://www.gob.pe/institucion/psi/informes-publicaciones/8530349-conv-sci-204-2026-midagri-psi-birf-2da)
[2026-10-05 22:15:52]      1  CTA = convocatoriasdetrabajo.com sustituido por URL oficial de la publicacion (https://convocatorias.onp.gob.pe/OportunidadLaboral/DescargarPostulacionDocumento?PostulacionDocumentoId=241ae441-1a13-4785-9a5a-4965073fda1d&ConvocatoriaId=00000000-0000-0000-0000-000000000000&TipoDocumentoId=00000000-0000-0000-0000-000000000000&NumeroPagina=0&RegistrosPagina=2147483647&EstadoRegistro=1)
[2026-10-05 22:15:52]      1  CTA = convocatoriasdetrabajo.com sustituido por URL oficial de la publicacion (https://www.gob.pe/institucion/indecopi/informes-publicaciones/8633899-convocatoria-practicas-n-059-2026-practicante-pre-profesional-dsd)
[2026-10-05 22:15:52]      1  CTA = convocatoriasdetrabajo.com sustituido por URL oficial de la publicacion (https://www.gob.pe/institucion/ejercito/informes-publicaciones/8584727-bases-de-convocatoria-del-concurso-publico-de-meritos-para-cubrir-plazos-por-reemplazos-de-la-iv-division-de-ejercito-af-2026)
[2026-10-05 22:15:52]      1  CTA = convocatoriasdetrabajo.com sustituido por URL oficial de la publicacion (https://www.gob.pe/institucion/mimp/informes-publicaciones/8622423-practicas-preprofesionales-n-087-2026)
[2026-10-05 22:15:52]      1  CTA = convocatoriasdetrabajo.com sustituido por URL oficial de la publicacion (https://www.gob.pe/institucion/mimp/informes-publicaciones/8622334-practicas-preprofesionales-n-076-2026)
[2026-10-05 22:15:52]      1  CTA = convocatoriasdetrabajo.com sustituido por URL oficial de la publicacion (https://www.gob.pe/institucion/regionayacucho/informes-publicaciones/8652017-convocatoria-de-practicas-profesionales-n-012-2026-gra-sede-central)
[2026-10-05 22:15:52]      1  CTA = convocatoriasdetrabajo.com sustituido por URL oficial de la publicacion (https://www.munisurco.gob.pe/wp-content/uploads/2020/07/PRE-07-2026-BIENESTAR-PSICOLOGIA-SGGTH.pdf)
[2026-10-05 22:15:52]      1  CTA = convocatoriasdetrabajo.com sustituido por URL oficial de la publicacion (https://www.gob.pe/institucion/indecopi/informes-publicaciones/8633890-convocatoria-practicas-n-058-2026-practicante-profesional-din)
[2026-10-05 22:15:52]      1  CTA = convocatoriasdetrabajo.com sustituido por URL oficial de la publicacion (https://www.gob.pe/institucion/psi/informes-publicaciones/8590416-conv-sci-185-2026-midagri-psi-birf)
[2026-10-05 22:15:52]      1  CTA = convocatoriasdetrabajo.com sustituido por URL oficial de la publicacion (http://extranet.cunamas.gob.pe/web/content/hr.job/7954/attach_base/PROCESO%20CAS%20N%C2%B0%20419-%202026-MIDIS-PNCM.pdf?download=true)
[2026-10-05 22:15:52]      1  CTA = convocatoriasdetrabajo.com sustituido por URL oficial de la publicacion (https://vasg.anin.gob.pe/PRODUCCION/SISPRAC/2026924164714939.pdf)
[2026-10-05 22:15:52]      1  CTA = convocatoriasdetrabajo.com sustituido por URL oficial de la publicacion (https://www.gob.pe/institucion/psi/informes-publicaciones/8596216-conv-sci-225-2026-midagri-psi-birf)
[2026-10-05 22:15:52]      1  CTA = convocatoriasdetrabajo.com sustituido por URL oficial de la publicacion (https://www.gob.pe/institucion/indecopi/informes-publicaciones/8633726-convocatoria-practicas-n-063-2026-practicante-pre-profesional-oee)
[2026-10-05 22:15:52]      1  CTA = convocatoriasdetrabajo.com sustituido por URL oficial de la publicacion (https://www.gob.pe/institucion/mimp/informes-publicaciones/8622322-practicas-preprofesionales-n-074-2026)
[2026-10-05 22:15:52]      1  CTA = convocatoriasdetrabajo.com sustituido por URL oficial de la publicacion (https://www.gob.pe/institucion/mimp/informes-publicaciones/8622416-practicas-preprofesionales-n-083-2026)
[2026-10-05 22:15:52]      1  CTA = convocatoriasdetrabajo.com sustituido por URL oficial de la publicacion (https://www.gob.pe/institucion/sunarp/informes-publicaciones/8627206-concurso-publico-de-practicantes-n-006-2026-sunarp-zona-registral-n-i)
[2026-10-05 22:15:52]      1  CTA = convocatoriasdetrabajo.com sustituido por URL oficial de la publicacion (https://www.gob.pe/institucion/mimp/informes-publicaciones/8622450-practicas-profesionales-n-093-2026)
[2026-10-05 22:15:52]      1  CTA = convocatoriasdetrabajo.com sustituido por URL oficial de la publicacion (https://convocatorias.onp.gob.pe/OportunidadLaboral/DescargarPostulacionDocumento?PostulacionDocumentoId=ae74c02f-d77d-461a-b742-396fe7a2de26&ConvocatoriaId=00000000-0000-0000-0000-000000000000&TipoDocumentoId=00000000-0000-0000-0000-000000000000&NumeroPagina=0&RegistrosPagina=2147483647&EstadoRegistro=1)
[2026-10-05 22:15:52]      1  CTA = convocatoriasdetrabajo.com sustituido por URL oficial de la publicacion (https://www.gob.pe/institucion/indecopi/informes-publicaciones/8633395-convocatoria-practicas-n-065-2026-practicante-profesional-ops2)
[2026-10-05 22:15:52]      1  CTA = convocatoriasdetrabajo.com sustituido por URL oficial de la publicacion (http://extranet.cunamas.gob.pe/web/content/hr.job/7945/attach_base/PROCESO%20CAS%20N%C2%B0%20410-2026-MIDIS-PNCM.pdf?download=true)
[2026-10-05 22:15:52]      1  CTA = convocatoriasdetrabajo.com sustituido por URL oficial de la publicacion (https://www.gob.pe/institucion/psi/informes-publicaciones/8590320-conv-sci-182-2026-midagri-psi-birf)
[2026-10-05 22:15:52]      1  CTA = convocatoriasdetrabajo.com sustituido por URL oficial de la publicacion (http://extranet.cunamas.gob.pe/web/content/hr.job/7968/attach_base/PROCESO%20CAS%20N%C2%B0%20433-%202026-MIDIS-PNCM.pdf?download=true)
[2026-10-05 22:15:52]      1  CTA = convocatoriasdetrabajo.com sustituido por URL oficial de la publicacion (https://www.gob.pe/institucion/mimp/informes-publicaciones/8622428-practicas-preprofesionales-n-088-2026)
[2026-10-05 22:15:52]      1  CTA = convocatoriasdetrabajo.com sustituido por URL oficial de la publicacion (https://www.gob.pe/institucion/sunarp/informes-publicaciones/8642009-concurso-publico-de-practicas-n-46-2026)
[2026-10-05 22:15:52]      1  CTA = convocatoriasdetrabajo.com sustituido por URL oficial de la publicacion (https://www.gob.pe/institucion/mimp/informes-publicaciones/8622418-practicas-preprofesionales-n-084-2026)
[2026-10-05 22:15:52]      1  CTA = convocatoriasdetrabajo.com sustituido por URL oficial de la publicacion (https://www.osiptel.gob.pe/convocatorias-laborales/023-2026-osiptel-practicante-profesional-ors-ucayali/)
[2026-10-05 22:15:52]      1  CTA = convocatoriasdetrabajo.com sustituido por URL oficial de la publicacion (https://www.gob.pe/institucion/mimp/informes-publicaciones/8622390-practicas-preprofesionales-n-079-2026)
[2026-10-05 22:15:52]      1  CTA = convocatoriasdetrabajo.com sustituido por URL oficial de la publicacion (https://vasg.anin.gob.pe/PRODUCCION/SISPRAC/2026924163346881.pdf)
[2026-10-05 22:15:52]      1  CTA = convocatoriasdetrabajo.com sustituido por URL oficial de la publicacion (http://extranet.cunamas.gob.pe/web/content/hr.job/7951/attach_base/PROCESO%20CAS%20N%C2%B0%20416-%202026-MIDIS-PNCM.pdf?download=true)
[2026-10-05 22:15:52]      1  CTA = convocatoriasdetrabajo.com sustituido por URL oficial de la publicacion (https://www.gob.pe/institucion/mimp/informes-publicaciones/8622328-practicas-preprofesionales-n-075-2026)
[2026-10-05 22:15:52]      1  CTA = convocatoriasdetrabajo.com sustituido por URL oficial de la publicacion (https://www.gob.pe/institucion/mimp/informes-publicaciones/8622403-practicas-preprofesionales-n-081-2026)
[2026-10-05 22:15:52]      1  CTA = convocatoriasdetrabajo.com sustituido por URL oficial de la publicacion (https://plataformamincu.cultura.gob.pe/POST_CAST/DocumentoPublicacion/2026/PUB_6118_20260924102709.pdf)
[2026-10-05 22:15:52]      1  CTA = convocatoriasdetrabajo.com sustituido por URL oficial de la publicacion (https://www2.sutran.gob.pe/portal/images/convocatoriascas/practicantes/convocatoria/PROCESO_013-2026_BASES_-_GP.pdf)
[2026-10-05 22:15:52]      1  CTA = convocatoriasdetrabajo.com sustituido por URL oficial de la publicacion (https://oportunidadlaboral.ositran.gob.pe/rrhh/Bases%20CP_029-2026.pdf)
[2026-10-05 22:15:52]      1  CTA = convocatoriasdetrabajo.com sustituido por URL oficial de la publicacion (https://www.gob.pe/institucion/indecopi/informes-publicaciones/8633442-convocatoria-practicas-n-054-2026-practicante-profesional-cc1)
[2026-10-05 22:15:52]      1  CTA = convocatoriasdetrabajo.com sustituido por URL oficial de la publicacion (https://oportunidadlaboral.ositran.gob.pe/rrhh/Bases%20Practicas%20CP_030-2026.pdf)
[2026-10-05 22:15:52]      1  CTA = convocatoriasdetrabajo.com sustituido por URL oficial de la publicacion (https://convocatorias.onp.gob.pe/OportunidadLaboral/DescargarPostulacionDocumento?PostulacionDocumentoId=b845340c-b75f-4141-8551-9e61e7f34fd5&ConvocatoriaId=00000000-0000-0000-0000-000000000000&TipoDocumentoId=00000000-0000-0000-0000-000000000000&NumeroPagina=0&RegistrosPagina=2147483647&EstadoRegistro=1)
[2026-10-05 22:15:52]      1  CTA = convocatoriasdetrabajo.com sustituido por URL oficial de la publicacion (https://www.gob.pe/institucion/mtpe/informes-publicaciones/8650982-concurso-publico-de-practicas-n-034-2026-tr)
[2026-10-05 22:15:52]      1  CTA = convocatoriasdetrabajo.com sustituido por URL oficial de la publicacion (https://www.gob.pe/institucion/servir/informes-publicaciones/8655213-convocatoria-de-practicas-profesionales-n-024-2026-servir-especialidad-egresado-de-la-carrera-universitaria-de-derecho-tsc)
[2026-10-05 22:15:52]      1  CTA = convocatoriasdetrabajo.com sustituido por URL oficial de la publicacion (https://www.gob.pe/institucion/ugel05/informes-publicaciones/8641620-convocatoria-para-contratacion-del-personal-d-l-n-276-ie-ramiro-priale-priale)
[2026-10-05 22:15:52]      1  CTA = convocatoriasdetrabajo.com sustituido por URL oficial de la publicacion (https://www.gob.pe/institucion/indecopi/informes-publicaciones/8633969-convocatoria-practicas-n-061-2026-practicante-pre-profesional-oaj)
[2026-10-05 22:15:52]      1  CTA = convocatoriasdetrabajo.com sustituido por URL oficial de la publicacion (https://convocatorias.itp.gob.pe/postulacion/HistItp/DescargarPortalPostulacion?pFileName=%2FPRACTICANTES%2F2026%2F354%2FPRACTICANTES__BASE_PERFIL.pdf)
[2026-10-05 22:15:52]      1  CTA = convocatoriasdetrabajo.com sustituido por URL oficial de la publicacion (https://www.defensoria.gob.pe/modules/Downloads/transparencia/2026/convoca/60-2026-DP-OGTITD-vf.pdf)
[2026-10-05 22:15:52]      1  CTA = convocatoriasdetrabajo.com sustituido por URL oficial de la publicacion (https://www2.sutran.gob.pe/portal/images/convocatoriascas/practicantes/convocatoria/PROCESO_010-2026_BASES_-_OTI.pdf)
[2026-10-05 22:15:52]      1  CTA = convocatoriasdetrabajo.com sustituido por URL oficial de la publicacion (https://www.gob.pe/institucion/mimp/informes-publicaciones/8622385-practicas-preprofesionales-n-078-2026)
[2026-10-05 22:15:52]      1  CTA = convocatoriasdetrabajo.com sustituido por URL oficial de la publicacion (https://www.munisurco.gob.pe/wp-content/uploads/2020/07/PRO-20-2026-MSS-SGGTH-TRABAJADORA-SOCIAL.pdf)
[2026-10-05 22:15:52]      1  CTA = convocatoriasdetrabajo.com sustituido por URL oficial de la publicacion (https://www.smv.gob.pe/ConsultasP8/temp/2026071370%20-%20BASES%20CPMTC%20ESTADO%20N%c2%b0%2002-2026.pdf)
[2026-10-05 22:15:52]      1  CTA = convocatoriasdetrabajo.com sustituido por URL oficial de la publicacion (https://www.gob.pe/institucion/psi/informes-publicaciones/8596207-conv-sci-223-2026-midagri-psi-birf)
[2026-10-05 22:15:52]      1  CTA = convocatoriasdetrabajo.com sustituido por URL oficial de la publicacion (https://vasg.anin.gob.pe/PRODUCCION/SISPRAC/202692812241237.pdf)
[2026-10-05 22:15:52]      1  CTA = convocatoriasdetrabajo.com sustituido por URL oficial de la publicacion (https://aplicativo.pj.gob.pe/repositoriopsep/15055_AnuncioConvocatoria.pdf)
[2026-10-05 22:15:52]      1  CTA = convocatoriasdetrabajo.com sustituido por URL oficial de la publicacion (https://www.inabif.gob.pe/portalweb/portal/portaldeconvocatorias/index2-19.php?c=c3b5e9958b2b0c345e9c551955820e90&hl=en&tab=nw&lightbox[iframe]=true&lightbox[width]=790&lightbox[height]=370&ver=1)
[2026-10-05 22:15:52]      1  CTA = convocatoriasdetrabajo.com sustituido por URL oficial de la publicacion (https://www.gob.pe/institucion/pae/informes-publicaciones/8650974-convocatoria-cas-n-106-2026-pae)
[2026-10-05 22:15:52]      1  CTA = convocatoriasdetrabajo.com sustituido por URL oficial de la publicacion (http://extranet.cunamas.gob.pe/web/content/hr.job/7932/attach_base/PROCESO%20CAS%20N%C2%B0%20397-2026-MIDIS-PNCM.pdf?download=true)
[2026-10-05 22:15:52]      1  CTA = convocatoriasdetrabajo.com sustituido por URL oficial de la publicacion (https://www.gob.pe/institucion/ugelsanjuandemiraflores/informes-publicaciones/8633059-cas-n-081-2026-ugel01-convocatoria-para-la-contratacion-administrativa-de-servicios-de-un-01-especialista-de-patrimonio-ii-plazo-determinado)
[2026-10-05 22:15:52]      1  CTA = convocatoriasdetrabajo.com sustituido por URL oficial de la publicacion (https://www2.sutran.gob.pe/portal/images/convocatoriascas/CAS_237-2026_-_BASES_-_ASISTENTE_LEGAL_III_-_SGPSTPM.pdf)
[2026-10-05 22:15:52]      1  CTA = convocatoriasdetrabajo.com sustituido por URL oficial de la publicacion (https://www.gob.pe/institucion/mimp/informes-publicaciones/8622509-convocatoria-cas-n-150-2026)
[2026-10-05 22:15:52]      1  CTA = convocatoriasdetrabajo.com sustituido por URL oficial de la publicacion (https://www.gob.pe/institucion/mimp/informes-publicaciones/8622239-convocatoria-cas-n-101-2026)
[2026-10-05 22:15:52]      1  CTA = convocatoriasdetrabajo.com sustituido por URL oficial de la publicacion (https://www.gob.pe/institucion/mimp/informes-publicaciones/8622515-convocatoria-cas-n-155-2026)
[2026-10-05 22:15:52]      1  CTA = convocatoriasdetrabajo.com sustituido por URL oficial de la publicacion (https://www.sis.gob.pe/archivos/cas/2026/BASES_CAS_157_2026.pdf)
[2026-10-05 22:15:52]      1  CTA = convocatoriasdetrabajo.com sustituido por URL oficial de la publicacion (https://www2.sutran.gob.pe/portal/images/convocatoriascas/CAS_232-2026_-_BASES_-_ANALISTA_LEGAL_-_PP.pdf)
[2026-10-05 22:15:52]      1  CTA = convocatoriasdetrabajo.com sustituido por URL oficial de la publicacion (https://www.gob.pe/institucion/pae/informes-publicaciones/8637433-convocatoria-cas-n-77-2026-pae)
[2026-10-05 22:15:52]      1  CTA = convocatoriasdetrabajo.com sustituido por URL oficial de la publicacion (https://aplicativo.pj.gob.pe/repositoriopsep/14978_AnuncioConvocatoria.pdf)
[2026-10-05 22:15:52]      1  CTA = convocatoriasdetrabajo.com sustituido por URL oficial de la publicacion (https://www.gob.pe/institucion/mimp/informes-publicaciones/8634653-convocatoria-cas-n-112-2026)
[2026-10-05 22:15:52]      1  CTA = convocatoriasdetrabajo.com sustituido por URL oficial de la publicacion (https://www.gob.pe/institucion/pae/informes-publicaciones/8637385-convocatoria-cas-n-75-2026-pae)
[2026-10-05 22:15:52]      1  CTA = convocatoriasdetrabajo.com sustituido por URL oficial de la publicacion (http://extranet.cunamas.gob.pe/web/content/hr.job/7922/attach_base/PROCESO%20CAS%20N%C2%B0%20387-2025-MIDIS-PNCM.pdf?download=true)
[2026-10-05 22:15:52]      1  enlace placeholder reemplazado por la URL oficial de la propia publicacion (https://www.gob.pe/institucion/regionapurimac/noticias)
[2026-10-05 22:15:52]      1  CTA = convocatoriasdetrabajo.com sustituido por URL oficial de la publicacion (https://www.gob.pe/institucion/mimp/informes-publicaciones/8622032-convocatoria-cas-n-091-2026)
[2026-10-05 22:15:52]      1  CTA = convocatoriasdetrabajo.com sustituido por URL oficial de la publicacion (https://plataformamincu.cultura.gob.pe/POST_CAST/DocumentoPublicacion/2026/PUB_6077_20260601110855.pdf)
[2026-10-05 22:15:52]      1  CTA = convocatoriasdetrabajo.com sustituido por URL oficial de la publicacion (https://plataformamincu.cultura.gob.pe/POST_CAST/DocumentoPublicacion/2026/PUB_6064_20260601110514.pdf)
[2026-10-05 22:15:52]      1  CTA = convocatoriasdetrabajo.com sustituido por URL oficial de la publicacion (https://pad2.minem.gob.pe/ConvocaMinem_Portal/Laserfiche/Descargar?token=Q2ZESjhHRmxpUGtjaUhGS2h4eVNOTWNncnh5WDcxWkdzZnVHZmUtZGFndVFrSE5OSHNTX0ZXZFFQMzdaQ0pOTEZHMDRORkJocE15V2NGTGZuSHJ2RkNQRVZlUlpTeTkzNGJtV1FkU09mWF9MdGZyX21hMTFpUHBpYUFndmFxc1VHNlZFWmRHOS1YbEtQbkNyc0lfSVdyc01ua0k)
[2026-10-05 22:15:52]      1  CTA = convocatoriasdetrabajo.com sustituido por URL oficial de la publicacion (https://plataformamincu.cultura.gob.pe/POST_CAST/DocumentoPublicacion/2026/PUB_6068_20260601110630.pdf)
[2026-10-05 22:15:52]      1  CTA = convocatoriasdetrabajo.com sustituido por URL oficial de la publicacion (https://aplicativo.pj.gob.pe/repositoriopsep/15001_AnuncioConvocatoria.pdf)
[2026-10-05 22:15:52]      1  CTA = convocatoriasdetrabajo.com sustituido por URL oficial de la publicacion (https://www.gob.pe/institucion/mimp/informes-publicaciones/8622467-convocatoria-cas-n-134-2026)
[2026-10-05 22:15:52]      1  CTA = convocatoriasdetrabajo.com sustituido por URL oficial de la publicacion (https://www.sis.gob.pe/archivos/cas/2026/BASES_CAS_148_2026.pdf)
[2026-10-05 22:15:52]      1  CTA = convocatoriasdetrabajo.com sustituido por URL oficial de la publicacion (https://plataformamincu.cultura.gob.pe/POST_CAST/DocumentoPublicacion/2026/PUB_6060_20260601105929.pdf)
[2026-10-05 22:15:52]      1  CTA = convocatoriasdetrabajo.com sustituido por URL oficial de la publicacion (https://plataformamincu.cultura.gob.pe/POST_CAST/DocumentoPublicacion/2026/PUB_6065_20260601110543.pdf)
[2026-10-05 22:15:52]      1  CTA = convocatoriasdetrabajo.com sustituido por URL oficial de la publicacion (https://pad2.minem.gob.pe/ConvocaMinem_Portal/Laserfiche/Descargar?token=Q2ZESjhHRmxpUGtjaUhGS2h4eVNOTWNncnh3djdjZzI2c3V2c1dvb09VSE9rYWx4U1JzMWVxS0dJcFBPdWJBWEUzcHR6Sm9pNTJtd2taaVVrd2dtajRDbGNFamMtbHVyTGZMRlF5UkJhQlFieUstbjllZTQ4dmxuZy01ZWdTTkxfaUVBdEhBaG9vZFg1X0RJRjM1czd5MnJfSzA)
[2026-10-05 22:15:52]      1  CTA = convocatoriasdetrabajo.com sustituido por URL oficial de la publicacion (https://www.gob.pe/institucion/pae/informes-publicaciones/8637396-convocatoria-cas-n-76-2026-pae)
[2026-10-05 22:15:52]      1  CTA = convocatoriasdetrabajo.com sustituido por URL oficial de la publicacion (https://www.gob.pe/institucion/mimp/informes-publicaciones/8622085-convocatoria-cas-n-097-2026)
[2026-10-05 22:15:52]      1  CTA = convocatoriasdetrabajo.com sustituido por URL oficial de la publicacion (https://aplicativo.pj.gob.pe/repositoriopsep/15052_AnuncioConvocatoria.pdf)
[2026-10-05 22:15:52]      1  CTA = convocatoriasdetrabajo.com sustituido por URL oficial de la publicacion (https://vasg.anin.gob.pe/PRODUCCION/SISCAS/2026918102044637.pdf)
[2026-10-05 22:15:52]      1  CTA = convocatoriasdetrabajo.com sustituido por URL oficial de la publicacion (https://cas.promperu.gob.pe/files/C_PP3746220260771.pdf)
[2026-10-05 22:15:52]      1  duplicado (titulo normalizado repetido) de 7609192240242113956
[2026-10-05 22:15:52]      1  CTA = convocatoriasdetrabajo.com sustituido por URL oficial de la publicacion (https://plataformamincu.cultura.gob.pe/POST_CAST/DocumentoPublicacion/2026/PUB_6069_20260601110643.pdf)
[2026-10-05 22:15:52]      1  CTA = convocatoriasdetrabajo.com sustituido por URL oficial de la publicacion (https://www.gob.pe/institucion/ugelsanjuandemiraflores/informes-publicaciones/8633060-cas-n-082-2026-ugel01-convocatoria-para-la-contraracion-administrativa-de-servicios-de-un-01-tecnico-administrativo-plazo-determinado)
[2026-10-05 22:15:52]      1  CTA = convocatoriasdetrabajo.com sustituido por URL oficial de la publicacion (https://plataformamincu.cultura.gob.pe/POST_CAST/DocumentoPublicacion/2026/PUB_6059_20260601105909.pdf)
[2026-10-05 22:15:52]      1  CTA = convocatoriasdetrabajo.com sustituido por URL oficial de la publicacion (https://www.defensoria.gob.pe/modules/Downloads/transparencia/2026/convoca/CONVOCATORIA-CAS-167-2026-2DA.pdf)
[2026-10-05 22:15:52]      1  CTA = convocatoriasdetrabajo.com sustituido por URL oficial de la publicacion (https://www.gob.pe/institucion/pae/informes-publicaciones/8650959-convocatoria-cas-n-98-2026-pae)
[2026-10-05 22:15:52]      1  CTA = convocatoriasdetrabajo.com sustituido por URL oficial de la publicacion (https://convocatoria.juntos.gob.pe/Convocatoria/DescargarArchivoBases/?id=2213)
[2026-10-05 22:15:52]      1  CTA = convocatoriasdetrabajo.com sustituido por URL oficial de la publicacion (https://www.sis.gob.pe/archivos/cas/2026/BASES_CAS_151_2026.pdf)
[2026-10-05 22:15:52]      1  CTA = convocatoriasdetrabajo.com sustituido por URL oficial de la publicacion (https://www2.sutran.gob.pe/portal/images/convocatoriascas/CAS_231-2026_-_BASES_-_ABOGADO_-_PP.pdf)
[2026-10-05 22:15:52]      1  CTA = convocatoriasdetrabajo.com sustituido por URL oficial de la publicacion (https://www.gob.pe/institucion/mimp/informes-publicaciones/8622486-convocatoria-cas-n-140-2026)
[2026-10-05 22:15:52]      1  CTA = convocatoriasdetrabajo.com sustituido por URL oficial de la publicacion (https://pad2.minem.gob.pe/ConvocaMinem_Portal/Laserfiche/Descargar?token=Q2ZESjhHRmxpUGtjaUhGS2h4eVNOTWNncnh4UnUweHRPcU5RR19XNkp3UU5Yb1BrbGV3RjFYNFFwelJSTUx5aVotdUNLSjE3RHNTUHR6WjBmZWRKVzlLc0Rqb0tMcUVQU19ZbjdDNW8wMUhoRy1KM2ZuXzZjMllJY1RrdXZOaWRWZG9Yc21IbGZoRWJGQVlITVdkYVlJdHZrMEE)
[2026-10-05 22:15:52]      1  CTA = convocatoriasdetrabajo.com sustituido por URL oficial de la publicacion (https://www.gob.pe/institucion/pae/informes-publicaciones/8637215-convocatoria-cas-n-71-2026-pae)
[2026-10-05 22:15:52]      1  CTA = convocatoriasdetrabajo.com sustituido por URL oficial de la publicacion (https://plataformamincu.cultura.gob.pe/POST_CAST/DocumentoPublicacion/2026/PUB_6058_20260601105853.pdf)
[2026-10-05 22:15:52]      1  CTA = convocatoriasdetrabajo.com sustituido por URL oficial de la publicacion (https://www.invermet.gob.pe/wp-content/uploads/2026/09/BASES-CAS-59.pdf)
[2026-10-05 22:15:52]      1  CTA = convocatoriasdetrabajo.com sustituido por URL oficial de la publicacion (https://www.gob.pe/institucion/indecopi/informes-publicaciones/8633909-convocatoria-practicas-n-060-2026-practicante-profesional-ecp)
[2026-10-05 22:15:52]      1  CTA = convocatoriasdetrabajo.com sustituido por URL oficial de la publicacion (https://vasg.anin.gob.pe/PRODUCCION/SISPRAC/202692416411107.pdf)
[2026-10-05 22:15:52]      1  CTA = convocatoriasdetrabajo.com sustituido por URL oficial de la publicacion (https://convocatoriasadm.jovenesproductivos.gob.pe/procesos/S432026.pdf)
[2026-10-05 22:15:52]      1  CTA = convocatoriasdetrabajo.com sustituido por URL oficial de la publicacion (https://www2.sutran.gob.pe/portal/images/convocatoriascas/practicantes/convocatoria/PROCESO_012-2026_BASES_-_SGRES.pdf)
[2026-10-05 22:15:52]      1  CTA = convocatoriasdetrabajo.com sustituido por URL oficial de la publicacion (https://www.invermet.gob.pe/wp-content/uploads/2026/09/BASES-CAS-46-2.pdf)
[2026-10-05 22:15:52]      1  CTA = convocatoriasdetrabajo.com sustituido por URL oficial de la publicacion (https://central.perucompras.gob.pe/archivos/oportunidades-laborales/detalle_cas_009_2026_cod_03.pdf)
[2026-10-05 22:15:52]      1  enlace placeholder reemplazado por la URL oficial de la propia publicacion (https://www.foncodes.gob.pe/portalante/index.php/convocatorias/sede-central/procesos-cas/convocatorias-cas)
[2026-10-05 22:15:52]      1  CTA = convocatoriasdetrabajo.com sustituido por URL oficial de la publicacion (https://www.gob.pe/institucion/pnp/informes-publicaciones/8650936-convocatoria-cas-n-031-2026-dirrehum-pnp-seis-06-tecnicos-as-en-enfermeria-direccion-de-sanidad-policial)
[2026-10-05 22:15:52]      1  enlace placeholder reemplazado por la URL oficial de la propia publicacion (https://www.munisanmiguel.gob.pe/Transparencia/archivos/convocatorias/2026/PCAS_20260922_148.pdf)
[2026-10-05 22:15:52]      1  CTA = convocatoriasdetrabajo.com sustituido por URL oficial de la publicacion (https://aplicativo.pj.gob.pe/repositoriopsep/15004_AnuncioConvocatoria.pdf)
[2026-10-05 22:15:52]      1  CTA = convocatoriasdetrabajo.com sustituido por URL oficial de la publicacion (https://postulacioncas.minedu.gob.pe/PostulacionCas/Home/Convocatoria/29709#no-back-button)
[2026-10-05 22:15:52]      1  CTA = convocatoriasdetrabajo.com sustituido por URL oficial de la publicacion (https://www.gob.pe/institucion/pnp/informes-publicaciones/8650397-convocatoria-n-024-2026-dirrehum-pnp-un-01-conservador-de-ambiente-para-la-division-de-orden-publico-y-seguridad-divopus-de-la-region-policial-piura)
[2026-10-05 22:15:52]      1  CTA = convocatoriasdetrabajo.com sustituido por URL oficial de la publicacion (https://www.senamhi.gob.pe/include/convocatorias_ver.php?ide_convo=17956)
[2026-10-05 22:15:52]      1  CTA = convocatoriasdetrabajo.com sustituido por URL oficial de la publicacion (https://central.perucompras.gob.pe/archivos/oportunidades-laborales/detalle_cas_010_2026_cod_01.pdf)
[2026-10-05 22:15:52]      1  CTA = convocatoriasdetrabajo.com sustituido por URL oficial de la publicacion (https://convocatorias.sineace.gob.pe/postulacion/Postulacion/Descargar_Tdr?idReq=381)
[2026-10-05 22:15:52]      1  CTA = convocatoriasdetrabajo.com sustituido por URL oficial de la publicacion (https://convocatorias.sineace.gob.pe/postulacion/Postulacion/Descargar_Tdr?idReq=384)
[2026-10-05 22:15:52]      1  CTA = convocatoriasdetrabajo.com sustituido por URL oficial de la publicacion (https://www.senamhi.gob.pe/include/convocatorias_ver.php?ide_convo=17959)
[2026-10-05 22:15:52]      1  CTA = convocatoriasdetrabajo.com sustituido por URL oficial de la publicacion (https://central.perucompras.gob.pe/archivos/oportunidades-laborales/detalle_cas_009_2026_cod_07.pdf)
[2026-10-05 22:15:52]      1  CTA = convocatoriasdetrabajo.com sustituido por URL oficial de la publicacion (https://aplicativo.pj.gob.pe/repositoriopsep/14964_AnuncioConvocatoria.pdf)
[2026-10-05 22:15:52]      1  CTA = convocatoriasdetrabajo.com sustituido por URL oficial de la publicacion (https://aplicativo.pj.gob.pe/repositoriopsep/14997_AnuncioConvocatoria.pdf)
[2026-10-05 22:15:52]      1  CTA = convocatoriasdetrabajo.com sustituido por URL oficial de la publicacion (https://aplicativo.pj.gob.pe/repositoriopsep/15016_AnuncioConvocatoria.pdf)
[2026-10-05 22:15:52]      1  CTA = convocatoriasdetrabajo.com sustituido por URL oficial de la publicacion (https://aplicativo.pj.gob.pe/repositoriopsep/14992_AnuncioConvocatoria.pdf)
[2026-10-05 22:15:52]      1  CTA = convocatoriasdetrabajo.com sustituido por URL oficial de la publicacion (https://www.gob.pe/institucion/mimp/informes-publicaciones/8622493-convocatoria-cas-n-144-2026)
[2026-10-05 22:15:52]      1  CTA = convocatoriasdetrabajo.com sustituido por URL oficial de la publicacion (https://www.gob.pe/institucion/mimp/informes-publicaciones/8622460-convocatoria-cas-n-128-2026)
[2026-10-05 22:15:52]      1  CTA = convocatoriasdetrabajo.com sustituido por URL oficial de la publicacion (https://www.defensoria.gob.pe/modules/Downloads/transparencia/2026/convoca/CONVOCATORIA-CAS-171-2026-2DA.pdf)
[2026-10-05 22:15:52]      1  enlace placeholder reemplazado por la URL oficial de la propia publicacion (https://www.sernanp.gob.pe/download/43bdf30c-b8e5-11f1-ac71-005056bd93da)
[2026-10-05 22:15:52]      1  CTA = convocatoriasdetrabajo.com sustituido por URL oficial de la publicacion (https://www.sernanp.gob.pe/download/b7b7633d-b8e5-11f1-ac71-005056bd93da)
[2026-10-05 22:15:52]      1  CTA = convocatoriasdetrabajo.com sustituido por URL oficial de la publicacion (https://www.sis.gob.pe/archivos/cas/2026/BASES_CAS_154_2026.pdf)
[2026-10-05 22:15:52]      1  CTA = convocatoriasdetrabajo.com sustituido por URL oficial de la publicacion (https://www.sis.gob.pe/archivos/cas/2026/BASES_CAS_126_2026.pdf)
[2026-10-05 22:15:52]      1  CTA = convocatoriasdetrabajo.com sustituido por URL oficial de la publicacion (https://www.gob.pe/institucion/mimp/informes-publicaciones/8622502-convocatoria-cas-n-147-2026)
[2026-10-05 22:15:52]      1  CTA = convocatoriasdetrabajo.com sustituido por URL oficial de la publicacion (https://pad2.minem.gob.pe/ConvocaMinem_Portal/Laserfiche/Descargar?token=Q2ZESjhHRmxpUGtjaUhGS2h4eVNOTWNncnh5bmZiVUVYeXBWa1Y0S2MtZ21BV1Nva1pDMENNMkV3R0ZUN3E2SVlOSHZLMkhDenNjOUsxbDlPTDlEZlFjY1o5RFRkLWRNSkhhUHJXRG91T1hsejRTYm1XQkVvd1g1eXA4UkNXUmZjR3J4eEswcHZRQlZzUE9MeDZWcHdaQkFTblU)
[2026-10-05 22:15:52]      1  CTA = convocatoriasdetrabajo.com sustituido por URL oficial de la publicacion (https://www.gob.pe/institucion/pae/informes-publicaciones/8642827-convocatoria-cas-n-94-2026-pae)
[2026-10-05 22:15:52]      1  CTA = convocatoriasdetrabajo.com sustituido por URL oficial de la publicacion (https://munisurquillo.gob.pe/cas/UPLOADS/REQUISITOS_00134_2026_MDS.PDF)
[2026-10-05 22:15:52]      1  enlace placeholder reemplazado por la URL oficial de la propia publicacion (https://www.gob.pe/institucion/regionayacucho/noticias)
[2026-10-05 22:15:52]      1  enlace placeholder reemplazado por la URL oficial de la propia publicacion (http://www.munijorgebasadre.gob.pe/pagina/web_inst/trans_bt_down.php?file=conv_4758.pdf)
[2026-10-05 22:15:52]      1  CTA = convocatoriasdetrabajo.com sustituido por URL oficial de la publicacion (https://www2.sutran.gob.pe/portal/images/convocatoriascas/practicantes/convocatoria/PROCESO_011-2026_BASES_-_SGFSC.pdf)
[2026-10-05 22:15:52]      1  CTA = convocatoriasdetrabajo.com sustituido por URL oficial de la publicacion (https://www.gob.pe/institucion/indecopi/informes-publicaciones/8633422-convocatoria-practicas-n-067-2026-practicante-pre-profesional-sel)
[2026-10-05 22:15:52]      1  CTA = convocatoriasdetrabajo.com sustituido por URL oficial de la publicacion (https://www.muniate.gob.pe/wp-content/uploads/2026/08/15-2026-CAS-CAJERO.pdf)
[2026-10-05 22:15:52]      1  CTA = convocatoriasdetrabajo.com sustituido por URL oficial de la publicacion (https://www.sernanp.gob.pe/download/9fdde8ac-b8e4-11f1-ac71-005056bd93da)
[2026-10-05 22:15:52]      1  enlace placeholder reemplazado por la URL oficial de la propia publicacion (https://munilabaya.gob.pe/web/archivos/convocatorias/004_2026_f1_698.pdf)
[2026-10-05 22:15:52]      1  CTA = convocatoriasdetrabajo.com sustituido por URL oficial de la publicacion (https://www.invermet.gob.pe/wp-content/uploads/2026/09/BASES-CAS-57.pdf)
[2026-10-05 22:15:52]      1  CTA = convocatoriasdetrabajo.com sustituido por URL oficial de la publicacion (https://convocatorias.onp.gob.pe/OportunidadLaboral/DescargarPostulacionDocumento?PostulacionDocumentoId=1b679135-12b1-4992-9c16-ce44121f5029&ConvocatoriaId=00000000-0000-0000-0000-000000000000&TipoDocumentoId=00000000-0000-0000-0000-000000000000&NumeroPagina=0&RegistrosPagina=2147483647&EstadoRegistro=1)
[2026-10-05 22:15:52]      1  CTA = convocatoriasdetrabajo.com sustituido por URL oficial de la publicacion (https://www.regionhuanuco.gob.pe/lconvocatorias)
[2026-10-05 22:15:52]      1  enlace placeholder reemplazado por la URL oficial de la propia publicacion (https://www.irennorte.gob.pe/pdf/convocatorias/bases/BCASAA004-2026.pdf)
[2026-10-05 22:15:52]      1  CTA = convocatoriasdetrabajo.com sustituido por URL oficial de la publicacion (https://consultasenlinea.mincetur.gob.pe/apiGeneralesDocCms/api/DocCms/ExportarArchivo?key=34E6C279DA6EDAA781C6AC91546952F65C54EFDCA95A1F2EAC261D8A4FFE3BDB5D84AFFBFAF5E8F1&op=2)
[2026-10-05 22:15:52]      1  CTA = convocatoriasdetrabajo.com sustituido por URL oficial de la publicacion (https://www.gob.pe/institucion/mimp/informes-publicaciones/8622232-convocatoria-cas-n-100-2026)
[2026-10-05 22:15:52]      1  CTA = convocatoriasdetrabajo.com sustituido por URL oficial de la publicacion (https://www.sis.gob.pe/archivos/cas/2026/BASES_CAS_149_2026.pdf)
[2026-10-05 22:15:52]      1  CTA = convocatoriasdetrabajo.com sustituido por URL oficial de la publicacion (https://www.senasa.gob.pe/senasa/descargasarchivos/2026/09/bases-75-1.pdf)
[2026-10-05 22:15:52]      1  CTA = convocatoriasdetrabajo.com sustituido por URL oficial de la publicacion (https://www.inabif.gob.pe/portalweb/portal/portaldeconvocatorias/index2-19.php?c=e483872eafa308afd101990ed8a97392&hl=en&tab=nw&lightbox[iframe]=true&lightbox[width]=790&lightbox[height]=370&ver=1)
[2026-10-05 22:15:52]      1  CTA = convocatoriasdetrabajo.com sustituido por URL oficial de la publicacion (https://www.inabif.gob.pe/portalweb/portal/portaldeconvocatorias/index2-19.php?c=05b5554701d898f629b780f616bc50bb&hl=en&tab=nw&lightbox[iframe]=true&lightbox[width]=790&lightbox[height]=370&ver=1)
[2026-10-05 22:15:52]      1  CTA = convocatoriasdetrabajo.com sustituido por URL oficial de la publicacion (https://vasg.anin.gob.pe/PRODUCCION/SISCAS/202692212557690.pdf)
[2026-10-05 22:15:52]      1  CTA = convocatoriasdetrabajo.com sustituido por URL oficial de la publicacion (https://www.gob.pe/institucion/mimp/informes-publicaciones/8622510-convocatoria-cas-n-151-2026)
[2026-10-05 22:15:52]      1  CTA = convocatoriasdetrabajo.com sustituido por URL oficial de la publicacion (https://www.gob.pe/institucion/mimp/informes-publicaciones/8622473-convocatoria-cas-n-136-2026)
[2026-10-05 22:15:52]      1  CTA = convocatoriasdetrabajo.com sustituido por URL oficial de la publicacion (https://www.gob.pe/institucion/mimp/informes-publicaciones/8621999-convocatoria-cas-n-087-2026)
[2026-10-05 22:15:52]      1  CTA = convocatoriasdetrabajo.com sustituido por URL oficial de la publicacion (https://plataformamincu.cultura.gob.pe/POST_CAST/DocumentoPublicacion/2026/PUB_6070_20260601110659.pdf)
[2026-10-05 22:15:52]      1  CTA = convocatoriasdetrabajo.com sustituido por URL oficial de la publicacion (https://pad2.minem.gob.pe/ConvocaMinem_Portal/Laserfiche/Descargar?token=Q2ZESjhHRmxpUGtjaUhGS2h4eVNOTWNncnh6dmFtODU1akpCUXJJZF9zOVU2MHU4NnBMemtFUmUyaEtLaUpDTXNKUUVnYm9GZk1OMldvRUZ5SFNiZ0JoWnBsa0t4aVpZLXBPbkxUb2tmTkF1QnFLa1dZU3BiRkhWRTNEOUY1Y3BHNzVtUVVaMzYtaXFYV3loWkVTWlEtbkphN2s)
[2026-10-05 22:15:52]      1  CTA = convocatoriasdetrabajo.com sustituido por URL oficial de la publicacion (https://www2.sutran.gob.pe/portal/images/convocatoriascas/CAS_238-2026_-_BASES_-_RESOLUTOR_-_SGPSTPM.pdf)
[2026-10-05 22:15:52]      1  CTA = convocatoriasdetrabajo.com sustituido por URL oficial de la publicacion (https://pad2.minem.gob.pe/ConvocaMinem_Portal/Laserfiche/Descargar?token=Q2ZESjhHRmxpUGtjaUhGS2h4eVNOTWNncnh4Y01JS1NMeWQ3UkZCV3BYbmdSdlZJaEFPZHNqdEN2M3h4TFJrdkh2QTd6UmFjRWFkM090aHk0a1E0cUNaeV9iRmpPUUNhQVVKa0J5b0N3MjlqWGxfM2ZwaUdUVTlycGpyazFmd1M0WUNMQjJsVUFxcXc4bVYwTmlOSjlYdnVSNGM)
[2026-10-05 22:15:52]      1  CTA = convocatoriasdetrabajo.com sustituido por URL oficial de la publicacion (https://pad2.minem.gob.pe/ConvocaMinem_Portal/Laserfiche/Descargar?token=Q2ZESjhHRmxpUGtjaUhGS2h4eVNOTWNncnh3LWR6VFhrcXRoeDMwT0E0eXdLV29jbW92TmxsX1plc0psakQwNy1qQ291ck1sRFVoY1NHVU9SVFdaSDdyUXQ2cGduaXZscmhNdTVtU2FROE5uX29HQ1VUZ21qNjZvdnhRcUpwYXFnTHJnVHdyZFlkZnh3Z2ZEdElKOEdLWmE0aVk)
[2026-10-05 22:15:52]      1  CTA = convocatoriasdetrabajo.com sustituido por URL oficial de la publicacion (https://www.gob.pe/institucion/mimp/informes-publicaciones/8622489-convocatoria-cas-n-142-2026)
[2026-10-05 22:15:52]      1  CTA = convocatoriasdetrabajo.com sustituido por URL oficial de la publicacion (https://www.sis.gob.pe/archivos/cas/2026/BASES_CAS_152_2026.pdf)
[2026-10-05 22:15:52]      1  CTA = convocatoriasdetrabajo.com sustituido por URL oficial de la publicacion (https://pad2.minem.gob.pe/ConvocaMinem_Portal/Laserfiche/Descargar?token=Q2ZESjhHRmxpUGtjaUhGS2h4eVNOTWNncnh3N2NvZnJBcm9DLWhyTGh2aHAyaHVIWXNtemFuVVRlSGNsb2xCSHVWVk1rcTRsamNDM1h6VmdnNmdDLW9LMGtUSlIxZnB4b3NESDdSbHYxNHdnUEZkd2V6cXNqcjh6blNtNmpPc1dITmFLSjhHSnBZUDdkNFhzS2NVdmFjZjBrNVk)
[2026-10-05 22:15:52]      1  CTA = convocatoriasdetrabajo.com sustituido por URL oficial de la publicacion (https://www.gob.pe/institucion/mimp/informes-publicaciones/8622519-convocatoria-cas-n-159-2026)
[2026-10-05 22:15:52]      1  CTA = convocatoriasdetrabajo.com sustituido por URL oficial de la publicacion (https://pad2.minem.gob.pe/ConvocaMinem_Portal/Laserfiche/Descargar?token=Q2ZESjhHRmxpUGtjaUhGS2h4eVNOTWNncnh4ZDYyMVRHVGJCRVVBNmYxNGt0WDlJTHlxckRjdnRucGZZTHpMcTFIcTNZdDNpNGZJY1VORFpIT0hRVHN4cEo2SzdBNTFvWkZ1Yklna3VUME5LaWtGVkwzR05DYVFTUnM5LUV1NWFKT0ZCaTRzbFhsWUpFX2dqUGsybU1IeUxTTFE)
[2026-10-05 22:15:52]      1  CTA = convocatoriasdetrabajo.com sustituido por URL oficial de la publicacion (https://www.gob.pe/institucion/mimp/informes-publicaciones/8634594-convocatoria-cas-n-108-2026)
[2026-10-05 22:15:52]      1  CTA = convocatoriasdetrabajo.com sustituido por URL oficial de la publicacion (https://aplicativo.pj.gob.pe/repositoriopsep/14989_AnuncioConvocatoria.pdf)
[2026-10-05 22:15:52]      1  CTA = convocatoriasdetrabajo.com sustituido por URL oficial de la publicacion (https://munisurquillo.gob.pe/cas/UPLOADS/REQUISITOS_00137_2026_MDS.PDF)
[2026-10-05 22:15:52]      1  CTA = convocatoriasdetrabajo.com sustituido por URL oficial de la publicacion (https://www.gob.pe/institucion/mimp/informes-publicaciones/8622078-convocatoria-cas-n-096-2026)
[2026-10-05 22:15:52]      1  CTA = convocatoriasdetrabajo.com sustituido por URL oficial de la publicacion (https://www2.sutran.gob.pe/portal/images/convocatoriascas/CAS_235-2026_-_BASES_-_RESOLUTOR_-_SGPT__SUPLENCIA_.pdf)
[2026-10-05 22:15:52]      1  CTA = convocatoriasdetrabajo.com sustituido por URL oficial de la publicacion (https://aplicativo.pj.gob.pe/repositoriopsep/14998_AnuncioConvocatoria.pdf)
[2026-10-05 22:15:52]      1  CTA = convocatoriasdetrabajo.com sustituido por URL oficial de la publicacion (https://pad2.minem.gob.pe/ConvocaMinem_Portal/Laserfiche/Descargar?token=Q2ZESjhHRmxpUGtjaUhGS2h4eVNOTWNncnh3M0kxMmJfTWxIWlZYOFR4UmtHaXJmNnZRaUlyeklpTjVnX3czRjkwOTI2Sk9kb1o4V2hJcTBsUGVmYTNweHV5TUExU3dlY2p2aW9FYm1yb1hIODZYVkNmMlU5ZjBhTEF0SFJYTzhpLUdNMUlibkZ3YnJaWWFkZi10RVdJVDZWYkk)
[2026-10-05 22:15:52]      1  CTA = convocatoriasdetrabajo.com sustituido por URL oficial de la publicacion (https://www.gob.pe/institucion/mimp/informes-publicaciones/8621835-convocatoria-cas-n-080-2026)
[2026-10-05 22:15:52]      1  CTA = convocatoriasdetrabajo.com sustituido por URL oficial de la publicacion (https://www.sis.gob.pe/archivos/cas/2026/BASES_CAS_120_2026.pdf)
[2026-10-05 22:15:52]      1  CTA = convocatoriasdetrabajo.com sustituido por URL oficial de la publicacion (https://www.sis.gob.pe/archivos/cas/2026/BASES_CAS_137_2026.pdf)
[2026-10-05 22:15:52]      1  CTA = convocatoriasdetrabajo.com sustituido por URL oficial de la publicacion (https://www.gob.pe/institucion/mimp/informes-publicaciones/8622478-convocatoria-cas-n-138-2026)
[2026-10-05 22:15:52]      1  CTA = convocatoriasdetrabajo.com sustituido por URL oficial de la publicacion (https://www.inabif.gob.pe/portalweb/portal/portaldeconvocatorias/index2-19.php?c=85afe1dccade44b766fdf6df3faf7427&hl=en&tab=nw&lightbox[iframe]=true&lightbox[width]=790&lightbox[height]=370&ver=1)
[2026-10-05 22:15:52]      1  CTA = convocatoriasdetrabajo.com sustituido por URL oficial de la publicacion (https://www.sis.gob.pe/archivos/cas/2026/BASES_CAS_118_2026.pdf)
[2026-10-05 22:15:52]      1  CTA = convocatoriasdetrabajo.com sustituido por URL oficial de la publicacion (https://www.sis.gob.pe/archivos/cas/2026/BASES_CAS_135_2026.pdf)
[2026-10-05 22:15:52]      1  CTA = convocatoriasdetrabajo.com sustituido por URL oficial de la publicacion (https://plataformamincu.cultura.gob.pe/POST_CAST/DocumentoPublicacion/2026/PUB_6066_20260601110559.pdf)
[2026-10-05 22:15:52]      1  CTA = convocatoriasdetrabajo.com sustituido por URL oficial de la publicacion (https://cas.promperu.gob.pe/files/C_PP37456202607001.pdf)
[2026-10-05 22:15:52]      1  CTA = convocatoriasdetrabajo.com sustituido por URL oficial de la publicacion (https://www.defensoria.gob.pe/modules/Downloads/transparencia/2026/convoca/CONVOCATORIA-CAS-166-2026-2DA.pdf)
[2026-10-05 22:15:52]      1  CTA = convocatoriasdetrabajo.com sustituido por URL oficial de la publicacion (https://aplicativo.pj.gob.pe/repositoriopsep/14999_AnuncioConvocatoria.pdf)
[2026-10-05 22:15:52]      1  CTA = convocatoriasdetrabajo.com sustituido por URL oficial de la publicacion (https://www2.sutran.gob.pe/portal/images/convocatoriascas/CAS_234-2026_-_BASES_-_PROFESIONAL_T__CNICO_A_EN_RECURSOS_HUMANOS_-_URH__SUPLENCIA_.pdf)
[2026-10-05 22:15:52]      1  CTA = convocatoriasdetrabajo.com sustituido por URL oficial de la publicacion (https://cas.promperu.gob.pe/files/C_PP37455202606901.pdf)
[2026-10-05 22:15:52]      1  CTA = convocatoriasdetrabajo.com sustituido por URL oficial de la publicacion (https://www2.sutran.gob.pe/portal/images/convocatoriascas/CAS_236-2026_-_BASES_-_SUPERVISOR_LEGAL_I_-_SGPSTPM.pdf)
[2026-10-05 22:15:52]      1  CTA = convocatoriasdetrabajo.com sustituido por URL oficial de la publicacion (https://www.gob.pe/institucion/mimp/informes-publicaciones/8622513-convocatoria-cas-n-153-2026)
[2026-10-05 22:15:52]      1  CTA = convocatoriasdetrabajo.com sustituido por URL oficial de la publicacion (https://www.sis.gob.pe/archivos/cas/2026/BASES_CAS_131_2026.pdf)
[2026-10-05 22:15:52]      1  CTA = convocatoriasdetrabajo.com sustituido por URL oficial de la publicacion (https://convocatoria.juntos.gob.pe/Convocatoria/DescargarArchivoBases/?id=2214)
[2026-10-05 22:15:52]      1  CTA = convocatoriasdetrabajo.com sustituido por URL oficial de la publicacion (https://aplicativo.pj.gob.pe/repositoriopsep/15051_AnuncioConvocatoria.pdf)
[2026-10-05 22:15:52]      1  CTA = convocatoriasdetrabajo.com sustituido por URL oficial de la publicacion (https://www.sis.gob.pe/archivos/cas/2026/BASES_CAS_156_2026.pdf)
[2026-10-05 22:15:52]      1  CTA = convocatoriasdetrabajo.com sustituido por URL oficial de la publicacion (https://aplicativo.pj.gob.pe/repositoriopsep/14979_AnuncioConvocatoria.pdf)
[2026-10-05 22:15:52]      1  CTA = convocatoriasdetrabajo.com sustituido por URL oficial de la publicacion (https://www.sis.gob.pe/archivos/cas/2026/BASES_CAS_158_2026.pdf)
[2026-10-05 22:15:52]      1  CTA = convocatoriasdetrabajo.com sustituido por URL oficial de la publicacion (https://www.gob.pe/institucion/mimp/informes-publicaciones/8622504-convocatoria-cas-n-148-2026)
[2026-10-05 22:15:52]      1  CTA = convocatoriasdetrabajo.com sustituido por URL oficial de la publicacion (https://aplicativo.pj.gob.pe/repositoriopsep/15029_AnuncioConvocatoria.pdf)
[2026-10-05 22:15:52]      1  CTA = convocatoriasdetrabajo.com sustituido por URL oficial de la publicacion (https://cas.promperu.gob.pe/files/C_PP3746020260741.pdf)
[2026-10-05 22:15:52]      1  CTA = convocatoriasdetrabajo.com sustituido por URL oficial de la publicacion (https://cas.promperu.gob.pe/files/C_PP3745920260731.pdf)
[2026-10-05 22:15:52]      1  CTA = convocatoriasdetrabajo.com sustituido por URL oficial de la publicacion (https://www.gob.pe/institucion/pae/informes-publicaciones/8637441-convocatoria-cas-n-81-2026-pae)
[2026-10-05 22:15:52]      1  CTA = convocatoriasdetrabajo.com sustituido por URL oficial de la publicacion (https://www.inabif.gob.pe/portalweb/portal/portaldeconvocatorias/index2-19.php?c=e75501ea056ea0b587ef6ec42de265f2&hl=en&tab=nw&lightbox[iframe]=true&lightbox[width]=790&lightbox[height]=370&ver=1)
[2026-10-05 22:15:52]      1  CTA = convocatoriasdetrabajo.com sustituido por URL oficial de la publicacion (https://www.gob.pe/institucion/mimp/informes-publicaciones/8622459-convocatoria-cas-n-127-2026)
[2026-10-05 22:15:52]      1  CTA = convocatoriasdetrabajo.com sustituido por URL oficial de la publicacion (https://www.sis.gob.pe/archivos/cas/2026/BASES_CAS_109_2026.pdf)
[2026-10-05 22:15:52]      1  CTA = convocatoriasdetrabajo.com sustituido por URL oficial de la publicacion (https://www.gob.pe/institucion/mimp/informes-publicaciones/8622518-convocatoria-cas-n-158-2026)
[2026-10-05 22:15:52]      1  CTA = convocatoriasdetrabajo.com sustituido por URL oficial de la publicacion (https://www.sis.gob.pe/archivos/cas/2026/BASES_CAS_127_2026.pdf)
[2026-10-05 22:15:52]      1  CTA = convocatoriasdetrabajo.com sustituido por URL oficial de la publicacion (https://aplicativo.pj.gob.pe/repositoriopsep/15011_AnuncioConvocatoria.pdf)
[2026-10-05 22:15:52]      1  CTA = convocatoriasdetrabajo.com sustituido por URL oficial de la publicacion (https://api-convocatoria-public.sucamec.gob.pe/api/public/resource/get-convocatoria-bases?year=2026&file=B70902B9CCE64499B4C723E1590CCAD2.pdf)
[2026-10-05 22:15:52]      1  CTA = convocatoriasdetrabajo.com sustituido por URL oficial de la publicacion (https://www.gob.pe/institucion/mimp/informes-publicaciones/8622466-convocatoria-cas-n-133-2026)
[2026-10-05 22:15:52]      1  CTA = convocatoriasdetrabajo.com sustituido por URL oficial de la publicacion (https://plataformamincu.cultura.gob.pe/POST_CAST/DocumentoPublicacion/2026/PUB_6076_20260601110840.pdf)
[2026-10-05 22:15:52]      1  CTA = convocatoriasdetrabajo.com sustituido por URL oficial de la publicacion (https://www.gob.pe/institucion/mimp/informes-publicaciones/8622517-convocatoria-cas-n-157-2026)
[2026-10-05 22:15:52]      1  CTA = convocatoriasdetrabajo.com sustituido por URL oficial de la publicacion (https://www.gob.pe/institucion/mimp/informes-publicaciones/8622520-convocatoria-cas-n-160-2026)
[2026-10-05 22:15:52]      1  CTA = convocatoriasdetrabajo.com sustituido por URL oficial de la publicacion (https://aplicativo.pj.gob.pe/repositoriopsep/15020_AnuncioConvocatoria.pdf)
[2026-10-05 22:15:52]      1  CTA = convocatoriasdetrabajo.com sustituido por URL oficial de la publicacion (https://www.gob.pe/institucion/pae/informes-publicaciones/8637359-convocatoria-cas-n-72-2026-pae)
[2026-10-05 22:15:52]      1  CTA = convocatoriasdetrabajo.com sustituido por URL oficial de la publicacion (https://www.defensoria.gob.pe/modules/Downloads/transparencia/2026/convoca/CONVOCATORIA-CAS-192-2026-DP.pdf)
[2026-10-05 22:15:52]      1  CTA = convocatoriasdetrabajo.com sustituido por URL oficial de la publicacion (https://munisurquillo.gob.pe/cas/UPLOADS/REQUISITOS_00133_2026_MDS.PDF)
[2026-10-05 22:15:52]      1  CTA = convocatoriasdetrabajo.com sustituido por URL oficial de la publicacion (https://www.gob.pe/institucion/mimp/informes-publicaciones/8622462-convocatoria-cas-n-130-2026)
[2026-10-05 22:15:52]      1  CTA = convocatoriasdetrabajo.com sustituido por URL oficial de la publicacion (https://plataformamincu.cultura.gob.pe/POST_CAST/DocumentoPublicacion/2026/PUB_6072_20260601110733.pdf)
[2026-10-05 22:15:52]      1  CTA = convocatoriasdetrabajo.com sustituido por URL oficial de la publicacion (https://www2.sutran.gob.pe/portal/images/convocatoriascas/CAS_239-2026_-_BASES_-_JEFE_DE_UD_MOQUEGUA_-_GAT.pdf)
[2026-10-05 22:15:52]      1  CTA = convocatoriasdetrabajo.com sustituido por URL oficial de la publicacion (https://pad2.minem.gob.pe/ConvocaMinem_Portal/Laserfiche/Descargar?token=Q2ZESjhHRmxpUGtjaUhGS2h4eVNOTWNncnh4Y09FS2FINktRYnNfX1FJbFp4UE56Qlk4TEJhaFhGQXFhVjdiRU9rWHRTQnFuMnlNQ05VWGU4ZHFqaVRGWGxaMW1kTU1ZRXh5d0JLZXpwTjhONURKYWRzSDVOU3IyMXgtRnFLd3ljNzRFMmNBSHJvSTFLSUEydWlRV3BiM3dQUzQ)
[2026-10-05 22:15:52]      1  CTA = convocatoriasdetrabajo.com sustituido por URL oficial de la publicacion (https://www.gob.pe/institucion/mimp/informes-publicaciones/8622071-convocatoria-cas-n-095-2026)
[2026-10-05 22:15:52]      1  CTA = convocatoriasdetrabajo.com sustituido por URL oficial de la publicacion (https://munisurquillo.gob.pe/cas/UPLOADS/REQUISITOS_00135_2026_MDS.PDF)
[2026-10-05 22:15:52]      1  CTA = convocatoriasdetrabajo.com sustituido por URL oficial de la publicacion (https://www.gob.pe/institucion/mimp/informes-publicaciones/8622507-convocatoria-cas-n-149-2026)
[2026-10-05 22:15:52]      1  CTA = convocatoriasdetrabajo.com sustituido por URL oficial de la publicacion (https://www.gob.pe/institucion/pae/informes-publicaciones/8655238-convocatoria-cas-n-114-2026-pae)
[2026-10-05 22:15:52]      1  CTA = convocatoriasdetrabajo.com sustituido por URL oficial de la publicacion (https://www.gob.pe/institucion/mimp/informes-publicaciones/8622496-convocatoria-cas-n-146-2026)
[2026-10-05 22:15:52]      1  CTA = convocatoriasdetrabajo.com sustituido por URL oficial de la publicacion (https://www.gob.pe/institucion/mimp/informes-publicaciones/8622521-convocatoria-cas-n-161-2026)
[2026-10-05 22:15:52]      1  CTA = convocatoriasdetrabajo.com sustituido por URL oficial de la publicacion (https://plataformamincu.cultura.gob.pe/POST_CAST/DocumentoPublicacion/2026/PUB_6071_20260601110716.pdf)
[2026-10-05 22:15:52]      1  CTA = convocatoriasdetrabajo.com sustituido por URL oficial de la publicacion (https://www.gob.pe/institucion/pae/informes-publicaciones/8637381-convocatoria-cas-n-73-2026-pae)
[2026-10-05 22:15:52]      1  CTA = convocatoriasdetrabajo.com sustituido por URL oficial de la publicacion (https://www.defensoria.gob.pe/modules/Downloads/transparencia/2026/convoca/CONVOCATORIA-CAS-195-2026-DP.pdf)
[2026-10-05 22:15:52]      1  CTA = convocatoriasdetrabajo.com sustituido por URL oficial de la publicacion (https://www.defensoria.gob.pe/modules/Downloads/transparencia/2026/convoca/CONVOCATORIA-CAS-196-2026-DP--.pdf)
[2026-10-05 22:15:52]      1  CTA = convocatoriasdetrabajo.com sustituido por URL oficial de la publicacion (https://www.gob.pe/institucion/mimp/informes-publicaciones/8622494-convocatoria-cas-n-145-2026)
[2026-10-05 22:15:52]      1  CTA = convocatoriasdetrabajo.com sustituido por URL oficial de la publicacion (https://plataformamincu.cultura.gob.pe/POST_CAST/DocumentoPublicacion/2026/PUB_6074_20260601110804.pdf)
[2026-10-05 22:15:52]      1  CTA = convocatoriasdetrabajo.com sustituido por URL oficial de la publicacion (http://extranet.cunamas.gob.pe/web/content/hr.job/7873/attach_base/PROCESO%20CAS%20N%C2%B0%20339-%202026-MIDIS-PNCM.pdf?download=true)
[2026-10-05 22:15:52]      1  CTA = convocatoriasdetrabajo.com sustituido por URL oficial de la publicacion (https://www.gob.pe/institucion/mimp/informes-publicaciones/8622487-convocatoria-cas-n-141-2026)
[2026-10-05 22:15:52]      1  CTA = convocatoriasdetrabajo.com sustituido por URL oficial de la publicacion (https://api-convocatoria-public.sucamec.gob.pe/api/public/resource/get-convocatoria-bases?year=2026&file=E8A06CA58A904CC4ACB43BD3F2310883.pdf)
[2026-10-05 22:15:52]      1  CTA = convocatoriasdetrabajo.com sustituido por URL oficial de la publicacion (https://pad2.minem.gob.pe/ConvocaMinem_Portal/Laserfiche/Descargar?token=Q2ZESjhHRmxpUGtjaUhGS2h4eVNOTWNncnh5ZHk5eV91T0dKUVViNGRSN3FkdU9CSDk3N2JudmFGQVRzamlRSXpyWW9qYzQ5VHNOQjd1cWNNUjhlZ2Z1enk3amhlQk55Vmc1RE1QZkY4LW5lOGw0Z0RfckloLVhjTC0yR0JyemNzTkVRTWZWOWpJSG1RbndNdG4wYjZZdEpfLVU)
[2026-10-05 22:15:52]      1  CTA = convocatoriasdetrabajo.com sustituido por URL oficial de la publicacion (https://www.gob.pe/institucion/mimp/informes-publicaciones/8621947-convocatoria-cas-n-083-2026)
[2026-10-05 22:15:52]      1  CTA = convocatoriasdetrabajo.com sustituido por URL oficial de la publicacion (https://www.sis.gob.pe/archivos/cas/2026/BASES_CAS_159_2026.pdf)
[2026-10-05 22:15:52]      1  CTA = convocatoriasdetrabajo.com sustituido por URL oficial de la publicacion (https://api-convocatoria-public.sucamec.gob.pe/api/public/resource/get-convocatoria-bases?year=2026&file=C8B92AD2170948E2A23E12C2F687440E.pdf)
[2026-10-05 22:15:52]      1  CTA = convocatoriasdetrabajo.com sustituido por URL oficial de la publicacion (https://www.gob.pe/institucion/mimp/informes-publicaciones/8622461-convocatoria-cas-n-129-2026)
[2026-10-05 22:15:52]      1  CTA = convocatoriasdetrabajo.com sustituido por URL oficial de la publicacion (https://www.sis.gob.pe/archivos/cas/2026/BASES_CAS_147_2026.pdf)
[2026-10-05 22:15:53]   clasificacion -> C:\Users\Dell G3 Gaming\Documents\Default Project\datos\publicados\clasificacion-lote-20261005.jsonl
[2026-10-05 22:15:53] 
[2026-10-05 22:15:53] SOLO ANALIZAR: no se modifico ninguna cola.
[2026-10-05 23:00:53] 
[2026-10-05 23:00:53] === PREPARAR CORRECCIONES (20261005) ===
[2026-10-05 23:00:53]   leyendo feed publico (solo lectura)...
[2026-10-05 23:00:54]   posts leidos: 2751  (0.9 s)
[2026-10-05 23:01:05] 
[2026-10-05 23:01:05] --- CLASIFICACION (A reconstruible / B valida / C excluida) ---
[2026-10-05 23:01:05]   A: 2436
[2026-10-05 23:01:05]   B: 111
[2026-10-05 23:01:05]   C: 204
[2026-10-05 23:01:05] --- ACCIONES propuestas ---
[2026-10-05 23:01:05]   CORREGIR: 2436
[2026-10-05 23:01:05]   RETIRAR: 204
[2026-10-05 23:01:05] --- motivos ---
[2026-10-05 23:01:06]    131  el boton POSTULA apunta a convocatoriasdetrabajo.com y la publicacion no contiene URL oficial verificable
[2026-10-05 23:01:06]     88  salario: 'A convenir' -> No especificado (sin monto verificable) ; campo Salario: 'A convenir' -> 'No especificado'
[2026-10-05 23:01:06]     70  salario: valor no numerico ('S/ .') ; campo Salario: 'S/ .' -> 'No especificado'
[2026-10-05 23:01:06]     49  salario: salario 'S/ 1130' -> 'S/ 1130' ; frase de descripcion: 'remuneracion de S/ 1130' -> 'remuneracion de S/ 1130'
[2026-10-05 23:01:06]     47  sin enlace de postulacion y sin URL oficial en la publicacion
[2026-10-05 23:01:06]     44  salario: salario 'S/ 4,000.00' -> 'S/ 4,000.00' ; frase de descripcion: 'remuneracion de S/ 4,000.00' -> 'remuneracion de S/ 4,000.00'
[2026-10-05 23:01:06]     39  salario: valor no verificable ('3') ; campo Salario: 'S/ 3' -> 'No especificado' ; frase de descripcion: 'remuneracion de S/ 3' -> 'remuneracion no especificada'
[2026-10-05 23:01:06]     38  salario: salario 'S/ 4,364.19' -> 'S/ 4,364.19' ; frase de descripcion: 'remuneracion de S/ 4,364.19' -> 'remuneracion de S/ 4,364.19'
[2026-10-05 23:01:06]     35  salario: salario 'S/ 3,564.19' -> 'S/ 3,564.19' ; frase de descripcion: 'remuneracion de S/ 3,564.19' -> 'remuneracion de S/ 3,564.19'
[2026-10-05 23:01:06]     34  salario: salario 'S/ 3,064.19' -> 'S/ 3,064.19' ; frase de descripcion: 'remuneracion de S/ 3,064.19' -> 'remuneracion de S/ 3,064.19'
[2026-10-05 23:01:06]     32  salario: salario 'S/ 9,000.00' -> 'S/ 9,000.00' ; frase de descripcion: 'remuneracion de S/ 9,000.00' -> 'remuneracion de S/ 9,000.00'
[2026-10-05 23:01:06]     31  salario: valor no verificable ('4') ; campo Salario: 'S/ 4' -> 'No especificado' ; frase de descripcion: 'remuneracion de S/ 4' -> 'remuneracion no especificada'
[2026-10-05 23:01:06]     31  salario: salario 'S/ 5,000.00' -> 'S/ 5,000.00' ; frase de descripcion: 'remuneracion de S/ 5,000.00' -> 'remuneracion de S/ 5,000.00'
[2026-10-05 23:01:06]     30  salario: salario 'S/ 6,000.00' -> 'S/ 6,000.00' ; frase de descripcion: 'remuneracion de S/ 6,000.00' -> 'remuneracion de S/ 6,000.00'
[2026-10-05 23:01:06]     27  salario: salario 'S/ 2,500.00' -> 'S/ 2,500.00' ; frase de descripcion: 'remuneracion de S/ 2,500.00' -> 'remuneracion de S/ 2,500.00'
[2026-10-05 23:01:06]     26  salario: salario 'S/ 1356' -> 'S/ 1356' ; frase de descripcion: 'remuneracion de S/ 1356' -> 'remuneracion de S/ 1356'
[2026-10-05 23:01:06]     26  salario: salario 'S/ 3,000.00' -> 'S/ 3,000.00' ; frase de descripcion: 'remuneracion de S/ 3,000.00' -> 'remuneracion de S/ 3,000.00'
[2026-10-05 23:01:06]     25  salario: salario 'S/ 320' -> 'S/ 320' ; frase de descripcion: 'remuneracion de S/ 320' -> 'remuneracion de S/ 320'
[2026-10-05 23:01:06]     25  salario: salario 'S/ 240' -> 'S/ 240' ; frase de descripcion: 'remuneracion de S/ 240' -> 'remuneracion de S/ 240'
[2026-10-05 23:01:06]     24  salario: salario 'S/ 1200' -> 'S/ 1200' ; frase de descripcion: 'remuneracion de S/ 1200' -> 'remuneracion de S/ 1200'
[2026-10-05 23:01:06]     23  salario: salario 'S/ 2,972.00' -> 'S/ 2,972.00' ; frase de descripcion: 'remuneracion de S/ 2,972.00' -> 'remuneracion de S/ 2,972.00'
[2026-10-05 23:01:06]     22  salario: salario 'S/ 7,000.00' -> 'S/ 7,000.00' ; frase de descripcion: 'remuneracion de S/ 7,000.00' -> 'remuneracion de S/ 7,000.00'
[2026-10-05 23:01:06]     22  salario: salario 'S/ 6,620.00' -> 'S/ 6,620.00' ; frase de descripcion: 'remuneracion de S/ 6,620.00' -> 'remuneracion de S/ 6,620.00'
[2026-10-05 23:01:06]     22  salario: valor no verificable ('2') ; campo Salario: 'S/ 2' -> 'No especificado' ; frase de descripcion: 'remuneracion de S/ 2' -> 'remuneracion no especificada'
[2026-10-05 23:01:06]     22  salario: salario 'S/ 8,548.19' -> 'S/ 8,548.19' ; frase de descripcion: 'remuneracion de S/ 8,548.19' -> 'remuneracion de S/ 8,548.19'
[2026-10-05 23:01:06]     21  salario: valor no verificable ('3479.00') ; campo Salario: 'S/ 3479.00' -> 'No especificado' ; frase de descripcion: 'remuneracion de S/ 3479.00' -> 'remuneracion no especificada'
[2026-10-05 23:01:06]     21  salario: salario 'S/ 3,187.30' -> 'S/ 3,187.30' ; frase de descripcion: 'remuneracion de S/ 3,187.30' -> 'remuneracion de S/ 3,187.30'
[2026-10-05 23:01:06]     21  salario: salario 'S/ 2,164.19' -> 'S/ 2,164.19' ; frase de descripcion: 'remuneracion de S/ 2,164.19' -> 'remuneracion de S/ 2,164.19'
[2026-10-05 23:01:06]     21  salario: salario 'S/ 5,670.00' -> 'S/ 5,670.00' ; frase de descripcion: 'remuneracion de S/ 5,670.00' -> 'remuneracion de S/ 5,670.00'
[2026-10-05 23:01:06]     20  salario: salario 'S/ 8,000.00' -> 'S/ 8,000.00' ; frase de descripcion: 'remuneracion de S/ 8,000.00' -> 'remuneracion de S/ 8,000.00'
[2026-10-05 23:01:06]     20  salario: salario 'S/ 10,000.00' -> 'S/ 10,000.00' ; frase de descripcion: 'remuneracion de S/ 10,000.00' -> 'remuneracion de S/ 10,000.00'
[2026-10-05 23:01:06]     20  salario: salario 'S/ 3,500.00' -> 'S/ 3,500.00' ; frase de descripcion: 'remuneracion de S/ 3,500.00' -> 'remuneracion de S/ 3,500.00'
[2026-10-05 23:01:06]     18  enlace placeholder reparado con la URL oficial de la publicacion (https://site.hsr.gob.pe/wp-content/uploads/2026/09/BASES-.pdf)
[2026-10-05 23:01:06]     18  salario: salario 'S/ 4,500.00' -> 'S/ 4,500.00' ; frase de descripcion: 'remuneracion de S/ 4,500.00' -> 'remuneracion de S/ 4,500.00'
[2026-10-05 23:01:06]     17  salario: salario 'S/ 3,664.19' -> 'S/ 3,664.19' ; frase de descripcion: 'remuneracion de S/ 3,664.19' -> 'remuneracion de S/ 3,664.19'
[2026-10-05 23:01:06]     16  salario: salario 'S/ 10000.' -> 'S/ 10000' ; campo Salario: 'S/ 10000.' -> 'S/ 10000' ; frase de descripcion: 'remuneracion de S/ 10000.' -> 'remuneracion de S/ 10000'
[2026-10-05 23:01:06]     16  salario: salario 'S/ 3,264.19' -> 'S/ 3,264.19' ; frase de descripcion: 'remuneracion de S/ 3,264.19' -> 'remuneracion de S/ 3,264.19'
[2026-10-05 23:01:06]     15  salario: valor no verificable ('9364.19') ; campo Salario: 'S/ 9364.19' -> 'No especificado' ; frase de descripcion: 'remuneracion de S/ 9364.19' -> 'remuneracion no especificada'
[2026-10-05 23:01:06]     15  salario: salario 'S/ 2,864.19' -> 'S/ 2,864.19' ; frase de descripcion: 'remuneracion de S/ 2,864.19' -> 'remuneracion de S/ 2,864.19'
[2026-10-05 23:01:06]     14  salario: salario 'S/ 2,364.19' -> 'S/ 2,364.19' ; frase de descripcion: 'remuneracion de S/ 2,364.19' -> 'remuneracion de S/ 2,364.19'
[2026-10-05 23:01:06]     14  salario: salario 'S/ 2,797.40' -> 'S/ 2,797.40' ; frase de descripcion: 'remuneracion de S/ 2,797.40' -> 'remuneracion de S/ 2,797.40'
[2026-10-05 23:01:06]     14  salario: valor no verificable ('3663.00') ; campo Salario: 'S/ 3663.00' -> 'No especificado' ; frase de descripcion: 'remuneracion de S/ 3663.00' -> 'remuneracion no especificada'
[2026-10-05 23:01:06]     14  salario: salario 'S/ 4,864.19' -> 'S/ 4,864.19' ; frase de descripcion: 'remuneracion de S/ 4,864.19' -> 'remuneracion de S/ 4,864.19'
[2026-10-05 23:01:06]     13  salario: salario 'S/ 5,660.00' -> 'S/ 5,660.00' ; frase de descripcion: 'remuneracion de S/ 5,660.00' -> 'remuneracion de S/ 5,660.00'
[2026-10-05 23:01:06]     13  salario: valor no verificable ('4864.19') ; campo Salario: 'S/ 4864.19' -> 'No especificado' ; frase de descripcion: 'remuneracion de S/ 4864.19' -> 'remuneracion no especificada'
[2026-10-05 23:01:06]     13  salario: valor no verificable ('1800.00') ; campo Salario: 'S/ 1800.00' -> 'No especificado' ; frase de descripcion: 'remuneracion de S/ 1800.00' -> 'remuneracion no especificada'
[2026-10-05 23:01:06]     12  salario: salario 'S/ 2,572.00' -> 'S/ 2,572.00' ; frase de descripcion: 'remuneracion de S/ 2,572.00' -> 'remuneracion de S/ 2,572.00'
[2026-10-05 23:01:06]     12  salario: salario 'S/ 6,500.00' -> 'S/ 6,500.00' ; frase de descripcion: 'remuneracion de S/ 6,500.00' -> 'remuneracion de S/ 6,500.00'
[2026-10-05 23:01:06]     12  salario: valor no verificable ('3864.19') ; campo Salario: 'S/ 3864.19' -> 'No especificado' ; frase de descripcion: 'remuneracion de S/ 3864.19' -> 'remuneracion no especificada'
[2026-10-05 23:01:06]     12  salario: salario 'S/ 1,130.00' -> 'S/ 1,130.00'
[2026-10-05 23:01:06]     11  salario: salario 'S/ 1,300.00' -> 'S/ 1,300.00' ; frase de descripcion: 'remuneracion de S/ 1,300.00' -> 'remuneracion de S/ 1,300.00'
[2026-10-05 23:01:06]     11  salario: salario 'S/ 3,164.19' -> 'S/ 3,164.19' ; frase de descripcion: 'remuneracion de S/ 3,164.19' -> 'remuneracion de S/ 3,164.19'
[2026-10-05 23:01:06]     11  salario: salario 'S/ 5,342.40' -> 'S/ 5,342.40' ; frase de descripcion: 'remuneracion de S/ 5,342.40' -> 'remuneracion de S/ 5,342.40'
[2026-10-05 23:01:06]     11  salario: valor no verificable ('2164.19') ; campo Salario: 'S/ 2164.19' -> 'No especificado' ; frase de descripcion: 'remuneracion de S/ 2164.19' -> 'remuneracion no especificada'
[2026-10-05 23:01:06]     10  salario: salario 'S/ 12,000.00' -> 'S/ 12,000.00' ; frase de descripcion: 'remuneracion de S/ 12,000.00' -> 'remuneracion de S/ 12,000.00'
[2026-10-05 23:01:06]     10  salario: valor no verificable ('3000.00') ; campo Salario: 'S/ 3000.00' -> 'No especificado' ; frase de descripcion: 'remuneracion de S/ 3000.00' -> 'remuneracion no especificada'
[2026-10-05 23:01:06]     10  salario: valor no verificable ('2364.19') ; campo Salario: 'S/ 2364.19' -> 'No especificado' ; frase de descripcion: 'remuneracion de S/ 2364.19' -> 'remuneracion no especificada'
[2026-10-05 23:01:06]     10  salario: salario 'S/ 3,364.19' -> 'S/ 3,364.19' ; frase de descripcion: 'remuneracion de S/ 3,364.19' -> 'remuneracion de S/ 3,364.19'
[2026-10-05 23:01:06]     10  salario: salario 'S/ 3,864.19' -> 'S/ 3,864.19' ; frase de descripcion: 'remuneracion de S/ 3,864.19' -> 'remuneracion de S/ 3,864.19'
[2026-10-05 23:01:06]     10  salario: salario 'S/ 3,100.00' -> 'S/ 3,100.00' ; frase de descripcion: 'remuneracion de S/ 3,100.00' -> 'remuneracion de S/ 3,100.00'
[2026-10-05 23:01:06]     10  salario: valor no verificable ('3364.19') ; campo Salario: 'S/ 3364.19' -> 'No especificado' ; frase de descripcion: 'remuneracion de S/ 3364.19' -> 'remuneracion no especificada'
[2026-10-05 23:01:06]     10  salario: valor no verificable ('2864.19') ; campo Salario: 'S/ 2864.19' -> 'No especificado' ; frase de descripcion: 'remuneracion de S/ 2864.19' -> 'remuneracion no especificada'
[2026-10-05 23:01:06]      9  salario: salario 'S/ 5,364.19' -> 'S/ 5,364.19' ; frase de descripcion: 'remuneracion de S/ 5,364.19' -> 'remuneracion de S/ 5,364.19'
[2026-10-05 23:01:06]      9  salario: salario 'S/ 6,666.40' -> 'S/ 6,666.40' ; frase de descripcion: 'remuneracion de S/ 6,666.40' -> 'remuneracion de S/ 6,666.40'
[2026-10-05 23:01:06]      9  salario: salario 'S/ 3,274.30' -> 'S/ 3,274.30' ; frase de descripcion: 'remuneracion de S/ 3,274.30' -> 'remuneracion de S/ 3,274.30'
[2026-10-05 23:01:06]      9  salario: salario 'S/ 9,364.19' -> 'S/ 9,364.19' ; frase de descripcion: 'remuneracion de S/ 9,364.19' -> 'remuneracion de S/ 9,364.19'
[2026-10-05 23:01:06]      9  salario: valor no verificable ('2500.00') ; campo Salario: 'S/ 2500.00' -> 'No especificado' ; frase de descripcion: 'remuneracion de S/ 2500.00' -> 'remuneracion no especificada'
[2026-10-05 23:01:06]      9  salario: salario 'S/ 10000' -> 'S/ 10000' ; frase de descripcion: 'remuneracion de S/ 10000' -> 'remuneracion de S/ 10000'
[2026-10-05 23:01:06]      9  salario: salario 'S/ 2,800.00' -> 'S/ 2,800.00' ; frase de descripcion: 'remuneracion de S/ 2,800.00' -> 'remuneracion de S/ 2,800.00'
[2026-10-05 23:01:06]      9  salario: salario 'S/ 1435' -> 'S/ 1435' ; frase de descripcion: 'remuneracion de S/ 1435' -> 'remuneracion de S/ 1435'
[2026-10-05 23:01:06]      8  salario: salario 'S/ 4,750.00' -> 'S/ 4,750.00' ; frase de descripcion: 'remuneracion de S/ 4,750.00' -> 'remuneracion de S/ 4,750.00'
[2026-10-05 23:01:06]      8  salario: salario 'S/ 9,500.00' -> 'S/ 9,500.00' ; frase de descripcion: 'remuneracion de S/ 9,500.00' -> 'remuneracion de S/ 9,500.00'
[2026-10-05 23:01:06]      8  salario: salario 'S/ 3,122.30' -> 'S/ 3,122.30' ; frase de descripcion: 'remuneracion de S/ 3,122.30' -> 'remuneracion de S/ 3,122.30'
[2026-10-05 23:01:06]      8  salario: salario 'S/ 1,800.00' -> 'S/ 1,800.00' ; frase de descripcion: 'remuneracion de S/ 1,800.00' -> 'remuneracion de S/ 1,800.00'
[2026-10-05 23:01:06]      8  enlace placeholder reparado con la CTA utilizable de la publicacion (https://www.untels.edu.pe/FTP/2026.09.29.0036_BASES%20CAS%2001-2026-UNTELS-%20TRANSITORIO.pdf)
[2026-10-05 23:01:06]      8  salario: valor no verificable ('3500.00') ; campo Salario: 'S/ 3500.00' -> 'No especificado' ; frase de descripcion: 'remuneracion de S/ 3500.00' -> 'remuneracion no especificada'
[2026-10-05 23:01:06]      8  enlace placeholder reparado con la CTA utilizable de la publicacion (https://docs.google.com/document/d/1anAgWvVgk-rnnnZxumumY7UGXOWIh31_/edit)
[2026-10-05 23:01:06]      8  salario: valor no verificable ('8204.19') ; campo Salario: 'S/ 8204.19' -> 'No especificado' ; frase de descripcion: 'remuneracion de S/ 8204.19' -> 'remuneracion no especificada'
[2026-10-05 23:01:06]      8  salario: valor no verificable ('6') ; campo Salario: 'S/ 6' -> 'No especificado' ; frase de descripcion: 'remuneracion de S/ 6' -> 'remuneracion no especificada'
[2026-10-05 23:01:06]      8  salario: salario 'S/ 1,700.00' -> 'S/ 1,700.00' ; frase de descripcion: 'remuneracion de S/ 1,700.00' -> 'remuneracion de S/ 1,700.00'
[2026-10-05 23:01:06]      8  salario: salario 'S/ 5,864.19' -> 'S/ 5,864.19' ; frase de descripcion: 'remuneracion de S/ 5,864.19' -> 'remuneracion de S/ 5,864.19'
[2026-10-05 23:01:06]      7  salario: salario 'S/ 8,500.00' -> 'S/ 8,500.00' ; frase de descripcion: 'remuneracion de S/ 8,500.00' -> 'remuneracion de S/ 8,500.00'
[2026-10-05 23:01:06]      7  salario: valor no verificable ('3264.19') ; campo Salario: 'S/ 3264.19' -> 'No especificado' ; frase de descripcion: 'remuneracion de S/ 3264.19' -> 'remuneracion no especificada'
[2026-10-05 23:01:06]      7  salario: salario 'S/ 6,935.81' -> 'S/ 6,935.81' ; frase de descripcion: 'remuneracion de S/ 6,935.81' -> 'remuneracion de S/ 6,935.81'
[2026-10-05 23:01:06]      7  salario: salario 'S/ 7,880.00' -> 'S/ 7,880.00' ; frase de descripcion: 'remuneracion de S/ 7,880.00' -> 'remuneracion de S/ 7,880.00'
[2026-10-05 23:01:06]      7  salario: salario 'S/ 2,000.00' -> 'S/ 2,000.00' ; frase de descripcion: 'remuneracion de S/ 2,000.00' -> 'remuneracion de S/ 2,000.00'
[2026-10-05 23:01:06]      7  enlace placeholder reparado con la URL oficial de la publicacion (https://hospitalquillabamba.gob.pe/wp-content/uploads/2026/09/PROCESO_276_004_2026_HQ_29092026.pdf)
[2026-10-05 23:01:06]      7  salario: salario 'S/ .2,755.00' -> 'S/ 2,755.00' ; campo Salario: 'S/ .2,755.00' -> 'S/ 2,755.00'
[2026-10-05 23:01:06]      7  salario: salario 'S/ 3,374' -> 'S/ 3,374' ; frase de descripcion: 'remuneracion de S/ 3,374' -> 'remuneracion de S/ 3,374'
[2026-10-05 23:01:06]      7  salario: valor no verificable ('3113.00') ; campo Salario: 'S/ 3113.00' -> 'No especificado' ; frase de descripcion: 'remuneracion de S/ 3113.00' -> 'remuneracion no especificada'
[2026-10-05 23:01:06]      7  salario: valor no verificable ('5') ; campo Salario: 'S/ 5' -> 'No especificado' ; frase de descripcion: 'remuneracion de S/ 5' -> 'remuneracion no especificada'
[2026-10-05 23:01:06]      7  salario: salario 'S/ 1,494.19' -> 'S/ 1,494.19' ; frase de descripcion: 'remuneracion de S/ 1,494.19' -> 'remuneracion de S/ 1,494.19'
[2026-10-05 23:01:06]      6  salario: salario 'S/ 5,564.19' -> 'S/ 5,564.19' ; frase de descripcion: 'remuneracion de S/ 5,564.19' -> 'remuneracion de S/ 5,564.19'
[2026-10-05 23:01:06]      6  salario: salario 'S/ 6,624.00' -> 'S/ 6,624.00' ; frase de descripcion: 'remuneracion de S/ 6,624.00' -> 'remuneracion de S/ 6,624.00'
[2026-10-05 23:01:06]      6  salario: valor no verificable ('4364.19') ; campo Salario: 'S/ 4364.19' -> 'No especificado' ; frase de descripcion: 'remuneracion de S/ 4364.19' -> 'remuneracion no especificada'
[2026-10-05 23:01:06]      6  salario: salario 'S/ 11,000.00' -> 'S/ 11,000.00' ; frase de descripcion: 'remuneracion de S/ 11,000.00' -> 'remuneracion de S/ 11,000.00'
[2026-10-05 23:01:06]      6  salario: salario 'S/ 1,950.00' -> 'S/ 1,950.00' ; frase de descripcion: 'remuneracion de S/ 1,950.00' -> 'remuneracion de S/ 1,950.00'
[2026-10-05 23:01:06]      6  salario: salario 'S/ 3,430' -> 'S/ 3,430' ; frase de descripcion: 'remuneracion de S/ 3,430' -> 'remuneracion de S/ 3,430'
[2026-10-05 23:01:06]      6  salario: salario 'S/ 4,564.19' -> 'S/ 4,564.19' ; frase de descripcion: 'remuneracion de S/ 4,564.19' -> 'remuneracion de S/ 4,564.19'
[2026-10-05 23:01:06]      6  salario: salario 'S/ 5000' -> 'S/ 5000' ; frase de descripcion: 'remuneracion de S/ 5000' -> 'remuneracion de S/ 5000'
[2026-10-05 23:01:06]      6  salario: salario 'S/ 5,300.00' -> 'S/ 5,300.00' ; frase de descripcion: 'remuneracion de S/ 5,300.00' -> 'remuneracion de S/ 5,300.00'
[2026-10-05 23:01:06]      6  salario: salario 'S/ 1,442.00' -> 'S/ 1,442.00' ; frase de descripcion: 'remuneracion de S/ 1,442.00' -> 'remuneracion de S/ 1,442.00'
[2026-10-05 23:01:06]      6  salario: salario 'S/ 5,500.00' -> 'S/ 5,500.00' ; frase de descripcion: 'remuneracion de S/ 5,500.00' -> 'remuneracion de S/ 5,500.00'
[2026-10-05 23:01:06]      6  enlace placeholder reparado con la URL oficial de la publicacion (https://convocatoria.vivienda.gob.pe/SIS_RRHH/externo/convocatorias/Inicio)
[2026-10-05 23:01:06]      5  enlace placeholder reparado con la URL oficial de la publicacion (https://www.hospitalmoquegua.gob.pe/portal/index.php/convocatorias/mnu-cas)
[2026-10-05 23:01:06]      5  salario: salario 'S/ .1,500.00' -> 'S/ 1,500.00' ; campo Salario: 'S/ .1,500.00' -> 'S/ 1,500.00'
[2026-10-05 23:01:06]      5  salario: valor no verificable ('1864.19') ; campo Salario: 'S/ 1864.19' -> 'No especificado' ; frase de descripcion: 'remuneracion de S/ 1864.19' -> 'remuneracion no especificada'
[2026-10-05 23:01:06]      5  salario: salario 'S/ .2,700.00' -> 'S/ 2,700.00' ; campo Salario: 'S/ .2,700.00' -> 'S/ 2,700.00'
[2026-10-05 23:01:06]      5  salario: salario 'S/ 3,250.00' -> 'S/ 3,250.00' ; frase de descripcion: 'remuneracion de S/ 3,250.00' -> 'remuneracion de S/ 3,250.00'
[2026-10-05 23:01:06]      5  salario: salario 'S/ 1,130.00 soles' -> 'S/ 1,130.00' ; campo Salario: 'S/ 1,130.00 soles' -> 'S/ 1,130.00'
[2026-10-05 23:01:06]      5  enlace placeholder reparado con la CTA utilizable de la publicacion (https://mpd.sedamhuancayo.com.pe:8181/mpd/inicio.do)
[2026-10-05 23:01:06]      5  salario: salario 'S/ 9000' -> 'S/ 9000' ; frase de descripcion: 'remuneracion de S/ 9000' -> 'remuneracion de S/ 9000'
[2026-10-05 23:01:06]      5  salario: salario 'S/ .4,000.00' -> 'S/ 4,000.00' ; campo Salario: 'S/ .4,000.00' -> 'S/ 4,000.00'
[2026-10-05 23:01:06]      5  salario: salario 'S/ 6,364.19' -> 'S/ 6,364.19' ; frase de descripcion: 'remuneracion de S/ 6,364.19' -> 'remuneracion de S/ 6,364.19'
[2026-10-05 23:01:06]      5  salario: valor no verificable ('8') ; campo Salario: 'S/ 8' -> 'No especificado' ; frase de descripcion: 'remuneracion de S/ 8' -> 'remuneracion no especificada'
[2026-10-05 23:01:06]      5  salario: valor no verificable ('1564.19') ; campo Salario: 'S/ 1564.19' -> 'No especificado' ; frase de descripcion: 'remuneracion de S/ 1564.19' -> 'remuneracion no especificada'
[2026-10-05 23:01:06]      5  salario: salario 'S/ 1,864.19' -> 'S/ 1,864.19' ; frase de descripcion: 'remuneracion de S/ 1,864.19' -> 'remuneracion de S/ 1,864.19'
[2026-10-05 23:01:06]      5  salario: valor no verificable ('2800.00') ; campo Salario: 'S/ 2800.00' -> 'No especificado' ; frase de descripcion: 'remuneracion de S/ 2800.00' -> 'remuneracion no especificada'
[2026-10-05 23:01:06]      5  salario: salario 'S/ 1,500.00' -> 'S/ 1,500.00' ; frase de descripcion: 'remuneracion de S/ 1,500.00' -> 'remuneracion de S/ 1,500.00'
[2026-10-05 23:01:06]      5  salario: valor no verificable ('1') ; campo Salario: 'S/ 1' -> 'No especificado' ; frase de descripcion: 'remuneracion de S/ 1' -> 'remuneracion no especificada'
[2026-10-05 23:01:06]      5  salario: valor no verificable ('5364.19') ; campo Salario: 'S/ 5364.19' -> 'No especificado' ; frase de descripcion: 'remuneracion de S/ 5364.19' -> 'remuneracion no especificada'
[2026-10-05 23:01:06]      5  salario: valor no verificable ('3296.00') ; campo Salario: 'S/ 3296.00' -> 'No especificado' ; frase de descripcion: 'remuneracion de S/ 3296.00' -> 'remuneracion no especificada'
[2026-10-05 23:01:06]      4  salario: salario 'S/ 2500' -> 'S/ 2500' ; frase de descripcion: 'remuneracion de S/ 2500' -> 'remuneracion de S/ 2500'
[2026-10-05 23:01:06]      4  salario: salario 'S/ 2,064.19' -> 'S/ 2,064.19' ; frase de descripcion: 'remuneracion de S/ 2,064.19' -> 'remuneracion de S/ 2,064.19'
[2026-10-05 23:01:06]      4  salario: salario 'S/ 10,364.19' -> 'S/ 10,364.19' ; frase de descripcion: 'remuneracion de S/ 10,364.19' -> 'remuneracion de S/ 10,364.19'
[2026-10-05 23:01:06]      4  salario: valor no numerico ('Remuneración acorde al mercado') ; campo Salario: 'Remuneración acorde al mercado' -> 'No especificado'
[2026-10-05 23:01:06]      4  salario: salario 'S/ 4,100.00' -> 'S/ 4,100.00' ; frase de descripcion: 'remuneracion de S/ 4,100.00' -> 'remuneracion de S/ 4,100.00'
[2026-10-05 23:01:06]      4  salario: valor no verificable ('5000.00') ; campo Salario: 'S/ 5000.00' -> 'No especificado' ; frase de descripcion: 'remuneracion de S/ 5000.00' -> 'remuneracion no especificada'
[2026-10-05 23:01:06]      4  salario: salario 'S/ 3,200.00' -> 'S/ 3,200.00' ; frase de descripcion: 'remuneracion de S/ 3,200.00' -> 'remuneracion de S/ 3,200.00'
[2026-10-05 23:01:06]      4  salario: salario 'S/ 1,356.00' -> 'S/ 1,356.00'
[2026-10-05 23:01:06]      4  salario: salario 'S/ 2,739.40' -> 'S/ 2,739.40' ; frase de descripcion: 'remuneracion de S/ 2,739.40' -> 'remuneracion de S/ 2,739.40'
[2026-10-05 23:01:06]      4  enlace placeholder reparado con la URL oficial de la publicacion (https://www.gob.pe/institucion/munisanramon/normas-legales/8635179-212-2026-gm-mdsr?fbclid=IwY2xjawUqeQdleHRuA2FlbQIxMABwZG9mAWJyaWQRMW56eFU3WDVCdzVrQW01aWFzcnRjBmFwcF9pZBAyMjIwMzkxNzg4MjAwODkyAAEeagY_WrcjsYHzbgbfX_4TsxCY5Mdfs0hZBeCG6lNkf-T7Sp6aZUFXy3dXWXs_aem_rN7JZT06JJuiheLITLiaDw)
[2026-10-05 23:01:06]      4  salario: salario 'S/ 12,000' -> 'S/ 12,000' ; frase de descripcion: 'remuneracion de S/ 12,000' -> 'remuneracion de S/ 12,000'
[2026-10-05 23:01:06]      4  salario: salario 'S/ 2,700.00' -> 'S/ 2,700.00' ; frase de descripcion: 'remuneracion de S/ 2,700.00' -> 'remuneracion de S/ 2,700.00'
[2026-10-05 23:01:06]      4  salario: salario 'S/ 7000' -> 'S/ 7000' ; frase de descripcion: 'remuneracion de S/ 7000' -> 'remuneracion de S/ 7000'
[2026-10-05 23:01:06]      4  salario: salario 'S/ 1,900.00' -> 'S/ 1,900.00' ; frase de descripcion: 'remuneracion de S/ 1,900.00' -> 'remuneracion de S/ 1,900.00'
[2026-10-05 23:01:06]      4  salario: salario 'S/ 8000' -> 'S/ 8000' ; frase de descripcion: 'remuneracion de S/ 8000' -> 'remuneracion de S/ 8000'
[2026-10-05 23:01:06]      4  salario: salario 'S/ 7,364.19' -> 'S/ 7,364.19' ; frase de descripcion: 'remuneracion de S/ 7,364.19' -> 'remuneracion de S/ 7,364.19'
[2026-10-05 23:01:06]      4  salario: valor no verificable ('2') ; campo Salario: 'S/ 2,' -> 'No especificado' ; frase de descripcion: 'remuneracion de S/ 2,' -> 'remuneracion no especificada'
[2026-10-05 23:01:06]      4  salario: valor no verificable ('6364.19') ; campo Salario: 'S/ 6364.19' -> 'No especificado' ; frase de descripcion: 'remuneracion de S/ 6364.19' -> 'remuneracion no especificada'
[2026-10-05 23:01:06]      4  salario: valor no verificable ('7') ; campo Salario: 'S/ 7' -> 'No especificado' ; frase de descripcion: 'remuneracion de S/ 7' -> 'remuneracion no especificada'
[2026-10-05 23:01:06]      4  salario: salario 'S/ 1,130.00' -> 'S/ 1,130.00' ; frase de descripcion: 'remuneracion de S/ 1,130.00.' -> 'remuneracion de S/ 1,130.00'
[2026-10-05 23:01:06]      4  salario: valor no verificable ('3164.19') ; campo Salario: 'S/ 3164.19' -> 'No especificado' ; frase de descripcion: 'remuneracion de S/ 3164.19' -> 'remuneracion no especificada'
[2026-10-05 23:01:06]      4  salario: salario 'S/ 12000' -> 'S/ 12000' ; frase de descripcion: 'remuneracion de S/ 12000' -> 'remuneracion de S/ 12000'
[2026-10-05 23:01:06]      4  salario: salario 'S/ 1395' -> 'S/ 1395' ; frase de descripcion: 'remuneracion de S/ 1395' -> 'remuneracion de S/ 1395'
[2026-10-05 23:01:06]      4  salario: salario 'S/ 6,010.00' -> 'S/ 6,010.00' ; frase de descripcion: 'remuneracion de S/ 6,010.00' -> 'remuneracion de S/ 6,010.00'
[2026-10-05 23:01:06]      4  salario: salario 'S/ 7,500.00' -> 'S/ 7,500.00' ; frase de descripcion: 'remuneracion de S/ 7,500.00' -> 'remuneracion de S/ 7,500.00'
[2026-10-05 23:01:06]      4  salario: valor no verificable ('5564.19') ; campo Salario: 'S/ 5564.19' -> 'No especificado' ; frase de descripcion: 'remuneracion de S/ 5564.19' -> 'remuneracion no especificada'
[2026-10-05 23:01:06]      4  salario: valor no verificable ('3200.00') ; campo Salario: 'S/ 3200.00' -> 'No especificado' ; frase de descripcion: 'remuneracion de S/ 3200.00' -> 'remuneracion no especificada'
[2026-10-05 23:01:06]      4  salario: salario 'S/ .1,200.00' -> 'S/ 1,200.00' ; campo Salario: 'S/ .1,200.00' -> 'S/ 1,200.00'
[2026-10-05 23:01:06]      4  salario: salario 'S/ .3,000.00' -> 'S/ 3,000.00' ; campo Salario: 'S/ .3,000.00' -> 'S/ 3,000.00'
[2026-10-05 23:01:06]      4  salario: salario 'S/ 7,664.19' -> 'S/ 7,664.19' ; frase de descripcion: 'remuneracion de S/ 7,664.19' -> 'remuneracion de S/ 7,664.19'
[2026-10-05 23:01:06]      4  salario: salario 'S/ 7,000' -> 'S/ 7,000' ; frase de descripcion: 'remuneracion de S/ 7,000' -> 'remuneracion de S/ 7,000'
[2026-10-05 23:01:06]      4  salario: salario 'S/ .5,300.00' -> 'S/ 5,300.00' ; campo Salario: 'S/ .5,300.00' -> 'S/ 5,300.00'
[2026-10-05 23:01:06]      4  salario: valor no verificable ('2900.00') ; campo Salario: 'S/ 2900.00' -> 'No especificado' ; frase de descripcion: 'remuneracion de S/ 2900.00' -> 'remuneracion no especificada'
[2026-10-05 23:01:06]      4  salario: salario 'S/ 2,300.00' -> 'S/ 2,300.00' ; frase de descripcion: 'remuneracion de S/ 2,300.00' -> 'remuneracion de S/ 2,300.00'
[2026-10-05 23:01:06]      3  salario: valor no verificable ('3700.00') ; campo Salario: 'S/ 3700.00' -> 'No especificado' ; frase de descripcion: 'remuneracion de S/ 3700.00' -> 'remuneracion no especificada'
[2026-10-05 23:01:06]      3  salario: salario 'S/ 1,395.00' -> 'S/ 1,395.00'
[2026-10-05 23:01:06]      3  salario: valor no verificable ('3846.00') ; campo Salario: 'S/ 3846.00' -> 'No especificado' ; frase de descripcion: 'remuneracion de S/ 3846.00' -> 'remuneracion no especificada'
[2026-10-05 23:01:06]      3  salario: salario 'S/ 1,514.19' -> 'S/ 1,514.19' ; frase de descripcion: 'remuneracion de S/ 1,514.19' -> 'remuneracion de S/ 1,514.19'
[2026-10-05 23:01:06]      3  salario: valor no verificable ('1514.19') ; campo Salario: 'S/ 1514.19' -> 'No especificado' ; frase de descripcion: 'remuneracion de S/ 1514.19' -> 'remuneracion no especificada'
[2026-10-05 23:01:06]      3  salario: salario 'S/ 8,250.00' -> 'S/ 8,250.00' ; frase de descripcion: 'remuneracion de S/ 8,250.00' -> 'remuneracion de S/ 8,250.00'
[2026-10-05 23:01:06]      3  salario: salario 'S/ 2,500' -> 'S/ 2,500' ; frase de descripcion: 'remuneracion de S/ 2,500' -> 'remuneracion de S/ 2,500'
[2026-10-05 23:01:06]      3  salario: salario 'S/ 12,364.19' -> 'S/ 12,364.19' ; frase de descripcion: 'remuneracion de S/ 12,364.19' -> 'remuneracion de S/ 12,364.19'
[2026-10-05 23:01:06]      3  salario: valor no verificable ('2714.19') ; campo Salario: 'S/ 2714.19' -> 'No especificado' ; frase de descripcion: 'remuneracion de S/ 2714.19' -> 'remuneracion no especificada'
[2026-10-05 23:01:06]      3  salario: salario 'S/ .1,417.00' -> 'S/ 1,417.00' ; campo Salario: 'S/ .1,417.00' -> 'S/ 1,417.00'
[2026-10-05 23:01:06]      3  salario: salario 'S/ 3,842.00' -> 'S/ 3,842.00' ; frase de descripcion: 'remuneracion de S/ 3,842.00' -> 'remuneracion de S/ 3,842.00'
[2026-10-05 23:01:06]      3  salario: salario 'S/ 3,099.40' -> 'S/ 3,099.40' ; frase de descripcion: 'remuneracion de S/ 3,099.40' -> 'remuneracion de S/ 3,099.40'
[2026-10-05 23:01:06]      3  salario: salario 'S/ 2,900.00' -> 'S/ 2,900.00' ; frase de descripcion: 'remuneracion de S/ 2,900.00' -> 'remuneracion de S/ 2,900.00'
[2026-10-05 23:01:06]      3  salario: salario 'S/ 1,714.19' -> 'S/ 1,714.19' ; frase de descripcion: 'remuneracion de S/ 1,714.19' -> 'remuneracion de S/ 1,714.19'
[2026-10-05 23:01:06]      3  salario: valor no verificable ('3264.19') ; campo Salario: 'S/ .3264.19' -> 'No especificado'
[2026-10-05 23:01:06]      3  salario: valor no verificable ('11364.19') ; campo Salario: 'S/ 11364.19' -> 'No especificado' ; frase de descripcion: 'remuneracion de S/ 11364.19' -> 'remuneracion no especificada'
[2026-10-05 23:01:06]      3  salario: salario 'S/. 2.000,00 (Mensual)' -> 'S/ 2.000,00' ; campo Salario: 'S/. 2.000,00 (Mensual)' -> 'S/ 2.000,00'
[2026-10-05 23:01:06]      3  salario: salario 'S/ 2,057.14' -> 'S/ 2,057.14' ; frase de descripcion: 'remuneracion de S/ 2,057.14' -> 'remuneracion de S/ 2,057.14'
[2026-10-05 23:01:06]      3  salario: salario 'S/ 1800' -> 'S/ 1800' ; frase de descripcion: 'remuneracion de S/ 1800' -> 'remuneracion de S/ 1800'
[2026-10-05 23:01:06]      3  salario: salario 'S/ 2000' -> 'S/ 2000' ; frase de descripcion: 'remuneracion de S/ 2000' -> 'remuneracion de S/ 2000'
[2026-10-05 23:01:06]      3  salario: salario 'S/ 3,964.19' -> 'S/ 3,964.19' ; frase de descripcion: 'remuneracion de S/ 3,964.19' -> 'remuneracion de S/ 3,964.19'
[2026-10-05 23:01:06]      3  salario: salario 'S/ 4,300.00' -> 'S/ 4,300.00' ; frase de descripcion: 'remuneracion de S/ 4,300.00' -> 'remuneracion de S/ 4,300.00'
[2026-10-05 23:01:06]      3  salario: salario 'S/ 6,864.19' -> 'S/ 6,864.19' ; frase de descripcion: 'remuneracion de S/ 6,864.19' -> 'remuneracion de S/ 6,864.19'
[2026-10-05 23:01:06]      3  salario: salario 'S/ .6,000.00' -> 'S/ 6,000.00' ; campo Salario: 'S/ .6,000.00' -> 'S/ 6,000.00'
[2026-10-05 23:01:06]      3  duplicado (titulo normalizado repetido) de 845294660998511120
[2026-10-05 23:01:06]      3  salario: salario 'S/ 3,722.00' -> 'S/ 3,722.00' ; frase de descripcion: 'remuneracion de S/ 3,722.00' -> 'remuneracion de S/ 3,722.00'
[2026-10-05 23:01:06]      3  salario: salario 'S/ 5,600.00' -> 'S/ 5,600.00' ; frase de descripcion: 'remuneracion de S/ 5,600.00' -> 'remuneracion de S/ 5,600.00'
[2026-10-05 23:01:06]      3  enlace placeholder reparado con la URL oficial de la publicacion (https://www.munilaencanada.gob.pe/index.php/convocatorias-cas-2026/convocatoria-n-06-2026-en-proceso/102-bases-y-cronograma-del-proceso-12/file)
[2026-10-05 23:01:06]      3  salario: salario 'S/ .1,600.00' -> 'S/ 1,600.00' ; campo Salario: 'S/ .1,600.00' -> 'S/ 1,600.00'
[2026-10-05 23:01:06]      3  salario: salario 'S/ 4,471.00' -> 'S/ 4,471.00' ; frase de descripcion: 'remuneracion de S/ 4,471.00' -> 'remuneracion de S/ 4,471.00'
[2026-10-05 23:01:06]      3  salario: salario 'S/ 4,600.00' -> 'S/ 4,600.00' ; frase de descripcion: 'remuneracion de S/ 4,600.00' -> 'remuneracion de S/ 4,600.00'
[2026-10-05 23:01:06]      3  enlace placeholder reparado con la CTA utilizable de la publicacion (https://drive.google.com/file/d/1fZuXeYeSNDrbWi9A7cAxUxoM901VdZsg/view?usp=sharing)
[2026-10-05 23:01:06]      3  salario: valor no verificable ('2000.00') ; campo Salario: 'S/ 2000.00' -> 'No especificado' ; frase de descripcion: 'remuneracion de S/ 2000.00' -> 'remuneracion no especificada'
[2026-10-05 23:01:06]      3  salario: salario 'S/ 6,500' -> 'S/ 6,500' ; frase de descripcion: 'remuneracion de S/ 6,500' -> 'remuneracion de S/ 6,500'
[2026-10-05 23:01:06]      3  salario: valor no verificable ('12') ; campo Salario: 'S/ 12' -> 'No especificado' ; frase de descripcion: 'remuneracion de S/ 12' -> 'remuneracion no especificada'
[2026-10-05 23:01:06]      3  salario: salario 'S/ 4000' -> 'S/ 4000' ; frase de descripcion: 'remuneracion de S/ 4000' -> 'remuneracion de S/ 4000'
[2026-10-05 23:01:06]      3  salario: salario 'S/ 2,014.19' -> 'S/ 2,014.19' ; frase de descripcion: 'remuneracion de S/ 2,014.19' -> 'remuneracion de S/ 2,014.19'
[2026-10-05 23:01:06]      2  salario: salario 'S/ 1,418.00' -> 'S/ 1,418.00' ; frase de descripcion: 'remuneracion de S/ 1,418.00' -> 'remuneracion de S/ 1,418.00'
[2026-10-05 23:01:06]      2  salario: salario 'S/ 2,635.81' -> 'S/ 2,635.81' ; frase de descripcion: 'remuneracion de S/ 2,635.81' -> 'remuneracion de S/ 2,635.81'
[2026-10-05 23:01:06]      2  salario: salario 'S/ 2,200.00' -> 'S/ 2,200.00' ; frase de descripcion: 'remuneracion de S/ 2,200.00' -> 'remuneracion de S/ 2,200.00'
[2026-10-05 23:01:06]      2  salario: salario 'S/ 3,186' -> 'S/ 3,186' ; frase de descripcion: 'remuneracion de S/ 3,186' -> 'remuneracion de S/ 3,186'
[2026-10-05 23:01:06]      2  salario: valor no verificable ('1400.00') ; campo Salario: 'S/ 1400.00' -> 'No especificado' ; frase de descripcion: 'remuneracion de S/ 1400.00' -> 'remuneracion no especificada'
[2026-10-05 23:01:06]      2  salario: salario 'S/ 2,804' -> 'S/ 2,804' ; frase de descripcion: 'remuneracion de S/ 2,804' -> 'remuneracion de S/ 2,804'
[2026-10-05 23:01:06]      2  salario: salario 'S/ 6,720' -> 'S/ 6,720' ; frase de descripcion: 'remuneracion de S/ 6,720' -> 'remuneracion de S/ 6,720'
[2026-10-05 23:01:06]      2  salario: salario 'S/ .5,364.19' -> 'S/ 5,364.19' ; campo Salario: 'S/ .5,364.19' -> 'S/ 5,364.19'
[2026-10-05 23:01:06]      2  salario: valor no verificable ('2964.19') ; campo Salario: 'S/ 2964.19' -> 'No especificado' ; frase de descripcion: 'remuneracion de S/ 2964.19' -> 'remuneracion no especificada'
[2026-10-05 23:01:06]      2  salario: salario 'S/ .2,500.00' -> 'S/ 2,500.00' ; campo Salario: 'S/ .2,500.00' -> 'S/ 2,500.00'
[2026-10-05 23:01:06]      2  salario: salario 'S/ 1,420.00' -> 'S/ 1,420.00' ; frase de descripcion: 'remuneracion de S/ 1,420.00' -> 'remuneracion de S/ 1,420.00'
[2026-10-05 23:01:06]      2  salario: salario 'S/ 6,931.00' -> 'S/ 6,931.00' ; frase de descripcion: 'remuneracion de S/ 6,931.00' -> 'remuneracion de S/ 6,931.00'
[2026-10-05 23:01:06]      2  salario: salario 'S/ 3000' -> 'S/ 3000' ; frase de descripcion: 'remuneracion de S/ 3000' -> 'remuneracion de S/ 3000'
[2026-10-05 23:01:06]      2  salario: salario 'S/ 3,203' -> 'S/ 3,203' ; frase de descripcion: 'remuneracion de S/ 3,203' -> 'remuneracion de S/ 3,203'
[2026-10-05 23:01:06]      2  salario: valor no verificable ('5342.40') ; campo Salario: 'S/ .5342.40' -> 'No especificado'
[2026-10-05 23:01:06]      2  salario: salario 'S/ 3,346' -> 'S/ 3,346' ; frase de descripcion: 'remuneracion de S/ 3,346' -> 'remuneracion de S/ 3,346'
[2026-10-05 23:01:06]      2  salario: valor no verificable ('7664.19') ; campo Salario: 'S/ 7664.19' -> 'No especificado' ; frase de descripcion: 'remuneracion de S/ 7664.19' -> 'remuneracion no especificada'
[2026-10-05 23:01:06]      2  salario: salario 'S/ 3,950.00' -> 'S/ 3,950.00' ; frase de descripcion: 'remuneracion de S/ 3,950.00' -> 'remuneracion de S/ 3,950.00'
[2026-10-05 23:01:06]      2  salario: salario 'S/ 7,300.00' -> 'S/ 7,300.00' ; frase de descripcion: 'remuneracion de S/ 7,300.00' -> 'remuneracion de S/ 7,300.00'
[2026-10-05 23:01:06]      2  salario: valor no verificable ('2700.00') ; campo Salario: 'S/ 2700.00' -> 'No especificado' ; frase de descripcion: 'remuneracion de S/ 2700.00' -> 'remuneracion no especificada'
[2026-10-05 23:01:06]      2  salario: salario 'S/ .1,514.19' -> 'S/ 1,514.19' ; campo Salario: 'S/ .1,514.19' -> 'S/ 1,514.19'
[2026-10-05 23:01:06]      2  salario: salario 'S/ 5,200.00' -> 'S/ 5,200.00' ; frase de descripcion: 'remuneracion de S/ 5,200.00' -> 'remuneracion de S/ 5,200.00'
[2026-10-05 23:01:06]      2  salario: valor no verificable ('1764.19') ; campo Salario: 'S/ 1764.19' -> 'No especificado' ; frase de descripcion: 'remuneracion de S/ 1764.19' -> 'remuneracion no especificada'
[2026-10-05 23:01:06]      2  salario: valor no verificable ('3140.00') ; campo Salario: 'S/ 3140.00' -> 'No especificado' ; frase de descripcion: 'remuneracion de S/ 3140.00' -> 'remuneracion no especificada'
[2026-10-05 23:01:06]      2  salario: salario 'S/ .1,800.00' -> 'S/ 1,800.00' ; campo Salario: 'S/ .1,800.00' -> 'S/ 1,800.00'
[2026-10-05 23:01:06]      2  salario: salario 'S/ 9,600.00' -> 'S/ 9,600.00' ; frase de descripcion: 'remuneracion de S/ 9,600.00' -> 'remuneracion de S/ 9,600.00'
[2026-10-05 23:01:06]      2  salario: valor no verificable ('7400.00') ; campo Salario: 'S/ 7400.00' -> 'No especificado' ; frase de descripcion: 'remuneracion de S/ 7400.00' -> 'remuneracion no especificada'
[2026-10-05 23:01:06]      2  enlace placeholder reparado con la CTA utilizable de la publicacion (https://drive.google.com/file/d/1Qka188x-Okf78_JQHZezZAckF_MX7cv9/view)
[2026-10-05 23:01:06]      2  enlace placeholder reparado con la CTA utilizable de la publicacion (https://www.facebook.com/photo/?fbid=1420236966973859&set=a.565061712491393)
[2026-10-05 23:01:06]      2  salario: salario 'S/ 5,050.00' -> 'S/ 5,050.00' ; frase de descripcion: 'remuneracion de S/ 5,050.00' -> 'remuneracion de S/ 5,050.00'
[2026-10-05 23:01:06]      2  salario: salario 'S/ 3,600.00' -> 'S/ 3,600.00' ; frase de descripcion: 'remuneracion de S/ 3,600.00' -> 'remuneracion de S/ 3,600.00'
[2026-10-05 23:01:06]      2  enlace placeholder reparado con la CTA utilizable de la publicacion (https://drive.google.com/file/d/1mkazlsCK-cfZvLL4B74n_RHcO-IxBjFM/view)
[2026-10-05 23:01:06]      2  salario: salario 'S/ 1,835.81' -> 'S/ 1,835.81' ; frase de descripcion: 'remuneracion de S/ 1,835.81' -> 'remuneracion de S/ 1,835.81'
[2026-10-05 23:01:06]      2  salario: salario 'S/ 3,100.19' -> 'S/ 3,100.19' ; frase de descripcion: 'remuneracion de S/ 3,100.19' -> 'remuneracion de S/ 3,100.19'
[2026-10-05 23:01:06]      2  salario: salario 'S/ 2,764.19' -> 'S/ 2,764.19' ; frase de descripcion: 'remuneracion de S/ 2,764.19' -> 'remuneracion de S/ 2,764.19'
[2026-10-05 23:01:06]      2  salario: valor no verificable ('3851.75') ; campo Salario: 'S/ 3851.75' -> 'No especificado' ; frase de descripcion: 'remuneracion de S/ 3851.75' -> 'remuneracion no especificada'
[2026-10-05 23:01:06]      2  salario: salario 'S/ .1,714.19' -> 'S/ 1,714.19' ; campo Salario: 'S/ .1,714.19' -> 'S/ 1,714.19'
[2026-10-05 23:01:06]      2  salario: salario 'S/ 5,020.00' -> 'S/ 5,020.00' ; frase de descripcion: 'remuneracion de S/ 5,020.00' -> 'remuneracion de S/ 5,020.00'
[2026-10-05 23:01:06]      2  salario: salario 'S/ 1,470.00' -> 'S/ 1,470.00' ; frase de descripcion: 'remuneracion de S/ 1,470.00' -> 'remuneracion de S/ 1,470.00'
[2026-10-05 23:01:06]      2  salario: salario 'S/ 1,235.81' -> 'S/ 1,235.81' ; frase de descripcion: 'remuneracion de S/ 1,235.81' -> 'remuneracion de S/ 1,235.81'
[2026-10-05 23:01:06]      2  salario: salario 'S/ .4,264.19' -> 'S/ 4,264.19' ; campo Salario: 'S/ .4,264.19' -> 'S/ 4,264.19'
[2026-10-05 23:01:06]      2  salario: valor no verificable ('4364.19') ; campo Salario: 'S/ .4364.19' -> 'No especificado'
[2026-10-05 23:01:06]      2  enlace placeholder reparado con la CTA utilizable de la publicacion (https://drive.google.com/file/d/1NznB_Z55tGPG3lYaRywRTveMzR8eQ8U9/view?fbclid=IwY2xjawUrubBleHRuA2FlbQIxMABwZG9mAWJyaWQRMXFJdVdES0FsNHFpRVVSN3VzcnRjBmFwcF9pZBAyMjIwMzkxNzg4MjAwODkyAAEeib0SDft58DNYZcD1sIFzA-Zu38NJ3etipm3ptrqFjC4PEpj4dhv21iVYAU0_aem_ahCaMpubWh4tWInyc8ICCA)
[2026-10-05 23:01:06]      2  salario: salario 'S/ 10,730.00' -> 'S/ 10,730.00' ; frase de descripcion: 'remuneracion de S/ 10,730.00' -> 'remuneracion de S/ 10,730.00'
[2026-10-05 23:01:06]      2  salario: salario 'S/ 9500' -> 'S/ 9500' ; frase de descripcion: 'remuneracion de S/ 9500' -> 'remuneracion de S/ 9500'
[2026-10-05 23:01:06]      2  salario: valor no verificable ('2564.19') ; campo Salario: 'S/ 2564.19' -> 'No especificado' ; frase de descripcion: 'remuneracion de S/ 2564.19' -> 'remuneracion no especificada'
[2026-10-05 23:01:06]      2  salario: salario 'S/ 3,195' -> 'S/ 3,195' ; frase de descripcion: 'remuneracion de S/ 3,195' -> 'remuneracion de S/ 3,195'
[2026-10-05 23:01:06]      2  salario: salario 'S/ .3,500.00' -> 'S/ 3,500.00' ; campo Salario: 'S/ .3,500.00' -> 'S/ 3,500.00'
[2026-10-05 23:01:06]      2  salario: valor no numerico ('Remuneraci n acorde al mercado')
[2026-10-05 23:01:06]      2  salario: salario 'S/ 4500' -> 'S/ 4500' ; frase de descripcion: 'remuneracion de S/ 4500' -> 'remuneracion de S/ 4500'
[2026-10-05 23:01:06]      2  salario: valor no verificable ('1464.19') ; campo Salario: 'S/ 1464.19' -> 'No especificado' ; frase de descripcion: 'remuneracion de S/ 1464.19' -> 'remuneracion no especificada'
[2026-10-05 23:01:06]      2  salario: salario 'S/ 5,400.00' -> 'S/ 5,400.00' ; frase de descripcion: 'remuneracion de S/ 5,400.00' -> 'remuneracion de S/ 5,400.00'
[2026-10-05 23:01:06]      2  salario: salario 'S/ 3,335.81' -> 'S/ 3,335.81' ; frase de descripcion: 'remuneracion de S/ 3,335.81' -> 'remuneracion de S/ 3,335.81'
[2026-10-05 23:01:06]      2  salario: salario 'S/ 2,755.00' -> 'S/ 2,755.00' ; frase de descripcion: 'remuneracion de S/ 2,755.00' -> 'remuneracion de S/ 2,755.00'
[2026-10-05 23:01:06]      2  salario: salario 'S/ 3,850.00' -> 'S/ 3,850.00' ; frase de descripcion: 'remuneracion de S/ 3,850.00' -> 'remuneracion de S/ 3,850.00'
[2026-10-05 23:01:06]      2  salario: valor no verificable ('1200.00') ; campo Salario: 'S/ 1200.00' -> 'No especificado' ; frase de descripcion: 'remuneracion de S/ 1200.00' -> 'remuneracion no especificada'
[2026-10-05 23:01:06]      2  salario: salario 'S/ .2,000.00' -> 'S/ 2,000.00' ; campo Salario: 'S/ .2,000.00' -> 'S/ 2,000.00'
[2026-10-05 23:01:06]      2  salario: salario 'S/ 4,250.00' -> 'S/ 4,250.00' ; frase de descripcion: 'remuneracion de S/ 4,250.00' -> 'remuneracion de S/ 4,250.00'
[2026-10-05 23:01:06]      2  salario: salario 'S/ 3,000' -> 'S/ 3,000' ; frase de descripcion: 'remuneracion de S/ 3,000' -> 'remuneracion de S/ 3,000'
[2026-10-05 23:01:06]      2  salario: salario 'S/ 6000' -> 'S/ 6000' ; frase de descripcion: 'remuneracion de S/ 6000' -> 'remuneracion de S/ 6000'
[2026-10-05 23:01:06]      2  salario: salario 'S/ 3,500' -> 'S/ 3,500' ; frase de descripcion: 'remuneracion de S/ 3,500' -> 'remuneracion de S/ 3,500'
[2026-10-05 23:01:06]      2  enlace placeholder reparado con la URL oficial de la publicacion (https://www.gob.pe/institucion/regionsanmartin-gtbm/informes-publicaciones/8647272-concurso-publico-de-meritos-n-0011-2026-grsm-gtbm-t-oadm-ugpp)
[2026-10-05 23:01:06]      2  salario: salario 'S/ 1,389.19' -> 'S/ 1,389.19' ; frase de descripcion: 'remuneracion de S/ 1,389.19' -> 'remuneracion de S/ 1,389.19'
[2026-10-05 23:01:06]      2  salario: salario 'S/ 1500' -> 'S/ 1500' ; frase de descripcion: 'remuneracion de S/ 1500' -> 'remuneracion de S/ 1500'
[2026-10-05 23:01:06]      2  enlace placeholder reparado con la URL oficial de la publicacion (https://www.munihuanuco.gob.pe/intranetmunihco/archivos/20260924045819349.pdf)
[2026-10-05 23:01:06]      2  salario: valor no verificable ('10364.19') ; campo Salario: 'S/ 10364.19' -> 'No especificado' ; frase de descripcion: 'remuneracion de S/ 10364.19' -> 'remuneracion no especificada'
[2026-10-05 23:01:06]      2  salario: salario 'S/ 13,000.00' -> 'S/ 13,000.00' ; frase de descripcion: 'remuneracion de S/ 13,000.00' -> 'remuneracion de S/ 13,000.00'
[2026-10-05 23:01:06]      2  salario: salario 'S/ 7,864.19' -> 'S/ 7,864.19' ; frase de descripcion: 'remuneracion de S/ 7,864.19' -> 'remuneracion de S/ 7,864.19'
[2026-10-05 23:01:06]      2  salario: salario 'S/ 14,000.00' -> 'S/ 14,000.00' ; frase de descripcion: 'remuneracion de S/ 14,000.00' -> 'remuneracion de S/ 14,000.00'
[2026-10-05 23:01:06]      2  enlace placeholder reparado con la CTA utilizable de la publicacion (https://drive.google.com/drive/folders/18uQkB4y0I35UDQviXKs-E6_QzqPMW-ZQ)
[2026-10-05 23:01:06]      2  salario: salario 'S/ 11500' -> 'S/ 11500' ; frase de descripcion: 'remuneracion de S/ 11500' -> 'remuneracion de S/ 11500'
[2026-10-05 23:01:06]      2  salario: valor no verificable ('1600.00') ; campo Salario: 'S/ 1600.00' -> 'No especificado' ; frase de descripcion: 'remuneracion de S/ 1600.00' -> 'remuneracion no especificada'
[2026-10-05 23:01:06]      2  salario: valor no verificable ('6') ; campo Salario: 'S/ 6,' -> 'No especificado' ; frase de descripcion: 'remuneracion de S/ 6,' -> 'remuneracion no especificada'
[2026-10-05 23:01:06]      2  titulo de articulo, no de oferta individual
[2026-10-05 23:01:06]      2  salario: salario 'S/ 1808' -> 'S/ 1808' ; frase de descripcion: 'remuneracion de S/ 1808' -> 'remuneracion de S/ 1808'
[2026-10-05 23:01:06]      2  salario: salario 'S/ 1530' -> 'S/ 1530' ; frase de descripcion: 'remuneracion de S/ 1530' -> 'remuneracion de S/ 1530'
[2026-10-05 23:01:06]      2  enlace placeholder reparado con la URL oficial de la publicacion (https://www.gob.pe/institucion/ugelibcondorcanqui/noticias)
[2026-10-05 23:01:06]      2  enlace placeholder reparado con la CTA utilizable de la publicacion (https://drive.google.com/file/d/14Xefne-nE6bAZQFlIJWhUCmnBzGdjcHd/view?fbclid=IwY2xjawUrtvJleHRuA2FlbQIxMABwZG9mAWJyaWQRMXFJdVdES0FsNHFpRVVSN3VzcnRjBmFwcF9pZBAyMjIwMzkxNzg4MjAwODkyAAEehFDXzk7-86sOZ17xoYur6DlVUVTFpVDGjlt0Mv3tDSf-MtvEobrkN9mvVXA_aem_DyYq4Zc4uIejICY8QohH8g)
[2026-10-05 23:01:06]      2  duplicado (titulo normalizado repetido) de 1132584317458564134
[2026-10-05 23:01:06]      2  salario: salario 'S/ 2,564.19' -> 'S/ 2,564.19' ; frase de descripcion: 'remuneracion de S/ 2,564.19' -> 'remuneracion de S/ 2,564.19'
[2026-10-05 23:01:06]      2  salario: salario 'S/ 9,250.00' -> 'S/ 9,250.00' ; frase de descripcion: 'remuneracion de S/ 9,250.00' -> 'remuneracion de S/ 9,250.00'
[2026-10-05 23:01:06]      2  salario: salario 'S/ 1400' -> 'S/ 1400' ; frase de descripcion: 'remuneracion de S/ 1400' -> 'remuneracion de S/ 1400'
[2026-10-05 23:01:06]      2  salario: salario 'S/ 1,600.00' -> 'S/ 1,600.00' ; frase de descripcion: 'remuneracion de S/ 1,600.00' -> 'remuneracion de S/ 1,600.00'
[2026-10-05 23:01:06]      2  salario: salario 'S/ 1,564.19' -> 'S/ 1,564.19' ; frase de descripcion: 'remuneracion de S/ 1,564.19' -> 'remuneracion de S/ 1,564.19'
[2026-10-05 23:01:06]      2  salario: salario 'S/ 8,364.19' -> 'S/ 8,364.19' ; frase de descripcion: 'remuneracion de S/ 8,364.19' -> 'remuneracion de S/ 8,364.19'
[2026-10-05 23:01:06]      2  salario: valor no verificable ('4500.00') ; campo Salario: 'S/ 4500.00' -> 'No especificado' ; frase de descripcion: 'remuneracion de S/ 4500.00' -> 'remuneracion no especificada'
[2026-10-05 23:01:06]      2  salario: salario 'S/ 8,500.' -> 'S/ 8,500' ; campo Salario: 'S/ 8,500.' -> 'S/ 8,500' ; frase de descripcion: 'remuneracion de S/ 8,500.' -> 'remuneracion de S/ 8,500'
[2026-10-05 23:01:06]      2  salario: valor no verificable ('3064.19') ; campo Salario: 'S/ 3064.19' -> 'No especificado' ; frase de descripcion: 'remuneracion de S/ 3064.19' -> 'remuneracion no especificada'
[2026-10-05 23:01:06]      2  salario: salario 'S/ 8,864.19' -> 'S/ 8,864.19' ; frase de descripcion: 'remuneracion de S/ 8,864.19' -> 'remuneracion de S/ 8,864.19'
[2026-10-05 23:01:06]      2  salario: valor no verificable ('8') ; campo Salario: 'S/ 8,' -> 'No especificado' ; frase de descripcion: 'remuneracion de S/ 8,' -> 'remuneracion no especificada'
[2026-10-05 23:01:06]      2  salario: valor no verificable ('7000.00') ; campo Salario: 'S/ 7000.00' -> 'No especificado' ; frase de descripcion: 'remuneracion de S/ 7000.00' -> 'remuneracion no especificada'
[2026-10-05 23:01:06]      2  salario: valor no verificable ('1714.19') ; campo Salario: 'S/ 1714.19' -> 'No especificado' ; frase de descripcion: 'remuneracion de S/ 1714.19' -> 'remuneracion no especificada'
[2026-10-05 23:01:06]      2  salario: salario 'S/ 8,967.86' -> 'S/ 8,967.86' ; frase de descripcion: 'remuneracion de S/ 8,967.86' -> 'remuneracion de S/ 8,967.86'
[2026-10-05 23:01:06]      2  salario: valor no verificable ('7500.00') ; campo Salario: 'S/ 7500.00' -> 'No especificado' ; frase de descripcion: 'remuneracion de S/ 7500.00' -> 'remuneracion no especificada'
[2026-10-05 23:01:06]      2  salario: valor no verificable ('8000.00') ; campo Salario: 'S/ 8000.00' -> 'No especificado' ; frase de descripcion: 'remuneracion de S/ 8000.00' -> 'remuneracion no especificada'
[2026-10-05 23:01:06]      2  salario: salario 'S/ 1507' -> 'S/ 1507' ; frase de descripcion: 'remuneracion de S/ 1507' -> 'remuneracion de S/ 1507'
[2026-10-05 23:01:06]      2  enlace placeholder reparado con la URL oficial de la publicacion (https://enlinea.minedu.gob.pe/)
[2026-10-05 23:01:06]      1  enlace placeholder reparado con la URL oficial de la publicacion (https://old.regionhuancavelica.gob.pe/convocatorias/upload/VIGENTES/CAS/CONVOCATORIAS%20VIGENTES%20CAS%20-%20ANO%202026/1644622_CAS-009-2026-GSRHUAY.pdf)
[2026-10-05 23:01:06]      1  salario: valor no verificable ('2739.40') ; campo Salario: 'S/ .2739.40' -> 'No especificado'
[2026-10-05 23:01:06]      1  salario: salario 'S/ 3,846.00' -> 'S/ 3,846.00' ; frase de descripcion: 'remuneracion de S/ 3,846.00' -> 'remuneracion de S/ 3,846.00'
[2026-10-05 23:01:06]      1  duplicado (titulo normalizado repetido) de 7069122382965927533
[2026-10-05 23:01:06]      1  salario: salario 'S/ 2200' -> 'S/ 2200' ; frase de descripcion: 'remuneracion de S/ 2200' -> 'remuneracion de S/ 2200'
[2026-10-05 23:01:06]      1  enlace placeholder reparado con la URL oficial de la publicacion (https://munilabaya.gob.pe/web/archivos/convocatorias/004_2026_f1_698.pdf)
[2026-10-05 23:01:06]      1  salario: salario 'S/ 9,304.11' -> 'S/ 9,304.11' ; frase de descripcion: 'remuneracion de S/ 9,304.11' -> 'remuneracion de S/ 9,304.11'
[2026-10-05 23:01:06]      1  salario: salario 'S/ 2,722.00' -> 'S/ 2,722.00' ; frase de descripcion: 'remuneracion de S/ 2,722.00' -> 'remuneracion de S/ 2,722.00'
[2026-10-05 23:01:06]      1  enlace placeholder reparado con la URL oficial de la publicacion (https://www.gob.pe/institucion/regionayacucho/noticias)
[2026-10-05 23:01:06]      1  enlace placeholder reparado con la URL oficial de la publicacion (https://www.irennorte.gob.pe/pdf/convocatorias/bases/BCASAA004-2026.pdf)
[2026-10-05 23:01:06]      1  enlace placeholder reparado con la URL oficial de la publicacion (https://www.gob.pe/institucion/regionapurimac/noticias)
[2026-10-05 23:01:06]      1  enlace placeholder reparado con la CTA utilizable de la publicacion (https://drive.google.com/drive/folders/1rjS9sUhwHrju9f-r-DHzs2hT6N0h2faS)
[2026-10-05 23:01:06]      1  enlace placeholder reparado con la URL oficial de la publicacion (https://www.gob.pe/institucion/ugelambo/noticias)
[2026-10-05 23:01:06]      1  salario: valor no verificable ('2200.00') ; campo Salario: 'S/ 2200.00' -> 'No especificado' ; frase de descripcion: 'remuneracion de S/ 2200.00' -> 'remuneracion no especificada'
[2026-10-05 23:01:06]      1  salario: salario 'S/ 3,895.68' -> 'S/ 3,895.68' ; frase de descripcion: 'remuneracion de S/ 3,895.68.' -> 'remuneracion de S/ 3,895.68'
[2026-10-05 23:01:06]      1  salario: salario 'S/ 5,670.00' -> 'S/ 5,670.00' ; frase de descripcion: 'remuneracion de S/ 5,670.00.' -> 'remuneracion de S/ 5,670.00'
[2026-10-05 23:01:06]      1  salario: salario 'S/ 16,200' -> 'S/ 16,200' ; frase de descripcion: 'remuneracion de S/ 16,200' -> 'remuneracion de S/ 16,200'
[2026-10-05 23:01:06]      1  salario: salario 'S/ 6,500' -> 'S/ 6,500' ; frase de descripcion: 'remuneracion de S/ 6,500.' -> 'remuneracion de S/ 6,500'
[2026-10-05 23:01:06]      1  enlace placeholder reparado con la URL oficial de la publicacion (https://www.gob.pe/institucion/muniurubamba/informes-publicaciones/8630480-proceso-de-convocatoria-cas-n-079-2026-mpu-especialista-administrativo)
[2026-10-05 23:01:06]      1  salario: salario 'S/ 12,000.00' -> 'S/ 12,000.00' ; frase de descripcion: 'remuneracion de S/ 12,000.00.' -> 'remuneracion de S/ 12,000.00'
[2026-10-05 23:01:06]      1  salario: valor no verificable ('6,624,00') ; campo Salario: 'S/ 6,624,00' -> 'No especificado' ; frase de descripcion: 'remuneracion de S/ 6,624,00' -> 'remuneracion no especificada'
[2026-10-05 23:01:06]      1  salario: salario 'S/ .8,685.81' -> 'S/ 8,685.81' ; campo Salario: 'S/ .8,685.81' -> 'S/ 8,685.81'
[2026-10-05 23:01:06]      1  salario: salario 'S/ 8500' -> 'S/ 8500' ; frase de descripcion: 'remuneracion de S/ 8500' -> 'remuneracion de S/ 8500'
[2026-10-05 23:01:06]      1  salario: salario 'S/ 3,400.00' -> 'S/ 3,400.00' ; frase de descripcion: 'remuneracion de S/ 3,400.00' -> 'remuneracion de S/ 3,400.00'
[2026-10-05 23:01:06]      1  enlace placeholder reparado con la URL oficial de la publicacion (http://www.munijorgebasadre.gob.pe/pagina/web_inst/trans_bt_down.php?file=conv_4758.pdf)
[2026-10-05 23:01:06]      1  salario: valor no numerico ('S/ .8') ; campo Salario: 'S/ .8' -> 'No especificado'
[2026-10-05 23:01:06]      1  salario: salario 'S/ .6666.4' -> 'S/ 6666.4' ; campo Salario: 'S/ .6666.4' -> 'S/ 6666.4'
[2026-10-05 23:01:06]      1  enlace placeholder reparado con la URL oficial de la publicacion (https://www.munisanmiguel.gob.pe/Transparencia/archivos/convocatorias/2026/PCAS_20260922_148.pdf)
[2026-10-05 23:01:06]      1  duplicado (titulo normalizado repetido) de 4621923441338114660
[2026-10-05 23:01:06]      1  salario: salario 'S/ 5,015.00' -> 'S/ 5,015.00' ; frase de descripcion: 'remuneracion de S/ 5,015.00' -> 'remuneracion de S/ 5,015.00'
[2026-10-05 23:01:06]      1  salario: salario 'S/ 7,778.57' -> 'S/ 7,778.57' ; frase de descripcion: 'remuneracion de S/ 7,778.57' -> 'remuneracion de S/ 7,778.57'
[2026-10-05 23:01:06]      1  enlace placeholder reparado con la URL oficial de la publicacion (https://cdn.www.gob.pe/uploads/document/file/10671821/8633934-mpd2026-ext-0872381.pdf?v=1790089620)
[2026-10-05 23:01:06]      1  salario: salario 'S/ 1514' -> 'S/ 1514' ; frase de descripcion: 'remuneracion de S/ 1514.' -> 'remuneracion de S/ 1514'
[2026-10-05 23:01:06]      1  salario: salario 'S/ 9,133.93' -> 'S/ 9,133.93' ; frase de descripcion: 'remuneracion de S/ 9,133.93' -> 'remuneracion de S/ 9,133.93'
[2026-10-05 23:01:06]      1  salario: salario 'S/ 4,950.00' -> 'S/ 4,950.00' ; frase de descripcion: 'remuneracion de S/ 4,950.00' -> 'remuneracion de S/ 4,950.00'
[2026-10-05 23:01:06]      1  salario: salario 'S/ 2,874.00' -> 'S/ 2,874.00' ; frase de descripcion: 'remuneracion de S/ 2,874.00' -> 'remuneracion de S/ 2,874.00'
[2026-10-05 23:01:06]      1  salario: salario 'S/ 1300' -> 'S/ 1300' ; frase de descripcion: 'remuneracion de S/ 1300' -> 'remuneracion de S/ 1300'
[2026-10-05 23:01:06]      1  salario: salario 'S/ 5,320.00' -> 'S/ 5,320.00' ; frase de descripcion: 'remuneracion de S/ 5,320.00' -> 'remuneracion de S/ 5,320.00'
[2026-10-05 23:01:06]      1  salario: salario 'S/ 4,710.00' -> 'S/ 4,710.00' ; frase de descripcion: 'remuneracion de S/ 4,710.00' -> 'remuneracion de S/ 4,710.00'
[2026-10-05 23:01:06]      1  salario: valor no verificable ('10500.00') ; campo Salario: 'S/ 10500.00' -> 'No especificado' ; frase de descripcion: 'remuneracion de S/ 10500.00' -> 'remuneracion no especificada'
[2026-10-05 23:01:06]      1  duplicado (titulo normalizado repetido) de 3945076261490873453
[2026-10-05 23:01:06]      1  salario: valor no verificable ('3800.00') ; campo Salario: 'S/ 3800.00' -> 'No especificado' ; frase de descripcion: 'remuneracion de S/ 3800.00' -> 'remuneracion no especificada'
[2026-10-05 23:01:06]      1  salario: salario 'S/ 1,639.29' -> 'S/ 1,639.29' ; frase de descripcion: 'remuneracion de S/ 1,639.29' -> 'remuneracion de S/ 1,639.29'
[2026-10-05 23:01:06]      1  salario: salario 'S/ 4,964.19' -> 'S/ 4,964.19' ; frase de descripcion: 'remuneracion de S/ 4,964.19.' -> 'remuneracion de S/ 4,964.19'
[2026-10-05 23:01:06]      1  salario: salario 'S/ 6,052.00' -> 'S/ 6,052.00' ; frase de descripcion: 'remuneracion de S/ 6,052.00' -> 'remuneracion de S/ 6,052.00'
[2026-10-05 23:01:06]      1  salario: salario 'S/ 1,954.29' -> 'S/ 1,954.29' ; frase de descripcion: 'remuneracion de S/ 1,954.29' -> 'remuneracion de S/ 1,954.29'
[2026-10-05 23:01:06]      1  salario: salario 'S/ .3,264.19' -> 'S/ 3,264.19' ; campo Salario: 'S/ .3,264.19' -> 'S/ 3,264.19'
[2026-10-05 23:01:06]      1  salario: valor no verificable ('6728.42') ; campo Salario: 'S/ 6728.42' -> 'No especificado' ; frase de descripcion: 'remuneracion de S/ 6728.42' -> 'remuneracion no especificada'
[2026-10-05 23:01:06]      1  salario: salario 'S/ 1225' -> 'S/ 1225' ; frase de descripcion: 'remuneracion de S/ 1225' -> 'remuneracion de S/ 1225'
[2026-10-05 23:01:06]      1  salario: salario 'S/ 1400' -> 'S/ 1400' ; frase de descripcion: 'remuneracion de S/ 1400.' -> 'remuneracion de S/ 1400'
[2026-10-05 23:01:07]      1  salario: salario 'S/ 1025' -> 'S/ 1025' ; frase de descripcion: 'remuneracion de S/ 1025.' -> 'remuneracion de S/ 1025'
[2026-10-05 23:01:07]      1  salario: valor no verificable ('1130.00') ; campo Salario: 'S/ 1130.00' -> 'No especificado' ; frase de descripcion: 'remuneracion de S/ 1130.00.' -> 'remuneracion no especificada'
[2026-10-05 23:01:07]      1  duplicado (titulo normalizado repetido) de 6541637794996535675
[2026-10-05 23:01:07]      1  salario: salario 'S/1400' -> 'S/ 1400' ; campo Salario: 'S/1400' -> 'S/ 1400'
[2026-10-05 23:01:07]      1  salario: valor no verificable ('2788.00') ; campo Salario: 'S/ 2788.00' -> 'No especificado' ; frase de descripcion: 'remuneracion de S/ 2788.00' -> 'remuneracion no especificada'
[2026-10-05 23:01:07]      1  salario: salario 'S/ .6,624.00' -> 'S/ 6,624.00' ; campo Salario: 'S/ .6,624.00' -> 'S/ 6,624.00'
[2026-10-05 23:01:07]      1  enlace placeholder reparado con la URL oficial de la publicacion (http://old.regionhuancavelica.gob.pe/convocatorias/upload/VIGENTES/CAS/CONVOCATORIAS%20VIGENTES%20CAS%20-%20ANO%202026/1414710_CAS-004-26-GSRANG.pdf)
[2026-10-05 23:01:07]      1  duplicado (titulo normalizado repetido) de 5337926219016398220
[2026-10-05 23:01:07]      1  duplicado (titulo normalizado repetido) de 7698008718298029392
[2026-10-05 23:01:07]      1  duplicado (titulo normalizado repetido) de 2623278944794664712
[2026-10-05 23:01:07]      1  duplicado (titulo normalizado repetido) de 3435380337195924247
[2026-10-05 23:01:07]      1  salario: salario 'S/ 800 a S/ 1,200' -> 'S/ 800' ; campo Salario: 'S/ 800 a S/ 1,200' -> 'S/ 800'
[2026-10-05 23:01:07]      1  salario: valor no verificable ('1800.00') ; campo Salario: 'S/ 1800.00' -> 'No especificado' ; frase de descripcion: 'remuneracion de S/ 1800.00.' -> 'remuneracion no especificada'
[2026-10-05 23:01:07]      1  salario: salario 'S/ .5,000.00' -> 'S/ 5,000.00' ; campo Salario: 'S/ .5,000.00' -> 'S/ 5,000.00'
[2026-10-05 23:01:07]      1  duplicado (titulo normalizado repetido) de 5783141738102588903
[2026-10-05 23:01:07]      1  salario: salario 'S/ 1864' -> 'S/ 1864' ; frase de descripcion: 'remuneracion de S/ 1864.' -> 'remuneracion de S/ 1864'
[2026-10-05 23:01:07]      1  salario: valor no verificable ('2739.40') ; campo Salario: 'S/ 2739.40' -> 'No especificado' ; frase de descripcion: 'remuneracion de S/ 2739.40' -> 'remuneracion no especificada'
[2026-10-05 23:01:07]      1  salario: salario 'S/ 1235' -> 'S/ 1235' ; frase de descripcion: 'remuneracion de S/ 1235.' -> 'remuneracion de S/ 1235'
[2026-10-05 23:01:07]      1  enlace placeholder reparado con la CTA utilizable de la publicacion (https://drive.google.com/file/d/12aoBbucGEBZFZYHKqFu2UjNgdHPp34nV/view)
[2026-10-05 23:01:07]      1  enlace placeholder reparado con la CTA utilizable de la publicacion (https://drive.google.com/file/d/11Q-x8ihi-ZQA_ODOqAWYJBFEFRKuYXnB/view)
[2026-10-05 23:01:07]      1  enlace placeholder reparado con la URL oficial de la publicacion (https://convocatoriasadm.jovenesproductivos.gob.pe/procesos/S442026.pdf)
[2026-10-05 23:01:07]      1  enlace placeholder reparado con la URL oficial de la publicacion (http://www.munijorgebasadre.gob.pe/pagina/web_inst/trans_bt_down.php?file=conv_7661.pdf)
[2026-10-05 23:01:07]      1  enlace placeholder reparado con la URL oficial de la publicacion (http://www.munijorgebasadre.gob.pe/pagina/web_inst/trans_bt_down.php?file=conv_3431.pdf)
[2026-10-05 23:01:07]      1  enlace placeholder reparado con la URL oficial de la publicacion (http://www.munijorgebasadre.gob.pe/pagina/web_inst/trans_bt_down.php?file=conv_4936.pdf)
[2026-10-05 23:01:07]      1  salario: salario 'S/ 8,500.00' -> 'S/ 8,500.00' ; frase de descripcion: 'remuneración de S/ 8,500.00' -> 'remuneración de S/ 8,500.00'
[2026-10-05 23:01:07]      1  CTA/enlace sin destino utilizable sustituido por la URL oficial de la publicacion (https://convocatoriasadm.jovenesproductivos.gob.pe/procesos/S442026.pdf)
[2026-10-05 23:01:07]      1  enlace placeholder reparado con la CTA utilizable de la publicacion (https://drive.google.com/file/d/1hM02wapDpVE2iIBA7LVAvcp2LBhdbFWV/view)
[2026-10-05 23:01:07]      1  enlace placeholder reparado con la URL oficial de la publicacion (https://pad2.minem.gob.pe/ConvocaMinem_Portal/Laserfiche/Descargar?token=Q2ZESjhHRmxpUGtjaUhGS2h4eVNOTWNncnh3MG8wVkV2Rm5JSUJycm1MaTNIcjZGRFNpWmZFRFgwZTRVejExNjN5MXlqbmdsMmE4ZXczUkEzSV9DQTlWTDZjRDVhRG9fNHBlWEJ2eFlQcldPZkhFeWtJdk9hWVluYldhdmxkVlYweWM3NXZ1NU51RDRKVDRRWlZNZFRJcENPZ2M)
[2026-10-05 23:01:07]      1  salario: salario 'S/ 1389' -> 'S/ 1389' ; frase de descripcion: 'remuneracion de S/ 1389.' -> 'remuneracion de S/ 1389'
[2026-10-05 23:01:07]      1  salario: salario 'S/ 2739' -> 'S/ 2739' ; frase de descripcion: 'remuneracion de S/ 2739.' -> 'remuneracion de S/ 2739'
[2026-10-05 23:01:07]      1  salario: salario 'S/ 14,000.00' -> 'S/ 14,000.00' ; frase de descripcion: 'remuneracion de S/ 14,000.00.' -> 'remuneracion de S/ 14,000.00'
[2026-10-05 23:01:07]      1  salario: salario 'S/ 3,000.00' -> 'S/ 3,000.00' ; frase de descripcion: 'remuneracion de S/ 3,000.00.' -> 'remuneracion de S/ 3,000.00'
[2026-10-05 23:01:07]      1  salario: salario 'S/ 2804' -> 'S/ 2804' ; frase de descripcion: 'remuneracion de S/ 2804.' -> 'remuneracion de S/ 2804'
[2026-10-05 23:01:07]      1  salario: salario 'S/ 1900' -> 'S/ 1900' ; frase de descripcion: 'remuneracion de S/ 1900.' -> 'remuneracion de S/ 1900'
[2026-10-05 23:01:07]      1  salario: salario 'S/ 11,000.00' -> 'S/ 11,000.00' ; frase de descripcion: 'remuneracion de S/ 11,000.00.' -> 'remuneracion de S/ 11,000.00'
[2026-10-05 23:01:07]      1  salario: salario 'S/ 1,356.00' -> 'S/ 1,356.00' ; frase de descripcion: 'remuneracion de S/ 1,356.00.' -> 'remuneracion de S/ 1,356.00'
[2026-10-05 23:01:07]      1  salario: salario 'S/ 8500' -> 'S/ 8500' ; frase de descripcion: 'remuneracion de S/ 8500.' -> 'remuneracion de S/ 8500'
[2026-10-05 23:01:07]      1  salario: salario 'S/ 1,442.00' -> 'S/ 1,442.00' ; frase de descripcion: 'remuneracion de S/ 1,442.00.' -> 'remuneracion de S/ 1,442.00'
[2026-10-05 23:01:07]      1  enlace placeholder reparado con la URL oficial de la publicacion (https://www.acomerpescado.gob.pe/convocatoria-cas/wp-content/uploads/2026/09/BASES-PROCESO-CAS-N%C2%B0-005-2026-CHOFER-CAMION.pdf)
[2026-10-05 23:01:07]      1  salario: salario 'S/. 3.500,00 (Mensual)' -> 'S/ 3.500,00' ; campo Salario: 'S/. 3.500,00 (Mensual)' -> 'S/ 3.500,00'
[2026-10-05 23:01:07]      1  salario: salario 'S/. 2.000,00 (Mensual) + Comisiones' -> 'S/ 2.000,00' ; campo Salario: 'S/. 2.000,00 (Mensual) + Comisiones' -> 'S/ 2.000,00'
[2026-10-05 23:01:07]      1  salario: salario 'S/. 1.200,00 (Mensual)' -> 'S/ 1.200,00' ; campo Salario: 'S/. 1.200,00 (Mensual)' -> 'S/ 1.200,00'
[2026-10-05 23:01:07]      1  enlace placeholder reparado con la CTA utilizable de la publicacion (https://drive.google.com/file/d/11RKmblE7-r81Mu-eXnPBIyPb7RC15mou/view)
[2026-10-05 23:01:07]      1  duplicado (titulo normalizado repetido) de 4630450402343295760
[2026-10-05 23:01:07]      1  salario: salario 'S/. 1.700,00 (Mensual)' -> 'S/ 1.700,00' ; campo Salario: 'S/. 1.700,00 (Mensual)' -> 'S/ 1.700,00'
[2026-10-05 23:01:07]      1  salario: salario 'S/. 7.000,00 (Mensual)' -> 'S/ 7.000,00' ; campo Salario: 'S/. 7.000,00 (Mensual)' -> 'S/ 7.000,00'
[2026-10-05 23:01:07]      1  salario: salario 'De S/.3,000 A S/.4,000 Por Mes' -> 'S/ 3,000' ; campo Salario: 'De S/.3,000 A S/.4,000 Por Mes' -> 'S/ 3,000'
[2026-10-05 23:01:07]      1  salario: salario 'S/. 2.500,00 (Mensual)' -> 'S/ 2.500,00' ; campo Salario: 'S/. 2.500,00 (Mensual)' -> 'S/ 2.500,00'
[2026-10-05 23:01:07]      1  salario: salario 'S/. 4.000,00 (Mensual)' -> 'S/ 4.000,00' ; campo Salario: 'S/. 4.000,00 (Mensual)' -> 'S/ 4.000,00'
[2026-10-05 23:01:07]      1  enlace placeholder reparado con la URL oficial de la publicacion (http://www.munijorgebasadre.gob.pe/pagina/web_inst/trans_bt_down.php?file=conv_2382.pdf)
[2026-10-05 23:01:07]      1  enlace placeholder reparado con la URL oficial de la publicacion (https://cdn.www.gob.pe/uploads/document/file/10698017/139931-69-cuarta-convocatoria-bases-proceso-cas-n-001-2026-coordinador-a-de-innovacion-y-soporte-tecnologico.PDF)
[2026-10-05 23:01:07]      1  salario: salario 'S/ 8,500.00' -> 'S/ 8,500.00' ; frase de descripcion: 'remuneración de S/ 8,500.00.' -> 'remuneración de S/ 8,500.00'
[2026-10-05 23:01:07]      1  salario: salario 'S/ 7,300.00' -> 'S/ 7,300.00' ; frase de descripcion: 'remuneración de S/ 7,300.00' -> 'remuneración de S/ 7,300.00'
[2026-10-05 23:01:07]      1  salario: salario 'S/ 6,000.00' -> 'S/ 6,000.00' ; frase de descripcion: 'remuneración de S/ 6,000.00' -> 'remuneración de S/ 6,000.00'
[2026-10-05 23:01:07]      1  enlace placeholder reparado con la URL oficial de la publicacion (https://www.gob.pe/institucion/mtpe/informes-publicaciones/8602394-concurso-publico-de-practicas-n-030-2026-tr)
[2026-10-05 23:01:07]      1  duplicado (titulo normalizado repetido) de 7777720751105879676
[2026-10-05 23:01:07]      1  salario: salario 'S/ 1,240.00 soles' -> 'S/ 1,240.00' ; campo Salario: 'S/ 1,240.00 soles' -> 'S/ 1,240.00'
[2026-10-05 23:01:07]      1  salario: salario 'S/ 1,500.00' -> 'S/ 1,500.00'
[2026-10-05 23:01:07]      1  salario: valor no numerico ('Remuneraci n acorde al mercado') ; campo Salario: 'Remuneraci n acorde al mercado' -> 'No especificado'
[2026-10-05 23:01:07]      1  salario: salario 'S/ 2,150.61' -> 'S/ 2,150.61' ; frase de descripcion: 'remuneracion de S/ 2,150.61.' -> 'remuneracion de S/ 2,150.61'
[2026-10-05 23:01:07]      1  duplicado (titulo normalizado repetido) de 7426267796546006298
[2026-10-05 23:01:07]      1  salario: salario 'S/ 7,183.00' -> 'S/ 7,183.00' ; frase de descripcion: 'remuneracion de S/ 7,183.00' -> 'remuneracion de S/ 7,183.00'
[2026-10-05 23:01:07]      1  salario: salario 'S/ 21,000' -> 'S/ 21,000' ; frase de descripcion: 'remuneracion de S/ 21,000' -> 'remuneracion de S/ 21,000'
[2026-10-05 23:01:07]      1  salario: salario 'S/ 2,812' -> 'S/ 2,812' ; frase de descripcion: 'remuneracion de S/ 2,812' -> 'remuneracion de S/ 2,812'
[2026-10-05 23:01:07]      1  salario: salario 'S/ 13,000.00' -> 'S/ 13,000.00' ; frase de descripcion: 'remuneracion de S/ 13,000.00.' -> 'remuneracion de S/ 13,000.00'
[2026-10-05 23:01:07]      1  salario: salario 'S/ 8,864.19' -> 'S/ 8,864.19' ; frase de descripcion: 'remuneracion de S/ 8,864.19.' -> 'remuneracion de S/ 8,864.19'
[2026-10-05 23:01:07]      1  salario: salario 'S/ .8,950.00' -> 'S/ 8,950.00' ; campo Salario: 'S/ .8,950.00' -> 'S/ 8,950.00'
[2026-10-05 23:01:07]      1  salario: salario 'S/ .5319' -> 'S/ 5319' ; campo Salario: 'S/ .5319' -> 'S/ 5319'
[2026-10-05 23:01:07]      1  salario: valor no verificable ('2600.00') ; campo Salario: 'S/ 2600.00' -> 'No especificado' ; frase de descripcion: 'remuneracion de S/ 2600.00' -> 'remuneracion no especificada'
[2026-10-05 23:01:07]      1  salario: salario 'S/ 3,300.00' -> 'S/ 3,300.00' ; frase de descripcion: 'remuneracion de S/ 3,300.00.' -> 'remuneracion de S/ 3,300.00'
[2026-10-05 23:01:07]      1  enlace placeholder reparado con la URL oficial de la publicacion (https://ugel302.gob.pe/media/convocatorias/BASES_DE_LA_CONVOCATORIA.pdf)
[2026-10-05 23:01:07]      1  enlace placeholder reparado con la CTA utilizable de la publicacion (https://drive.google.com/file/d/1pXnRmki1a2fOsirF2NVW-kqLpcGhmy2p/view?fbclid=IwY2xjawUrnYRleHRuA2FlbQIxMQBwZG9mAXNydGMGYXBwX2lkEDIyMjAzOTE3ODgyMDA4OTIAAR7hSpfAImK-ysVMylPg3nUNWQSo6wZ-aCPKJhHVl19bos2_RSt54MPKVF656Q_aem_HO63MQkm626I_KAm8qxGqA)
[2026-10-05 23:01:07]      1  salario: salario 'S/ .1,444.00' -> 'S/ 1,444.00' ; campo Salario: 'S/ .1,444.00' -> 'S/ 1,444.00'
[2026-10-05 23:01:07]      1  salario: valor no verificable ('4') ; campo Salario: 'S/ 4' -> 'No especificado' ; frase de descripcion: 'remuneracion de S/ 4.' -> 'remuneracion no especificada'
[2026-10-05 23:01:07]      1  salario: salario 'S/ 3,318' -> 'S/ 3,318' ; frase de descripcion: 'remuneracion de S/ 3,318' -> 'remuneracion de S/ 3,318'
[2026-10-05 23:01:07]      1  enlace placeholder reparado con la URL oficial de la publicacion (https://www.gob.pe/institucion/ugel05/informes-publicaciones/8645376-convocatoria-cas-n-091-2026)
[2026-10-05 23:01:07]      1  enlace placeholder reparado con la URL oficial de la publicacion (https://ugel302.gob.pe/media/convocatorias/PERFIL_DEL_PUESTO_Vct4ylU.pdf)
[2026-10-05 23:01:07]      1  duplicado (titulo normalizado repetido) de 6002560146753089097
[2026-10-05 23:01:07]      1  salario: salario 'S/ 3,064.19' -> 'S/ 3,064.19' ; frase de descripcion: 'remuneracion de S/ 3,064.19.' -> 'remuneracion de S/ 3,064.19'
[2026-10-05 23:01:07]      1  duplicado (titulo normalizado repetido) de 4547056236399407009
[2026-10-05 23:01:07]      1  salario: salario 'S/ 2500' -> 'S/ 2500' ; frase de descripcion: 'remuneracion de S/ 2500.' -> 'remuneracion de S/ 2500'
[2026-10-05 23:01:07]      1  salario: salario 'S/ 7,000.00' -> 'S/ 7,000.00' ; frase de descripcion: 'remuneracion de S/ 7,000.00.' -> 'remuneracion de S/ 7,000.00'
[2026-10-05 23:01:07]      1  salario: salario 'S/ 3846' -> 'S/ 3846' ; frase de descripcion: 'remuneracion de S/ 3846.' -> 'remuneracion de S/ 3846'
[2026-10-05 23:01:07]      1  salario: salario 'S/ 2,064.19' -> 'S/ 2,064.19' ; frase de descripcion: 'remuneracion de S/ 2,064.19.' -> 'remuneracion de S/ 2,064.19'
[2026-10-05 23:01:07]      1  salario: valor no verificable ('2788.00') ; campo Salario: 'S/ 2788.00' -> 'No especificado' ; frase de descripcion: 'remuneracion de S/ 2788.00.' -> 'remuneracion no especificada'
[2026-10-05 23:01:07]      1  salario: salario 'S/ 3500' -> 'S/ 3500' ; frase de descripcion: 'remuneracion de S/ 3500.' -> 'remuneracion de S/ 3500'
[2026-10-05 23:01:07]      1  salario: salario 'S/ 8,900' -> 'S/ 8,900' ; frase de descripcion: 'remuneracion de S/ 8,900.' -> 'remuneracion de S/ 8,900'
[2026-10-05 23:01:07]      1  salario: valor no verificable ('1564.19') ; campo Salario: 'S/ 1564.19' -> 'No especificado' ; frase de descripcion: 'remuneracion de S/ 1564.19.' -> 'remuneracion no especificada'
[2026-10-05 23:01:07]      1  salario: salario 'S/ 2014' -> 'S/ 2014' ; frase de descripcion: 'remuneracion de S/ 2014.' -> 'remuneracion de S/ 2014'
[2026-10-05 23:01:07]      1  salario: salario 'S/ 11,364.19' -> 'S/ 11,364.19' ; frase de descripcion: 'remuneracion de S/ 11,364.19.' -> 'remuneracion de S/ 11,364.19'
[2026-10-05 23:01:07]      1  salario: valor no verificable ('12') ; campo Salario: 'S/ 12' -> 'No especificado' ; frase de descripcion: 'remuneracion de S/ 12.' -> 'remuneracion no especificada'
[2026-10-05 23:01:07]      1  salario: salario 'S/ 3,178' -> 'S/ 3,178' ; frase de descripcion: 'remuneracion de S/ 3,178' -> 'remuneracion de S/ 3,178'
[2026-10-05 23:01:07]      1  salario: salario 'S/ 5,309.00' -> 'S/ 5,309.00' ; frase de descripcion: 'remuneracion de S/ 5,309.00' -> 'remuneracion de S/ 5,309.00'
[2026-10-05 23:01:07]      1  salario: valor no verificable ('5300.00') ; campo Salario: 'S/ 5300.00' -> 'No especificado' ; frase de descripcion: 'remuneracion de S/ 5300.00' -> 'remuneracion no especificada'
[2026-10-05 23:01:07]      1  salario: salario 'S/ 2,150.61' -> 'S/ 2,150.61' ; frase de descripcion: 'remuneracion de S/ 2,150.61' -> 'remuneracion de S/ 2,150.61'
[2026-10-05 23:01:07]      1  salario: salario 'S/ 3,840.00' -> 'S/ 3,840.00' ; frase de descripcion: 'remuneracion de S/ 3,840.00' -> 'remuneracion de S/ 3,840.00'
[2026-10-05 23:01:07]      1  salario: salario 'S/ 1,417.00' -> 'S/ 1,417.00' ; frase de descripcion: 'remuneracion de S/ 1,417.00' -> 'remuneracion de S/ 1,417.00'
[2026-10-05 23:01:07]      1  salario: salario 'S/ 1,444.00' -> 'S/ 1,444.00' ; frase de descripcion: 'remuneracion de S/ 1,444.00' -> 'remuneracion de S/ 1,444.00'
[2026-10-05 23:01:07]      1  salario: salario 'S/ 12,804.11' -> 'S/ 12,804.11' ; frase de descripcion: 'remuneracion de S/ 12,804.11' -> 'remuneracion de S/ 12,804.11'
[2026-10-05 23:01:07]      1  salario: salario 'S/ 4,500.00' -> 'S/ 4,500.00' ; frase de descripcion: 'remuneracion de S/ 4,500.00.' -> 'remuneracion de S/ 4,500.00'
[2026-10-05 23:01:07]      1  salario: valor no verificable ('3122.75') ; campo Salario: 'S/ 3122.75' -> 'No especificado' ; frase de descripcion: 'remuneracion de S/ 3122.75' -> 'remuneracion no especificada'
[2026-10-05 23:01:07]      1  salario: valor no verificable ('4000.00') ; campo Salario: 'S/ 4000.00' -> 'No especificado' ; frase de descripcion: 'remuneracion de S/ 4000.00' -> 'remuneracion no especificada'
[2026-10-05 23:01:07]      1  salario: salario 'S/ 3500' -> 'S/ 3500' ; frase de descripcion: 'remuneracion de S/ 3500' -> 'remuneracion de S/ 3500'
[2026-10-05 23:01:07]      1  salario: salario 'S/ 7,400.00' -> 'S/ 7,400.00' ; frase de descripcion: 'remuneracion de S/ 7,400.00' -> 'remuneracion de S/ 7,400.00'
[2026-10-05 23:01:07]      1  salario: salario 'S/ 2,600.00' -> 'S/ 2,600.00' ; frase de descripcion: 'remuneracion de S/ 2,600.00' -> 'remuneracion de S/ 2,600.00'
[2026-10-05 23:01:07]      1  salario: salario 'S/ 5,535.81' -> 'S/ 5,535.81' ; frase de descripcion: 'remuneracion de S/ 5,535.81' -> 'remuneracion de S/ 5,535.81'
[2026-10-05 23:01:07]      1  salario: salario 'S/ 11,000' -> 'S/ 11,000' ; frase de descripcion: 'remuneracion de S/ 11,000' -> 'remuneracion de S/ 11,000'
[2026-10-05 23:01:07]      1  salario: salario 'S/ 3,470.00' -> 'S/ 3,470.00' ; frase de descripcion: 'remuneracion de S/ 3,470.00' -> 'remuneracion de S/ 3,470.00'
[2026-10-05 23:01:07]      1  salario: salario 'S/ 8,064.19' -> 'S/ 8,064.19' ; frase de descripcion: 'remuneracion de S/ 8,064.19' -> 'remuneracion de S/ 8,064.19'
[2026-10-05 23:01:07]      1  salario: valor no verificable ('1') ; campo Salario: 'S/ 1,' -> 'No especificado' ; frase de descripcion: 'remuneracion de S/ 1,' -> 'remuneracion no especificada'
[2026-10-05 23:01:07]      1  salario: salario 'S/ .2,250.00' -> 'S/ 2,250.00' ; campo Salario: 'S/ .2,250.00' -> 'S/ 2,250.00'
[2026-10-05 23:01:07]      1  salario: salario 'S/ 8,500' -> 'S/ 8,500' ; frase de descripcion: 'remuneracion de S/ 8,500' -> 'remuneracion de S/ 8,500'
[2026-10-05 23:01:07]      1  salario: valor no verificable ('12364.19') ; campo Salario: 'S/ 12364.19' -> 'No especificado' ; frase de descripcion: 'remuneracion de S/ 12364.19' -> 'remuneracion no especificada'
[2026-10-05 23:01:07]      1  salario: valor no verificable ('8864.19') ; campo Salario: 'S/ 8864.19' -> 'No especificado' ; frase de descripcion: 'remuneracion de S/ 8864.19' -> 'remuneracion no especificada'
[2026-10-05 23:01:07]      1  salario: salario 'S/ 4,800.00' -> 'S/ 4,800.00' ; frase de descripcion: 'remuneracion de S/ 4,800.00' -> 'remuneracion de S/ 4,800.00'
[2026-10-05 23:01:07]      1  salario: valor no verificable ('3964.19') ; campo Salario: 'S/ 3964.19' -> 'No especificado' ; frase de descripcion: 'remuneracion de S/ 3964.19' -> 'remuneracion no especificada'
[2026-10-05 23:01:07]      1  salario: salario 'S/ .1,700.00' -> 'S/ 1,700.00' ; campo Salario: 'S/ .1,700.00' -> 'S/ 1,700.00'
[2026-10-05 23:01:07]      1  salario: valor no verificable ('10') ; campo Salario: 'S/ 10' -> 'No especificado' ; frase de descripcion: 'remuneracion de S/ 10' -> 'remuneracion no especificada'
[2026-10-05 23:01:07]      1  salario: salario 'S/ 8,900.00' -> 'S/ 8,900.00' ; frase de descripcion: 'remuneracion de S/ 8,900.00' -> 'remuneracion de S/ 8,900.00'
[2026-10-05 23:01:07]      1  salario: salario 'S/ 11,500.00' -> 'S/ 11,500.00' ; frase de descripcion: 'remuneracion de S/ 11,500.00' -> 'remuneracion de S/ 11,500.00'
[2026-10-05 23:01:07]      1  salario: salario 'S/ 15600' -> 'S/ 15600' ; frase de descripcion: 'remuneracion de S/ 15600' -> 'remuneracion de S/ 15600'
[2026-10-05 23:01:07]      1  salario: valor no verificable ('7') ; campo Salario: 'S/ 7,' -> 'No especificado' ; frase de descripcion: 'remuneracion de S/ 7,' -> 'remuneracion no especificada'
[2026-10-05 23:01:07]      1  salario: valor no verificable ('3464.19') ; campo Salario: 'S/ 3464.19' -> 'No especificado' ; frase de descripcion: 'remuneracion de S/ 3464.19' -> 'remuneracion no especificada'
[2026-10-05 23:01:07]      1  salario: salario 'S/ 4,764.19' -> 'S/ 4,764.19' ; frase de descripcion: 'remuneracion de S/ 4,764.19' -> 'remuneracion de S/ 4,764.19'
[2026-10-05 23:01:07]      1  salario: salario 'S/ 4,964.19' -> 'S/ 4,964.19' ; frase de descripcion: 'remuneracion de S/ 4,964.19' -> 'remuneracion de S/ 4,964.19'
[2026-10-05 23:01:07]      1  salario: salario 'S/ 1,954.19' -> 'S/ 1,954.19' ; frase de descripcion: 'remuneracion de S/ 1,954.19' -> 'remuneracion de S/ 1,954.19'
[2026-10-05 23:01:07]      1  salario: salario 'S/ 5,837.12' -> 'S/ 5,837.12' ; frase de descripcion: 'remuneracion de S/ 5,837.12' -> 'remuneracion de S/ 5,837.12'
[2026-10-05 23:01:07]      1  salario: salario 'S/ 6,100.00' -> 'S/ 6,100.00' ; frase de descripcion: 'remuneracion de S/ 6,100.00' -> 'remuneracion de S/ 6,100.00'
[2026-10-05 23:01:07]      1  salario: salario 'S/ 5,564.00' -> 'S/ 5,564.00' ; frase de descripcion: 'remuneracion de S/ 5,564.00' -> 'remuneracion de S/ 5,564.00'
[2026-10-05 23:01:07]      1  salario: valor no verificable ('1700.00') ; campo Salario: 'S/ 1700.00' -> 'No especificado' ; frase de descripcion: 'remuneracion de S/ 1700.00' -> 'remuneracion no especificada'
[2026-10-05 23:01:07]      1  salario: salario 'S/ 2,972' -> 'S/ 2,972' ; frase de descripcion: 'remuneracion de S/ 2,972' -> 'remuneracion de S/ 2,972'
[2026-10-05 23:01:07]      1  salario: salario 'S/ 10,000' -> 'S/ 10,000' ; frase de descripcion: 'remuneracion de S/ 10,000' -> 'remuneracion de S/ 10,000'
[2026-10-05 23:01:07]      1  salario: salario 'S/ 2,750.00' -> 'S/ 2,750.00' ; frase de descripcion: 'remuneracion de S/ 2,750.00' -> 'remuneracion de S/ 2,750.00'
[2026-10-05 23:01:07]      1  salario: valor no verificable ('7864.19') ; campo Salario: 'S/ 7864.19' -> 'No especificado' ; frase de descripcion: 'remuneracion de S/ 7864.19' -> 'remuneracion no especificada'
[2026-10-05 23:01:07]      1  salario: valor no verificable ('2864.60') ; campo Salario: 'S/ 2864.60' -> 'No especificado' ; frase de descripcion: 'remuneracion de S/ 2864.60' -> 'remuneracion no especificada'
[2026-10-05 23:01:07]      1  salario: salario 'S/ 3,590.00' -> 'S/ 3,590.00' ; frase de descripcion: 'remuneracion de S/ 3,590.00' -> 'remuneracion de S/ 3,590.00'
[2026-10-05 23:01:07]      1  salario: salario 'S/ 8,000.' -> 'S/ 8,000' ; campo Salario: 'S/ 8,000.' -> 'S/ 8,000' ; frase de descripcion: 'remuneracion de S/ 8,000.' -> 'remuneracion de S/ 8,000'
[2026-10-05 23:01:07]      1  salario: salario 'S/ 11000' -> 'S/ 11000' ; frase de descripcion: 'remuneracion de S/ 11000' -> 'remuneracion de S/ 11000'
[2026-10-05 23:01:07]      1  salario: valor no verificable ('1500.00') ; campo Salario: 'S/ 1500.00' -> 'No especificado' ; frase de descripcion: 'remuneracion de S/ 1500.00' -> 'remuneracion no especificada'
[2026-10-05 23:01:07]      1  salario: salario 'S/ 1,450.00' -> 'S/ 1,450.00' ; frase de descripcion: 'remuneracion de S/ 1,450.00' -> 'remuneracion de S/ 1,450.00'
[2026-10-05 23:01:07]      1  salario: salario 'S/ 11,864.19' -> 'S/ 11,864.19' ; frase de descripcion: 'remuneracion de S/ 11,864.19' -> 'remuneracion de S/ 11,864.19'
[2026-10-05 23:01:07]      1  salario: salario 'S/ 4,871.00' -> 'S/ 4,871.00' ; frase de descripcion: 'remuneracion de S/ 4,871.00' -> 'remuneracion de S/ 4,871.00'
[2026-10-05 23:01:07]      1  salario: salario 'S/ 3,364.16' -> 'S/ 3,364.16' ; frase de descripcion: 'remuneracion de S/ 3,364.16' -> 'remuneracion de S/ 3,364.16'
[2026-10-05 23:01:07]      1  salario: valor no verificable ('9864.19') ; campo Salario: 'S/ 9864.19' -> 'No especificado' ; frase de descripcion: 'remuneracion de S/ 9864.19' -> 'remuneracion no especificada'
[2026-10-05 23:01:07]      1  salario: salario 'S/ 6500' -> 'S/ 6500' ; frase de descripcion: 'remuneracion de S/ 6500' -> 'remuneracion de S/ 6500'
[2026-10-05 23:01:07]      1  salario: salario 'S/ 2,250.00' -> 'S/ 2,250.00' ; frase de descripcion: 'remuneracion de S/ 2,250.00' -> 'remuneracion de S/ 2,250.00'
[2026-10-05 23:01:07]      1  salario: salario 'S/ 10,276.07' -> 'S/ 10,276.07' ; frase de descripcion: 'remuneracion de S/ 10,276.07' -> 'remuneracion de S/ 10,276.07'
[2026-10-05 23:01:07]      1  duplicado (titulo normalizado repetido) de 7609192240242113956
[2026-10-05 23:01:07]      1  salario: salario 'S/ 3100' -> 'S/ 3100' ; frase de descripcion: 'remuneracion de S/ 3100' -> 'remuneracion de S/ 3100'
[2026-10-05 23:01:07]      1  salario: salario 'S/ 9,000' -> 'S/ 9,000' ; frase de descripcion: 'remuneracion de S/ 9,000' -> 'remuneracion de S/ 9,000'
[2026-10-05 23:01:07]      1  salario: valor no verificable ('7250.00') ; campo Salario: 'S/ 7250.00' -> 'No especificado' ; frase de descripcion: 'remuneracion de S/ 7250.00' -> 'remuneracion no especificada'
[2026-10-05 23:01:07]      1  enlace placeholder reparado con la URL oficial de la publicacion (https://www.sernanp.gob.pe/download/43bdf30c-b8e5-11f1-ac71-005056bd93da)
[2026-10-05 23:01:07]      1  salario: valor no verificable ('2864.19') ; campo Salario: 'S/ .2864.19' -> 'No especificado'
[2026-10-05 23:01:07]      1  enlace placeholder reparado con la CTA utilizable de la publicacion (https://drive.google.com/file/d/1JNkPIa11mMLMQ31wF_mWlbzK1Dz97IeP/view?fbclid=IwY2xjawUpScZleHRuA2FlbQMxMDAAcGRvZgVzcnRjBmFwcF9pZBAyMjIwMzkxNzg4MjAwODkyAAEeTtYvYWQBryMv8jBcaKpuRwjE4qzubuuSdKPSjGFn7NNs2BVLQHk2yR7VHLo_aem_qz4T-WWf4V8UiWttmjzJVg)
[2026-10-05 23:01:07]      1  enlace placeholder reparado con la URL oficial de la publicacion (https://www.foncodes.gob.pe/portalante/index.php/convocatorias/sede-central/procesos-cas/convocatorias-cas)
[2026-10-05 23:01:07]      1  salario: valor no verificable ('9000.00') ; campo Salario: 'S/ 9000.00' -> 'No especificado' ; frase de descripcion: 'remuneracion de S/ 9000.00' -> 'remuneracion no especificada'
[2026-10-05 23:01:07]      1  salario: valor no verificable ('5200.00') ; campo Salario: 'S/ 5200.00' -> 'No especificado' ; frase de descripcion: 'remuneracion de S/ 5200.00' -> 'remuneracion no especificada'
[2026-10-05 23:01:07]      1  salario: salario 'S/ .9,364.19' -> 'S/ 9,364.19' ; campo Salario: 'S/ .9,364.19' -> 'S/ 9,364.19'
[2026-10-05 23:01:07]      1  salario: valor no verificable ('1840.00') ; campo Salario: 'S/ 1840.00' -> 'No especificado' ; frase de descripcion: 'remuneracion de S/ 1840.00' -> 'remuneracion no especificada'
[2026-10-05 23:01:07]      1  salario: salario 'S/ 6800' -> 'S/ 6800' ; frase de descripcion: 'remuneracion de S/ 6800' -> 'remuneracion de S/ 6800'
[2026-10-05 23:01:07]      1  salario: salario 'S/ 6,000' -> 'S/ 6,000' ; frase de descripcion: 'remuneracion de S/ 6,000' -> 'remuneracion de S/ 6,000'
[2026-10-05 23:01:07]      1  salario: salario 'S/ 14500' -> 'S/ 14500' ; frase de descripcion: 'remuneracion de S/ 14500' -> 'remuneracion de S/ 14500'
[2026-10-05 23:01:07]      1  salario: salario 'S/ 5,000' -> 'S/ 5,000' ; frase de descripcion: 'remuneracion de S/ 5,000' -> 'remuneracion de S/ 5,000'
[2026-10-05 23:01:07]      1  salario: salario 'S/ .5,564.19' -> 'S/ 5,564.19' ; campo Salario: 'S/ .5,564.19' -> 'S/ 5,564.19'
[2026-10-05 23:01:07]      1  salario: salario 'S/ 7,500' -> 'S/ 7,500' ; frase de descripcion: 'remuneracion de S/ 7,500' -> 'remuneracion de S/ 7,500'
[2026-10-05 23:01:07]      1  salario: salario 'S/ 13,864.19' -> 'S/ 13,864.19' ; frase de descripcion: 'remuneracion de S/ 13,864.19' -> 'remuneracion de S/ 13,864.19'
[2026-10-05 23:01:07]      1  salario: salario 'S/ .2,850.00' -> 'S/ 2,850.00' ; campo Salario: 'S/ .2,850.00' -> 'S/ 2,850.00'
[2026-10-05 23:01:07]      1  salario: salario 'S/ .3,200.00' -> 'S/ 3,200.00' ; campo Salario: 'S/ .3,200.00' -> 'S/ 3,200.00'
[2026-10-05 23:01:07]      1  salario: salario 'S/ .3,150.00' -> 'S/ 3,150.00' ; campo Salario: 'S/ .3,150.00' -> 'S/ 3,150.00'
[2026-10-05 23:01:07]      1  salario: salario 'S/ 7,800.00' -> 'S/ 7,800.00' ; frase de descripcion: 'remuneracion de S/ 7,800.00' -> 'remuneracion de S/ 7,800.00'
[2026-10-05 23:01:07]      1  salario: salario 'S/ 2,235.81' -> 'S/ 2,235.81' ; frase de descripcion: 'remuneracion de S/ 2,235.81' -> 'remuneracion de S/ 2,235.81'
[2026-10-05 23:01:07]      1  salario: salario 'S/ 13,500.00' -> 'S/ 13,500.00' ; frase de descripcion: 'remuneracion de S/ 13,500.00' -> 'remuneracion de S/ 13,500.00'
[2026-10-05 23:01:07]      1  salario: salario 'S/ 2,966.19' -> 'S/ 2,966.19' ; frase de descripcion: 'remuneracion de S/ 2,966.19' -> 'remuneracion de S/ 2,966.19'
[2026-10-05 23:01:07]      1  salario: salario 'S/ 8,900' -> 'S/ 8,900' ; frase de descripcion: 'remuneracion de S/ 8,900' -> 'remuneracion de S/ 8,900'
[2026-10-05 23:01:07]      1  salario: valor no verificable ('5600.00') ; campo Salario: 'S/ 5600.00' -> 'No especificado' ; frase de descripcion: 'remuneracion de S/ 5600.00' -> 'remuneracion no especificada'
[2026-10-05 23:01:07]      1  salario: salario 'S/ 7,250.00' -> 'S/ 7,250.00' ; frase de descripcion: 'remuneracion de S/ 7,250.00' -> 'remuneracion de S/ 7,250.00'
[2026-10-05 23:01:07]      1  salario: salario 'S/ 3,300.00' -> 'S/ 3,300.00' ; frase de descripcion: 'remuneracion de S/ 3,300.00' -> 'remuneracion de S/ 3,300.00'
[2026-10-05 23:01:07]      1  salario: salario 'S/ 3,735.81' -> 'S/ 3,735.81' ; frase de descripcion: 'remuneracion de S/ 3,735.81' -> 'remuneracion de S/ 3,735.81'
[2026-10-05 23:01:07]      1  salario: salario 'S/ .3,800' -> 'S/ 3,800' ; campo Salario: 'S/ .3,800' -> 'S/ 3,800'
[2026-10-05 23:01:07]      1  salario: salario 'S/ 3,700.00' -> 'S/ 3,700.00' ; frase de descripcion: 'remuneracion de S/ 3,700.00' -> 'remuneracion de S/ 3,700.00'
[2026-10-05 23:01:07]      1  salario: valor no verificable ('2614.19') ; campo Salario: 'S/ 2614.19' -> 'No especificado' ; frase de descripcion: 'remuneracion de S/ 2614.19' -> 'remuneracion no especificada'
[2026-10-05 23:01:07]      1  salario: salario 'S/ 2,891.74' -> 'S/ 2,891.74' ; frase de descripcion: 'remuneracion de S/ 2,891.74' -> 'remuneracion de S/ 2,891.74'
[2026-10-05 23:01:07]      1  salario: valor no verificable ('3.140.00') ; campo Salario: 'S/ 3.140.00' -> 'No especificado' ; frase de descripcion: 'remuneracion de S/ 3.140.00' -> 'remuneracion no especificada'
[2026-10-05 23:01:07]      1  salario: salario 'S/ 1,025.00' -> 'S/ 1,025.00' ; frase de descripcion: 'remuneracion de S/ 1,025.00' -> 'remuneracion de S/ 1,025.00'
[2026-10-05 23:01:07]      1  salario: salario 'S/ 4,635.81' -> 'S/ 4,635.81' ; frase de descripcion: 'remuneracion de S/ 4,635.81' -> 'remuneracion de S/ 4,635.81'
[2026-10-05 23:01:07]      1  salario: salario 'S/ 3,140.00' -> 'S/ 3,140.00' ; frase de descripcion: 'remuneracion de S/ 3,140.00' -> 'remuneracion de S/ 3,140.00'
[2026-10-05 23:01:07]      1  duplicado (titulo normalizado repetido) de 7822883322381252191
[2026-10-05 23:01:07]      1  salario: valor no verificable ('3764.19') ; campo Salario: 'S/ 3764.19' -> 'No especificado' ; frase de descripcion: 'remuneracion de S/ 3764.19' -> 'remuneracion no especificada'
[2026-10-05 23:01:07]      1  salario: salario 'S/ 6,728.42' -> 'S/ 6,728.42' ; frase de descripcion: 'remuneracion de S/ 6,728.42' -> 'remuneracion de S/ 6,728.42'
[2026-10-05 23:01:07]      1  salario: salario 'S/ 3,123.21' -> 'S/ 3,123.21' ; frase de descripcion: 'remuneracion de S/ 3,123.21' -> 'remuneracion de S/ 3,123.21'
[2026-10-05 23:01:07]      1  salario: salario 'S/ 10,900.00' -> 'S/ 10,900.00' ; frase de descripcion: 'remuneracion de S/ 10,900.00' -> 'remuneracion de S/ 10,900.00'
[2026-10-05 23:01:07]      1  salario: salario 'S/ 4,776.19' -> 'S/ 4,776.19' ; frase de descripcion: 'remuneracion de S/ 4,776.19' -> 'remuneracion de S/ 4,776.19'
[2026-10-05 23:01:07]      1  salario: salario 'S/ 1,885.71' -> 'S/ 1,885.71' ; frase de descripcion: 'remuneracion de S/ 1,885.71' -> 'remuneracion de S/ 1,885.71'
[2026-10-05 23:01:07]      1  salario: salario 'S/ 5,090.00' -> 'S/ 5,090.00' ; frase de descripcion: 'remuneracion de S/ 5,090.00' -> 'remuneracion de S/ 5,090.00'
[2026-10-05 23:01:07]      1  salario: valor no verificable ('1964.19') ; campo Salario: 'S/ 1964.19' -> 'No especificado' ; frase de descripcion: 'remuneracion de S/ 1964.19' -> 'remuneracion no especificada'
[2026-10-05 23:01:07]      1  salario: salario 'S/ 2,404.19' -> 'S/ 2,404.19' ; frase de descripcion: 'remuneracion de S/ 2,404.19' -> 'remuneracion de S/ 2,404.19'
[2026-10-05 23:01:07]      1  salario: salario 'S/ 2,100.19' -> 'S/ 2,100.19' ; frase de descripcion: 'remuneracion de S/ 2,100.19' -> 'remuneracion de S/ 2,100.19'
[2026-10-05 23:01:07]      1  salario: salario 'S/ 6,064.19' -> 'S/ 6,064.19' ; frase de descripcion: 'remuneracion de S/ 6,064.19' -> 'remuneracion de S/ 6,064.19'
[2026-10-05 23:01:07]      1  salario: valor no verificable ('2372.75') ; campo Salario: 'S/ 2372.75' -> 'No especificado' ; frase de descripcion: 'remuneracion de S/ 2372.75' -> 'remuneracion no especificada'
[2026-10-05 23:01:07]      1  salario: salario 'S/ 10,864.19' -> 'S/ 10,864.19' ; frase de descripcion: 'remuneracion de S/ 10,864.19' -> 'remuneracion de S/ 10,864.19'
[2026-10-05 23:01:07]      1  salario: valor no verificable ('5896.19') ; campo Salario: 'S/ 5896.19' -> 'No especificado' ; frase de descripcion: 'remuneracion de S/ 5896.19' -> 'remuneracion no especificada'
[2026-10-05 23:01:07]      1  salario: salario 'S/ 1,964.19' -> 'S/ 1,964.19' ; frase de descripcion: 'remuneracion de S/ 1,964.19' -> 'remuneracion de S/ 1,964.19'
[2026-10-05 23:01:07]      1  salario: salario 'S/ .2,164.19' -> 'S/ 2,164.19' ; campo Salario: 'S/ .2,164.19' -> 'S/ 2,164.19'
[2026-10-05 23:01:07]      1  salario: valor no verificable ('5110.19') ; campo Salario: 'S/ 5110.19' -> 'No especificado' ; frase de descripcion: 'remuneracion de S/ 5110.19' -> 'remuneracion no especificada'
[2026-10-05 23:01:07]      1  salario: salario 'S/ 1250' -> 'S/ 1250' ; frase de descripcion: 'remuneracion de S/ 1250' -> 'remuneracion de S/ 1250'
[2026-10-05 23:01:07]      1  salario: valor no verificable ('3722.75') ; campo Salario: 'S/ 3722.75' -> 'No especificado' ; frase de descripcion: 'remuneracion de S/ 3722.75' -> 'remuneracion no especificada'
[2026-10-05 23:01:07]      1  salario: salario 'S/ 3,435.81' -> 'S/ 3,435.81' ; frase de descripcion: 'remuneracion de S/ 3,435.81' -> 'remuneracion de S/ 3,435.81'
[2026-10-05 23:01:07]      1  salario: valor no verificable ('9222.75') ; campo Salario: 'S/ 9222.75' -> 'No especificado' ; frase de descripcion: 'remuneracion de S/ 9222.75' -> 'remuneracion no especificada'
[2026-10-05 23:01:07]      1  salario: salario 'S/ 3,750.00' -> 'S/ 3,750.00' ; frase de descripcion: 'remuneracion de S/ 3,750.00' -> 'remuneracion de S/ 3,750.00'
[2026-10-05 23:01:07]      1  salario: salario 'S/ 2,794.19' -> 'S/ 2,794.19' ; frase de descripcion: 'remuneracion de S/ 2,794.19' -> 'remuneracion de S/ 2,794.19'
[2026-10-05 23:01:07]      1  salario: valor no verificable ('1664.19') ; campo Salario: 'S/ 1664.19' -> 'No especificado' ; frase de descripcion: 'remuneracion de S/ 1664.19' -> 'remuneracion no especificada'
[2026-10-05 23:01:07]      1  salario: salario 'S/ .1.200' -> 'S/ 1.200' ; campo Salario: 'S/ .1.200' -> 'S/ 1.200'
[2026-10-05 23:01:07]      1  salario: salario 'S/ 4,200.00' -> 'S/ 4,200.00' ; frase de descripcion: 'remuneracion de S/ 4,200.00' -> 'remuneracion de S/ 4,200.00'
[2026-10-05 23:01:07]      1  salario: salario 'S/ 1,714.00' -> 'S/ 1,714.00' ; frase de descripcion: 'remuneracion de S/ 1,714.00' -> 'remuneracion de S/ 1,714.00'
[2026-10-05 23:01:07]      1  duplicado (titulo normalizado repetido) de 2814206579961342173
[2026-10-05 23:01:07]      1  salario: valor no verificable ('1130.00') ; campo Salario: 'S/ 1130.00' -> 'No especificado' ; frase de descripcion: 'remuneracion de S/ 1130.00' -> 'remuneracion no especificada'
[2026-10-05 23:01:07]      1  salario: salario 'S/ 7,130.36' -> 'S/ 7,130.36' ; frase de descripcion: 'remuneracion de S/ 7,130.36' -> 'remuneracion de S/ 7,130.36'
[2026-10-05 23:01:07]      1  salario: valor no verificable ('7300.00') ; campo Salario: 'S/ 7300.00' -> 'No especificado' ; frase de descripcion: 'remuneracion de S/ 7300.00' -> 'remuneracion no especificada'
[2026-10-05 23:01:07]      1  salario: valor no verificable ('1794.19') ; campo Salario: 'S/ 1794.19' -> 'No especificado' ; frase de descripcion: 'remuneracion de S/ 1794.19' -> 'remuneracion no especificada'
[2026-10-05 23:01:07]      1  salario: valor no verificable ('2300.00') ; campo Salario: 'S/ 2300.00' -> 'No especificado' ; frase de descripcion: 'remuneracion de S/ 2300.00' -> 'remuneracion no especificada'
[2026-10-05 23:01:07]      1  salario: salario 'S/ 7,071.43' -> 'S/ 7,071.43' ; frase de descripcion: 'remuneracion de S/ 7,071.43' -> 'remuneracion de S/ 7,071.43'
[2026-10-05 23:01:07]      1  salario: valor no verificable ('8364.19') ; campo Salario: 'S/ 8364.19' -> 'No especificado' ; frase de descripcion: 'remuneracion de S/ 8364.19' -> 'remuneracion no especificada'
[2026-10-05 23:01:07]      1  salario: salario 'S/ 8,000' -> 'S/ 8,000' ; frase de descripcion: 'remuneracion de S/ 8,000' -> 'remuneracion de S/ 8,000'
[2026-10-05 23:01:07]      1  salario: salario 'S/ 2,212.00' -> 'S/ 2,212.00' ; frase de descripcion: 'remuneracion de S/ 2,212.00' -> 'remuneracion de S/ 2,212.00'
[2026-10-05 23:01:07]      1  salario: salario 'S/ 6,000.' -> 'S/ 6,000' ; campo Salario: 'S/ 6,000.' -> 'S/ 6,000' ; frase de descripcion: 'remuneracion de S/ 6,000.' -> 'remuneracion de S/ 6,000'
[2026-10-05 23:01:07]      1  salario: valor no verificable ('1389.19') ; campo Salario: 'S/ 1389.19' -> 'No especificado' ; frase de descripcion: 'remuneracion de S/ 1389.19' -> 'remuneracion no especificada'
[2026-10-05 23:01:07]      1  salario: salario 'S/ 3,165.00' -> 'S/ 3,165.00' ; frase de descripcion: 'remuneracion de S/ 3,165.00' -> 'remuneracion de S/ 3,165.00'
[2026-10-05 23:01:07]      1  salario: valor no verificable ('1126.70') ; campo Salario: 'S/ 1126.70' -> 'No especificado' ; frase de descripcion: 'remuneracion de S/ 1126.70' -> 'remuneracion no especificada'
[2026-10-05 23:01:07]      1  salario: salario 'S/ 2,772.00' -> 'S/ 2,772.00' ; frase de descripcion: 'remuneracion de S/ 2,772.00' -> 'remuneracion de S/ 2,772.00'
[2026-10-05 23:01:07]      1  salario: salario 'S/ 3400' -> 'S/ 3400' ; frase de descripcion: 'remuneracion de S/ 3400' -> 'remuneracion de S/ 3400'
[2026-10-05 23:01:07]      1  salario: salario 'S/ 2,964.19' -> 'S/ 2,964.19' ; frase de descripcion: 'remuneracion de S/ 2,964.19' -> 'remuneracion de S/ 2,964.19'
[2026-10-05 23:01:07]      1  salario: salario 'S/ 11,364.19' -> 'S/ 11,364.19' ; frase de descripcion: 'remuneracion de S/ 11,364.19' -> 'remuneracion de S/ 11,364.19'
[2026-10-05 23:01:07]      1  salario: salario 'S/ 7,235.81' -> 'S/ 7,235.81' ; frase de descripcion: 'remuneracion de S/ 7,235.81' -> 'remuneracion de S/ 7,235.81'
[2026-10-05 23:01:07]      1  salario: valor no verificable ('1650.00') ; campo Salario: 'S/ 1650.00' -> 'No especificado' ; frase de descripcion: 'remuneracion de S/ 1650.00' -> 'remuneracion no especificada'
[2026-10-05 23:01:07]      1  salario: salario 'S/ 4,150.00' -> 'S/ 4,150.00' ; frase de descripcion: 'remuneracion de S/ 4,150.00' -> 'remuneracion de S/ 4,150.00'
[2026-10-05 23:01:07]      1  salario: valor no verificable ('5') ; campo Salario: 'S/ 5,' -> 'No especificado' ; frase de descripcion: 'remuneracion de S/ 5,' -> 'remuneracion no especificada'
[2026-10-05 23:01:07]      1  salario: salario 'S/ .4,500.00' -> 'S/ 4,500.00' ; campo Salario: 'S/ .4,500.00' -> 'S/ 4,500.00'
[2026-10-05 23:01:07]      1  duplicado (titulo normalizado repetido) de 8168293616881925765
[2026-10-05 23:01:07]      1  duplicado (titulo normalizado repetido) de 5330230268504373485
[2026-10-05 23:01:07]      1  salario: salario 'S/ .1,300.00' -> 'S/ 1,300.00' ; campo Salario: 'S/ .1,300.00' -> 'S/ 1,300.00'
[2026-10-05 23:01:07]      1  salario: salario 'S/ 4,900.00' -> 'S/ 4,900.00' ; frase de descripcion: 'remuneracion de S/ 4,900.00' -> 'remuneracion de S/ 4,900.00'
[2026-10-05 23:01:07]      1  salario: salario 'S/ 1025' -> 'S/ 1025' ; frase de descripcion: 'remuneracion de S/ 1025' -> 'remuneracion de S/ 1025'
[2026-10-05 23:01:07]      1  salario: valor no verificable ('4064.19') ; campo Salario: 'S/ 4064.19' -> 'No especificado' ; frase de descripcion: 'remuneracion de S/ 4064.19' -> 'remuneracion no especificada'
[2026-10-05 23:01:07]      1  salario: salario 'S/ 2,464.19' -> 'S/ 2,464.19' ; frase de descripcion: 'remuneracion de S/ 2,464.19' -> 'remuneracion de S/ 2,464.19'
[2026-10-05 23:01:07]      1  salario: valor no verificable ('11') ; campo Salario: 'S/ 11' -> 'No especificado' ; frase de descripcion: 'remuneracion de S/ 11' -> 'remuneracion no especificada'
[2026-10-05 23:01:07]      1  salario: valor no verificable ('8654.19') ; campo Salario: 'S/ 8654.19' -> 'No especificado' ; frase de descripcion: 'remuneracion de S/ 8654.19' -> 'remuneracion no especificada'
[2026-10-05 23:01:07]      1  salario: salario 'S/ 4,664.19' -> 'S/ 4,664.19' ; frase de descripcion: 'remuneracion de S/ 4,664.19' -> 'remuneracion de S/ 4,664.19'
[2026-10-05 23:01:07]      1  salario: salario 'S/ 1240' -> 'S/ 1240' ; frase de descripcion: 'remuneracion de S/ 1240' -> 'remuneracion de S/ 1240'
[2026-10-05 23:01:07]      1  salario: salario 'S/ 7,035.81' -> 'S/ 7,035.81' ; frase de descripcion: 'remuneracion de S/ 7,035.81' -> 'remuneracion de S/ 7,035.81'
[2026-10-05 23:01:07]      1  salario: salario 'S/ 1235' -> 'S/ 1235' ; frase de descripcion: 'remuneracion de S/ 1235' -> 'remuneracion de S/ 1235'
[2026-10-05 23:01:07]      1  salario: valor no verificable ('4901.64') ; campo Salario: 'S/ 4901.64' -> 'No especificado' ; frase de descripcion: 'remuneracion de S/ 4901.64' -> 'remuneracion no especificada'
[2026-10-05 23:01:07]      1  salario: salario 'S/ 6,135.81' -> 'S/ 6,135.81' ; frase de descripcion: 'remuneracion de S/ 6,135.81' -> 'remuneracion de S/ 6,135.81'
[2026-10-05 23:01:07]      1  salario: salario 'S/ .1,400.00' -> 'S/ 1,400.00' ; campo Salario: 'S/ .1,400.00' -> 'S/ 1,400.00'
[2026-10-05 23:01:07]      1  salario: salario 'S/ 3,407.14' -> 'S/ 3,407.14' ; frase de descripcion: 'remuneracion de S/ 3,407.14' -> 'remuneracion de S/ 3,407.14'
[2026-10-05 23:01:07]      1  salario: valor no verificable ('3') ; campo Salario: 'S/ 3,' -> 'No especificado' ; frase de descripcion: 'remuneracion de S/ 3,' -> 'remuneracion no especificada'
[2026-10-05 23:01:07]      1  salario: salario 'S/ 1,664.19' -> 'S/ 1,664.19' ; frase de descripcion: 'remuneracion de S/ 1,664.19' -> 'remuneracion de S/ 1,664.19'
[2026-10-05 23:01:07]      1  salario: salario 'S/ 9,466.07' -> 'S/ 9,466.07' ; frase de descripcion: 'remuneracion de S/ 9,466.07' -> 'remuneracion de S/ 9,466.07'
[2026-10-05 23:01:07]      1  salario: salario 'S/ 3,308.19' -> 'S/ 3,308.19' ; frase de descripcion: 'remuneracion de S/ 3,308.19' -> 'remuneracion de S/ 3,308.19'
[2026-10-05 23:01:07]      1  salario: valor no verificable ('3100.00') ; campo Salario: 'S/ 3100.00' -> 'No especificado' ; frase de descripcion: 'remuneracion de S/ 3100.00' -> 'remuneracion no especificada'
[2026-10-05 23:01:07]      1  salario: valor no verificable ('6934.19') ; campo Salario: 'S/ 6934.19' -> 'No especificado' ; frase de descripcion: 'remuneracion de S/ 6934.19' -> 'remuneracion no especificada'
[2026-10-05 23:01:07]      1  salario: salario 'S/ 3,914.19' -> 'S/ 3,914.19' ; frase de descripcion: 'remuneracion de S/ 3,914.19' -> 'remuneracion de S/ 3,914.19'
[2026-10-05 23:01:08]   clasificacion -> C:\Users\Dell G3 Gaming\Documents\Default Project\datos\publicados\clasificacion-lote-20261005.jsonl
[2026-10-05 23:01:08] 
[2026-10-05 23:01:08] SOLO ANALIZAR: no se modifico ninguna cola.
[2026-10-05 23:06:58] 
[2026-10-05 23:06:58] === PREPARAR CORRECCIONES (20261005) ===
[2026-10-05 23:06:58]   leyendo feed publico (solo lectura)...
[2026-10-05 23:06:59]   posts leidos: 2751  (0.9 s)
[2026-10-05 23:07:09] 
[2026-10-05 23:07:09] --- CLASIFICACION (A reconstruible / B valida / C excluida) ---
[2026-10-05 23:07:09]   A: 599
[2026-10-05 23:07:09]   B: 1948
[2026-10-05 23:07:09]   C: 204
[2026-10-05 23:07:09] --- ACCIONES propuestas ---
[2026-10-05 23:07:09]   CORREGIR: 599
[2026-10-05 23:07:09]   RETIRAR: 204
[2026-10-05 23:07:09] --- motivos ---
[2026-10-05 23:07:10]    131  el boton POSTULA apunta a convocatoriasdetrabajo.com y la publicacion no contiene URL oficial verificable
[2026-10-05 23:07:10]     88  salario: 'A convenir' -> No especificado (sin monto verificable) ; campo Salario: 'A convenir' -> 'No especificado'
[2026-10-05 23:07:10]     70  salario: valor no numerico ('S/ .') ; campo Salario: 'S/ .' -> 'No especificado'
[2026-10-05 23:07:10]     47  sin enlace de postulacion y sin URL oficial en la publicacion
[2026-10-05 23:07:10]     39  salario: valor no verificable ('3') ; campo Salario: 'S/ 3' -> 'No especificado' ; frase de descripcion: 'remuneracion de S/ 3' -> 'remuneracion no especificada'
[2026-10-05 23:07:10]     31  salario: valor no verificable ('4') ; campo Salario: 'S/ 4' -> 'No especificado' ; frase de descripcion: 'remuneracion de S/ 4' -> 'remuneracion no especificada'
[2026-10-05 23:07:10]     22  salario: valor no verificable ('2') ; campo Salario: 'S/ 2' -> 'No especificado' ; frase de descripcion: 'remuneracion de S/ 2' -> 'remuneracion no especificada'
[2026-10-05 23:07:10]     18  enlace placeholder reparado con la URL oficial de la publicacion (https://site.hsr.gob.pe/wp-content/uploads/2026/09/BASES-.pdf)
[2026-10-05 23:07:10]     16  salario: salario 'S/ 10000.' -> 'S/ 10000' ; campo Salario: 'S/ 10000.' -> 'S/ 10000' ; frase de descripcion: 'remuneracion de S/ 10000.' -> 'remuneracion de S/ 10000'
[2026-10-05 23:07:10]      8  salario: valor no verificable ('6') ; campo Salario: 'S/ 6' -> 'No especificado' ; frase de descripcion: 'remuneracion de S/ 6' -> 'remuneracion no especificada'
[2026-10-05 23:07:10]      8  enlace placeholder reparado con la CTA utilizable de la publicacion (https://docs.google.com/document/d/1anAgWvVgk-rnnnZxumumY7UGXOWIh31_/edit)
[2026-10-05 23:07:10]      8  enlace placeholder reparado con la CTA utilizable de la publicacion (https://www.untels.edu.pe/FTP/2026.09.29.0036_BASES%20CAS%2001-2026-UNTELS-%20TRANSITORIO.pdf)
[2026-10-05 23:07:10]      7  enlace placeholder reparado con la URL oficial de la publicacion (https://hospitalquillabamba.gob.pe/wp-content/uploads/2026/09/PROCESO_276_004_2026_HQ_29092026.pdf)
[2026-10-05 23:07:10]      7  salario: salario 'S/ .2,755.00' -> 'S/ 2,755.00' ; campo Salario: 'S/ .2,755.00' -> 'S/ 2,755.00'
[2026-10-05 23:07:10]      7  salario: valor no verificable ('5') ; campo Salario: 'S/ 5' -> 'No especificado' ; frase de descripcion: 'remuneracion de S/ 5' -> 'remuneracion no especificada'
[2026-10-05 23:07:10]      6  enlace placeholder reparado con la URL oficial de la publicacion (https://convocatoria.vivienda.gob.pe/SIS_RRHH/externo/convocatorias/Inicio)
[2026-10-05 23:07:10]      5  salario: salario 'S/ .4,000.00' -> 'S/ 4,000.00' ; campo Salario: 'S/ .4,000.00' -> 'S/ 4,000.00'
[2026-10-05 23:07:10]      5  salario: valor no verificable ('8') ; campo Salario: 'S/ 8' -> 'No especificado' ; frase de descripcion: 'remuneracion de S/ 8' -> 'remuneracion no especificada'
[2026-10-05 23:07:10]      5  salario: salario 'S/ 1,130.00 soles' -> 'S/ 1,130.00' ; campo Salario: 'S/ 1,130.00 soles' -> 'S/ 1,130.00'
[2026-10-05 23:07:10]      5  salario: valor no verificable ('1') ; campo Salario: 'S/ 1' -> 'No especificado' ; frase de descripcion: 'remuneracion de S/ 1' -> 'remuneracion no especificada'
[2026-10-05 23:07:10]      5  enlace placeholder reparado con la CTA utilizable de la publicacion (https://mpd.sedamhuancayo.com.pe:8181/mpd/inicio.do)
[2026-10-05 23:07:10]      5  salario: salario 'S/ .2,700.00' -> 'S/ 2,700.00' ; campo Salario: 'S/ .2,700.00' -> 'S/ 2,700.00'
[2026-10-05 23:07:10]      5  enlace placeholder reparado con la URL oficial de la publicacion (https://www.hospitalmoquegua.gob.pe/portal/index.php/convocatorias/mnu-cas)
[2026-10-05 23:07:10]      5  salario: salario 'S/ .1,500.00' -> 'S/ 1,500.00' ; campo Salario: 'S/ .1,500.00' -> 'S/ 1,500.00'
[2026-10-05 23:07:10]      4  salario: valor no verificable ('2') ; campo Salario: 'S/ 2,' -> 'No especificado' ; frase de descripcion: 'remuneracion de S/ 2,' -> 'remuneracion no especificada'
[2026-10-05 23:07:10]      4  salario: valor no verificable ('7') ; campo Salario: 'S/ 7' -> 'No especificado' ; frase de descripcion: 'remuneracion de S/ 7' -> 'remuneracion no especificada'
[2026-10-05 23:07:10]      4  salario: salario 'S/ .3,000.00' -> 'S/ 3,000.00' ; campo Salario: 'S/ .3,000.00' -> 'S/ 3,000.00'
[2026-10-05 23:07:10]      4  salario: frase de descripcion: 'remuneracion de S/ 1,130.00.' -> 'remuneracion de S/ 1,130.00'
[2026-10-05 23:07:10]      4  salario: valor no numerico ('Remuneración acorde al mercado') ; campo Salario: 'Remuneración acorde al mercado' -> 'No especificado'
[2026-10-05 23:07:10]      4  salario: salario 'S/ .1,200.00' -> 'S/ 1,200.00' ; campo Salario: 'S/ .1,200.00' -> 'S/ 1,200.00'
[2026-10-05 23:07:10]      4  enlace placeholder reparado con la URL oficial de la publicacion (https://www.gob.pe/institucion/munisanramon/normas-legales/8635179-212-2026-gm-mdsr?fbclid=IwY2xjawUqeQdleHRuA2FlbQIxMABwZG9mAWJyaWQRMW56eFU3WDVCdzVrQW01aWFzcnRjBmFwcF9pZBAyMjIwMzkxNzg4MjAwODkyAAEeagY_WrcjsYHzbgbfX_4TsxCY5Mdfs0hZBeCG6lNkf-T7Sp6aZUFXy3dXWXs_aem_rN7JZT06JJuiheLITLiaDw)
[2026-10-05 23:07:10]      4  salario: salario 'S/ .5,300.00' -> 'S/ 5,300.00' ; campo Salario: 'S/ .5,300.00' -> 'S/ 5,300.00'
[2026-10-05 23:07:10]      3  salario: valor no verificable ('12') ; campo Salario: 'S/ 12' -> 'No especificado' ; frase de descripcion: 'remuneracion de S/ 12' -> 'remuneracion no especificada'
[2026-10-05 23:07:10]      3  duplicado (titulo normalizado repetido) de 845294660998511120
[2026-10-05 23:07:10]      3  salario: salario 'S/ .1,600.00' -> 'S/ 1,600.00' ; campo Salario: 'S/ .1,600.00' -> 'S/ 1,600.00'
[2026-10-05 23:07:10]      3  enlace placeholder reparado con la URL oficial de la publicacion (https://www.munilaencanada.gob.pe/index.php/convocatorias-cas-2026/convocatoria-n-06-2026-en-proceso/102-bases-y-cronograma-del-proceso-12/file)
[2026-10-05 23:07:10]      3  salario: salario 'S/ .6,000.00' -> 'S/ 6,000.00' ; campo Salario: 'S/ .6,000.00' -> 'S/ 6,000.00'
[2026-10-05 23:07:10]      3  salario: salario 'S/. 2.000,00 (Mensual)' -> 'S/ 2.000,00' ; campo Salario: 'S/. 2.000,00 (Mensual)' -> 'S/ 2.000,00'
[2026-10-05 23:07:10]      3  enlace placeholder reparado con la CTA utilizable de la publicacion (https://drive.google.com/file/d/1fZuXeYeSNDrbWi9A7cAxUxoM901VdZsg/view?usp=sharing)
[2026-10-05 23:07:10]      3  salario: salario 'S/ .1,417.00' -> 'S/ 1,417.00' ; campo Salario: 'S/ .1,417.00' -> 'S/ 1,417.00'
[2026-10-05 23:07:10]      3  salario: salario 'S/ .3264.19' -> 'S/ 3264.19' ; campo Salario: 'S/ .3264.19' -> 'S/ 3264.19'
[2026-10-05 23:07:10]      2  salario: salario 'S/ .1,514.19' -> 'S/ 1,514.19' ; campo Salario: 'S/ .1,514.19' -> 'S/ 1,514.19'
[2026-10-05 23:07:10]      2  salario: salario 'S/ .1,714.19' -> 'S/ 1,714.19' ; campo Salario: 'S/ .1,714.19' -> 'S/ 1,714.19'
[2026-10-05 23:07:10]      2  salario: salario 'S/ .4,264.19' -> 'S/ 4,264.19' ; campo Salario: 'S/ .4,264.19' -> 'S/ 4,264.19'
[2026-10-05 23:07:10]      2  salario: valor no verificable ('6') ; campo Salario: 'S/ 6,' -> 'No especificado' ; frase de descripcion: 'remuneracion de S/ 6,' -> 'remuneracion no especificada'
[2026-10-05 23:07:10]      2  salario: valor no verificable ('8') ; campo Salario: 'S/ 8,' -> 'No especificado' ; frase de descripcion: 'remuneracion de S/ 8,' -> 'remuneracion no especificada'
[2026-10-05 23:07:10]      2  salario: salario 'S/ .2,500.00' -> 'S/ 2,500.00' ; campo Salario: 'S/ .2,500.00' -> 'S/ 2,500.00'
[2026-10-05 23:07:10]      2  salario: salario 'S/ .3,500.00' -> 'S/ 3,500.00' ; campo Salario: 'S/ .3,500.00' -> 'S/ 3,500.00'
[2026-10-05 23:07:10]      2  salario: salario 'S/ .5,364.19' -> 'S/ 5,364.19' ; campo Salario: 'S/ .5,364.19' -> 'S/ 5,364.19'
[2026-10-05 23:07:10]      2  salario: salario 'S/ .4364.19' -> 'S/ 4364.19' ; campo Salario: 'S/ .4364.19' -> 'S/ 4364.19'
[2026-10-05 23:07:10]      2  salario: salario 'S/ .1,800.00' -> 'S/ 1,800.00' ; campo Salario: 'S/ .1,800.00' -> 'S/ 1,800.00'
[2026-10-05 23:07:10]      2  salario: salario 'S/ .2,000.00' -> 'S/ 2,000.00' ; campo Salario: 'S/ .2,000.00' -> 'S/ 2,000.00'
[2026-10-05 23:07:10]      2  salario: salario 'S/ .5342.40' -> 'S/ 5342.40' ; campo Salario: 'S/ .5342.40' -> 'S/ 5342.40'
[2026-10-05 23:07:10]      2  salario: salario 'S/ 8,500.' -> 'S/ 8,500' ; campo Salario: 'S/ 8,500.' -> 'S/ 8,500' ; frase de descripcion: 'remuneracion de S/ 8,500.' -> 'remuneracion de S/ 8,500'
[2026-10-05 23:07:10]      2  enlace placeholder reparado con la CTA utilizable de la publicacion (https://drive.google.com/drive/folders/18uQkB4y0I35UDQviXKs-E6_QzqPMW-ZQ)
[2026-10-05 23:07:10]      2  enlace placeholder reparado con la CTA utilizable de la publicacion (https://drive.google.com/file/d/1NznB_Z55tGPG3lYaRywRTveMzR8eQ8U9/view?fbclid=IwY2xjawUrubBleHRuA2FlbQIxMABwZG9mAWJyaWQRMXFJdVdES0FsNHFpRVVSN3VzcnRjBmFwcF9pZBAyMjIwMzkxNzg4MjAwODkyAAEeib0SDft58DNYZcD1sIFzA-Zu38NJ3etipm3ptrqFjC4PEpj4dhv21iVYAU0_aem_ahCaMpubWh4tWInyc8ICCA)
[2026-10-05 23:07:10]      2  titulo de articulo, no de oferta individual
[2026-10-05 23:07:10]      2  enlace placeholder reparado con la URL oficial de la publicacion (https://www.gob.pe/institucion/regionsanmartin-gtbm/informes-publicaciones/8647272-concurso-publico-de-meritos-n-0011-2026-grsm-gtbm-t-oadm-ugpp)
[2026-10-05 23:07:10]      2  enlace placeholder reparado con la URL oficial de la publicacion (https://enlinea.minedu.gob.pe/)
[2026-10-05 23:07:10]      2  enlace placeholder reparado con la CTA utilizable de la publicacion (https://www.facebook.com/photo/?fbid=1420236966973859&set=a.565061712491393)
[2026-10-05 23:07:10]      2  enlace placeholder reparado con la URL oficial de la publicacion (https://www.munihuanuco.gob.pe/intranetmunihco/archivos/20260924045819349.pdf)
[2026-10-05 23:07:10]      2  salario: valor no numerico ('Remuneraci n acorde al mercado')
[2026-10-05 23:07:10]      2  enlace placeholder reparado con la CTA utilizable de la publicacion (https://drive.google.com/file/d/1Qka188x-Okf78_JQHZezZAckF_MX7cv9/view)
[2026-10-05 23:07:10]      2  enlace placeholder reparado con la CTA utilizable de la publicacion (https://drive.google.com/file/d/1mkazlsCK-cfZvLL4B74n_RHcO-IxBjFM/view)
[2026-10-05 23:07:10]      2  duplicado (titulo normalizado repetido) de 1132584317458564134
[2026-10-05 23:07:10]      2  enlace placeholder reparado con la URL oficial de la publicacion (https://www.gob.pe/institucion/ugelibcondorcanqui/noticias)
[2026-10-05 23:07:10]      2  enlace placeholder reparado con la CTA utilizable de la publicacion (https://drive.google.com/file/d/14Xefne-nE6bAZQFlIJWhUCmnBzGdjcHd/view?fbclid=IwY2xjawUrtvJleHRuA2FlbQIxMABwZG9mAWJyaWQRMXFJdVdES0FsNHFpRVVSN3VzcnRjBmFwcF9pZBAyMjIwMzkxNzg4MjAwODkyAAEehFDXzk7-86sOZ17xoYur6DlVUVTFpVDGjlt0Mv3tDSf-MtvEobrkN9mvVXA_aem_DyYq4Zc4uIejICY8QohH8g)
[2026-10-05 23:07:10]      1  salario: salario 'S/. 4.000,00 (Mensual)' -> 'S/ 4.000,00' ; campo Salario: 'S/. 4.000,00 (Mensual)' -> 'S/ 4.000,00'
[2026-10-05 23:07:10]      1  duplicado (titulo normalizado repetido) de 7426267796546006298
[2026-10-05 23:07:10]      1  salario: frase de descripcion: 'remuneracion de S/ 2,150.61.' -> 'remuneracion de S/ 2,150.61'
[2026-10-05 23:07:10]      1  salario: salario 'S/. 2.000,00 (Mensual) + Comisiones' -> 'S/ 2.000,00' ; campo Salario: 'S/. 2.000,00 (Mensual) + Comisiones' -> 'S/ 2.000,00'
[2026-10-05 23:07:10]      1  salario: frase de descripcion: 'remuneracion de S/ 3,064.19.' -> 'remuneracion de S/ 3,064.19'
[2026-10-05 23:07:10]      1  salario: salario 'S/ .5319' -> 'S/ 5319' ; campo Salario: 'S/ .5319' -> 'S/ 5319'
[2026-10-05 23:07:10]      1  salario: salario 'S/. 3.500,00 (Mensual)' -> 'S/ 3.500,00' ; campo Salario: 'S/. 3.500,00 (Mensual)' -> 'S/ 3.500,00'
[2026-10-05 23:07:10]      1  salario: salario 'S/. 1.200,00 (Mensual)' -> 'S/ 1.200,00' ; campo Salario: 'S/. 1.200,00 (Mensual)' -> 'S/ 1.200,00'
[2026-10-05 23:07:10]      1  salario: frase de descripcion: 'remuneracion de S/ 13,000.00.' -> 'remuneracion de S/ 13,000.00'
[2026-10-05 23:07:10]      1  salario: salario 'S/. 2.500,00 (Mensual)' -> 'S/ 2.500,00' ; campo Salario: 'S/. 2.500,00 (Mensual)' -> 'S/ 2.500,00'
[2026-10-05 23:07:10]      1  salario: salario 'S/ .8,950.00' -> 'S/ 8,950.00' ; campo Salario: 'S/ .8,950.00' -> 'S/ 8,950.00'
[2026-10-05 23:07:10]      1  duplicado (titulo normalizado repetido) de 6002560146753089097
[2026-10-05 23:07:10]      1  salario: frase de descripcion: 'remuneracion de S/ 5,670.00.' -> 'remuneracion de S/ 5,670.00'
[2026-10-05 23:07:10]      1  salario: valor no verificable ('6,624,00') ; campo Salario: 'S/ 6,624,00' -> 'No especificado' ; frase de descripcion: 'remuneracion de S/ 6,624,00' -> 'remuneracion no especificada'
[2026-10-05 23:07:10]      1  salario: salario 'S/ .8,685.81' -> 'S/ 8,685.81' ; campo Salario: 'S/ .8,685.81' -> 'S/ 8,685.81'
[2026-10-05 23:07:10]      1  salario: frase de descripcion: 'remuneracion de S/ 3,895.68.' -> 'remuneracion de S/ 3,895.68'
[2026-10-05 23:07:10]      1  salario: salario 'S/ .2739.40' -> 'S/ 2739.40' ; campo Salario: 'S/ .2739.40' -> 'S/ 2739.40'
[2026-10-05 23:07:10]      1  salario: frase de descripcion: 'remuneracion de S/ 2739.' -> 'remuneracion de S/ 2739'
[2026-10-05 23:07:10]      1  salario: valor no numerico ('S/ .8') ; campo Salario: 'S/ .8' -> 'No especificado'
[2026-10-05 23:07:10]      1  salario: salario 'S/ .6666.4' -> 'S/ 6666.4' ; campo Salario: 'S/ .6666.4' -> 'S/ 6666.4'
[2026-10-05 23:07:10]      1  salario: frase de descripcion: 'remuneracion de S/ 6,500.' -> 'remuneracion de S/ 6,500'
[2026-10-05 23:07:10]      1  salario: salario 'S/ .1,444.00' -> 'S/ 1,444.00' ; campo Salario: 'S/ .1,444.00' -> 'S/ 1,444.00'
[2026-10-05 23:07:10]      1  duplicado (titulo normalizado repetido) de 7069122382965927533
[2026-10-05 23:07:10]      1  salario: frase de descripcion: 'remuneracion de S/ 3,300.00.' -> 'remuneracion de S/ 3,300.00'
[2026-10-05 23:07:10]      1  salario: valor no verificable ('4') ; campo Salario: 'S/ 4' -> 'No especificado' ; frase de descripcion: 'remuneracion de S/ 4.' -> 'remuneracion no especificada'
[2026-10-05 23:07:10]      1  salario: salario 'S/. 7.000,00 (Mensual)' -> 'S/ 7.000,00' ; campo Salario: 'S/. 7.000,00 (Mensual)' -> 'S/ 7.000,00'
[2026-10-05 23:07:10]      1  salario: frase de descripcion: 'remuneracion de S/ 12,000.00.' -> 'remuneracion de S/ 12,000.00'
[2026-10-05 23:07:10]      1  salario: salario 'De S/.3,000 A S/.4,000 Por Mes' -> 'S/ 3,000' ; campo Salario: 'De S/.3,000 A S/.4,000 Por Mes' -> 'S/ 3,000'
[2026-10-05 23:07:10]      1  salario: salario 'S/. 1.700,00 (Mensual)' -> 'S/ 1.700,00' ; campo Salario: 'S/. 1.700,00 (Mensual)' -> 'S/ 1.700,00'
[2026-10-05 23:07:10]      1  enlace placeholder reparado con la CTA utilizable de la publicacion (https://drive.google.com/file/d/1hM02wapDpVE2iIBA7LVAvcp2LBhdbFWV/view)
[2026-10-05 23:07:10]      1  enlace placeholder reparado con la URL oficial de la publicacion (https://pad2.minem.gob.pe/ConvocaMinem_Portal/Laserfiche/Descargar?token=Q2ZESjhHRmxpUGtjaUhGS2h4eVNOTWNncnh3MG8wVkV2Rm5JSUJycm1MaTNIcjZGRFNpWmZFRFgwZTRVejExNjN5MXlqbmdsMmE4ZXczUkEzSV9DQTlWTDZjRDVhRG9fNHBlWEJ2eFlQcldPZkhFeWtJdk9hWVluYldhdmxkVlYweWM3NXZ1NU51RDRKVDRRWlZNZFRJcENPZ2M)
[2026-10-05 23:07:10]      1  salario: frase de descripcion: 'remuneracion de S/ 2804.' -> 'remuneracion de S/ 2804'
[2026-10-05 23:07:10]      1  salario: frase de descripcion: 'remuneracion de S/ 3,000.00.' -> 'remuneracion de S/ 3,000.00'
[2026-10-05 23:07:10]      1  salario: frase de descripcion: 'remuneracion de S/ 1564.19.' -> 'remuneracion de S/ 1564.19'
[2026-10-05 23:07:10]      1  salario: frase de descripcion: 'remuneracion de S/ 11,364.19.' -> 'remuneracion de S/ 11,364.19'
[2026-10-05 23:07:10]      1  salario: frase de descripcion: 'remuneracion de S/ 8,900.' -> 'remuneracion de S/ 8,900'
[2026-10-05 23:07:10]      1  salario: frase de descripcion: 'remuneracion de S/ 3500.' -> 'remuneracion de S/ 3500'
[2026-10-05 23:07:10]      1  salario: frase de descripcion: 'remuneracion de S/ 14,000.00.' -> 'remuneracion de S/ 14,000.00'
[2026-10-05 23:07:10]      1  enlace placeholder reparado con la URL oficial de la publicacion (https://convocatoriasadm.jovenesproductivos.gob.pe/procesos/S442026.pdf)
[2026-10-05 23:07:10]      1  salario: frase de descripcion: 'remuneracion de S/ 1,442.00.' -> 'remuneracion de S/ 1,442.00'
[2026-10-05 23:07:10]      1  salario: frase de descripcion: 'remuneracion de S/ 1900.' -> 'remuneracion de S/ 1900'
[2026-10-05 23:07:10]      1  salario: frase de descripcion: 'remuneracion de S/ 1,356.00.' -> 'remuneracion de S/ 1,356.00'
[2026-10-05 23:07:10]      1  enlace placeholder reparado con la CTA utilizable de la publicacion (https://drive.google.com/file/d/11Q-x8ihi-ZQA_ODOqAWYJBFEFRKuYXnB/view)
[2026-10-05 23:07:10]      1  salario: frase de descripcion: 'remuneracion de S/ 1389.' -> 'remuneracion de S/ 1389'
[2026-10-05 23:07:10]      1  salario: frase de descripcion: 'remuneracion de S/ 8500.' -> 'remuneracion de S/ 8500'
[2026-10-05 23:07:10]      1  enlace placeholder reparado con la CTA utilizable de la publicacion (https://drive.google.com/file/d/12aoBbucGEBZFZYHKqFu2UjNgdHPp34nV/view)
[2026-10-05 23:07:10]      1  salario: valor no verificable ('12') ; campo Salario: 'S/ 12' -> 'No especificado' ; frase de descripcion: 'remuneracion de S/ 12.' -> 'remuneracion no especificada'
[2026-10-05 23:07:10]      1  salario: salario 'S/ 1,240.00 soles' -> 'S/ 1,240.00' ; campo Salario: 'S/ 1,240.00 soles' -> 'S/ 1,240.00'
[2026-10-05 23:07:10]      1  salario: frase de descripcion: 'remuneracion de S/ 2,064.19.' -> 'remuneracion de S/ 2,064.19'
[2026-10-05 23:07:10]      1  salario: frase de descripcion: 'remuneracion de S/ 4,500.00.' -> 'remuneracion de S/ 4,500.00'
[2026-10-05 23:07:10]      1  duplicado (titulo normalizado repetido) de 4547056236399407009
[2026-10-05 23:07:10]      1  salario: frase de descripcion: 'remuneracion de S/ 8,864.19.' -> 'remuneracion de S/ 8,864.19'
[2026-10-05 23:07:10]      1  enlace placeholder reparado con la URL oficial de la publicacion (https://www.gob.pe/institucion/mtpe/informes-publicaciones/8602394-concurso-publico-de-practicas-n-030-2026-tr)
[2026-10-05 23:07:10]      1  salario: frase de descripcion: 'remuneracion de S/ 11,000.00.' -> 'remuneracion de S/ 11,000.00'
[2026-10-05 23:07:10]      1  salario: frase de descripcion: 'remuneracion de S/ 2788.00.' -> 'remuneracion de S/ 2788.00'
[2026-10-05 23:07:10]      1  salario: frase de descripcion: 'remuneracion de S/ 7,000.00.' -> 'remuneracion de S/ 7,000.00'
[2026-10-05 23:07:10]      1  enlace placeholder reparado con la URL oficial de la publicacion (https://www.acomerpescado.gob.pe/convocatoria-cas/wp-content/uploads/2026/09/BASES-PROCESO-CAS-N%C2%B0-005-2026-CHOFER-CAMION.pdf)
[2026-10-05 23:07:10]      1  CTA/enlace sin destino utilizable sustituido por la URL oficial de la publicacion (https://convocatoriasadm.jovenesproductivos.gob.pe/procesos/S442026.pdf)
[2026-10-05 23:07:10]      1  salario: frase de descripcion: 'remuneracion de S/ 2014.' -> 'remuneracion de S/ 2014'
[2026-10-05 23:07:10]      1  salario: valor no numerico ('Remuneraci n acorde al mercado') ; campo Salario: 'Remuneraci n acorde al mercado' -> 'No especificado'
[2026-10-05 23:07:10]      1  salario: frase de descripcion: 'remuneracion de S/ 3846.' -> 'remuneracion de S/ 3846'
[2026-10-05 23:07:10]      1  salario: frase de descripcion: 'remuneración de S/ 8,500.00.' -> 'remuneración de S/ 8,500.00'
[2026-10-05 23:07:10]      1  salario: frase de descripcion: 'remuneracion de S/ 2500.' -> 'remuneracion de S/ 2500'
[2026-10-05 23:07:10]      1  duplicado (titulo normalizado repetido) de 7698008718298029392
[2026-10-05 23:07:10]      1  duplicado (titulo normalizado repetido) de 6541637794996535675
[2026-10-05 23:07:10]      1  duplicado (titulo normalizado repetido) de 3435380337195924247
[2026-10-05 23:07:10]      1  duplicado (titulo normalizado repetido) de 5783141738102588903
[2026-10-05 23:07:10]      1  salario: salario 'S/1400' -> 'S/ 1400' ; campo Salario: 'S/1400' -> 'S/ 1400'
[2026-10-05 23:07:10]      1  enlace placeholder reparado con la URL oficial de la publicacion (https://www.gob.pe/institucion/regionapurimac/noticias)
[2026-10-05 23:07:10]      1  enlace placeholder reparado con la URL oficial de la publicacion (https://www.gob.pe/institucion/regionayacucho/noticias)
[2026-10-05 23:07:10]      1  enlace placeholder reparado con la URL oficial de la publicacion (http://old.regionhuancavelica.gob.pe/convocatorias/upload/VIGENTES/CAS/CONVOCATORIAS%20VIGENTES%20CAS%20-%20ANO%202026/1414710_CAS-004-26-GSRANG.pdf)
[2026-10-05 23:07:10]      1  enlace placeholder reparado con la URL oficial de la publicacion (https://old.regionhuancavelica.gob.pe/convocatorias/upload/VIGENTES/CAS/CONVOCATORIAS%20VIGENTES%20CAS%20-%20ANO%202026/1644622_CAS-009-2026-GSRHUAY.pdf)
[2026-10-05 23:07:10]      1  duplicado (titulo normalizado repetido) de 2623278944794664712
[2026-10-05 23:07:10]      1  duplicado (titulo normalizado repetido) de 5330230268504373485
[2026-10-05 23:07:10]      1  duplicado (titulo normalizado repetido) de 8168293616881925765
[2026-10-05 23:07:10]      1  salario: salario 'S/ 8,000.' -> 'S/ 8,000' ; campo Salario: 'S/ 8,000.' -> 'S/ 8,000' ; frase de descripcion: 'remuneracion de S/ 8,000.' -> 'remuneracion de S/ 8,000'
[2026-10-05 23:07:10]      1  salario: valor no verificable ('7') ; campo Salario: 'S/ 7,' -> 'No especificado' ; frase de descripcion: 'remuneracion de S/ 7,' -> 'remuneracion no especificada'
[2026-10-05 23:07:10]      1  salario: salario 'S/ 6,000.' -> 'S/ 6,000' ; campo Salario: 'S/ 6,000.' -> 'S/ 6,000' ; frase de descripcion: 'remuneracion de S/ 6,000.' -> 'remuneracion de S/ 6,000'
[2026-10-05 23:07:10]      1  enlace placeholder reparado con la URL oficial de la publicacion (https://cdn.www.gob.pe/uploads/document/file/10671821/8633934-mpd2026-ext-0872381.pdf?v=1790089620)
[2026-10-05 23:07:10]      1  salario: salario 'S/ 800 a S/ 1,200' -> 'S/ 800' ; campo Salario: 'S/ 800 a S/ 1,200' -> 'S/ 800'
[2026-10-05 23:07:10]      1  salario: valor no verificable ('3') ; campo Salario: 'S/ 3,' -> 'No especificado' ; frase de descripcion: 'remuneracion de S/ 3,' -> 'remuneracion no especificada'
[2026-10-05 23:07:10]      1  salario: valor no verificable ('11') ; campo Salario: 'S/ 11' -> 'No especificado' ; frase de descripcion: 'remuneracion de S/ 11' -> 'remuneracion no especificada'
[2026-10-05 23:07:10]      1  enlace placeholder reparado con la URL oficial de la publicacion (http://www.munijorgebasadre.gob.pe/pagina/web_inst/trans_bt_down.php?file=conv_3431.pdf)
[2026-10-05 23:07:10]      1  enlace placeholder reparado con la URL oficial de la publicacion (http://www.munijorgebasadre.gob.pe/pagina/web_inst/trans_bt_down.php?file=conv_4936.pdf)
[2026-10-05 23:07:10]      1  enlace placeholder reparado con la URL oficial de la publicacion (https://www.gob.pe/institucion/ugel05/informes-publicaciones/8645376-convocatoria-cas-n-091-2026)
[2026-10-05 23:07:10]      1  enlace placeholder reparado con la URL oficial de la publicacion (http://www.munijorgebasadre.gob.pe/pagina/web_inst/trans_bt_down.php?file=conv_7661.pdf)
[2026-10-05 23:07:10]      1  enlace placeholder reparado con la URL oficial de la publicacion (http://www.munijorgebasadre.gob.pe/pagina/web_inst/trans_bt_down.php?file=conv_2382.pdf)
[2026-10-05 23:07:10]      1  enlace placeholder reparado con la CTA utilizable de la publicacion (https://drive.google.com/file/d/11RKmblE7-r81Mu-eXnPBIyPb7RC15mou/view)
[2026-10-05 23:07:10]      1  duplicado (titulo normalizado repetido) de 4630450402343295760
[2026-10-05 23:07:10]      1  enlace placeholder reparado con la URL oficial de la publicacion (https://cdn.www.gob.pe/uploads/document/file/10698017/139931-69-cuarta-convocatoria-bases-proceso-cas-n-001-2026-coordinador-a-de-innovacion-y-soporte-tecnologico.PDF)
[2026-10-05 23:07:10]      1  duplicado (titulo normalizado repetido) de 7777720751105879676
[2026-10-05 23:07:10]      1  enlace placeholder reparado con la URL oficial de la publicacion (https://ugel302.gob.pe/media/convocatorias/PERFIL_DEL_PUESTO_Vct4ylU.pdf)
[2026-10-05 23:07:10]      1  enlace placeholder reparado con la URL oficial de la publicacion (https://munilabaya.gob.pe/web/archivos/convocatorias/004_2026_f1_698.pdf)
[2026-10-05 23:07:10]      1  enlace placeholder reparado con la URL oficial de la publicacion (http://www.munijorgebasadre.gob.pe/pagina/web_inst/trans_bt_down.php?file=conv_4758.pdf)
[2026-10-05 23:07:10]      1  enlace placeholder reparado con la CTA utilizable de la publicacion (https://drive.google.com/drive/folders/1rjS9sUhwHrju9f-r-DHzs2hT6N0h2faS)
[2026-10-05 23:07:10]      1  enlace placeholder reparado con la URL oficial de la publicacion (https://www.irennorte.gob.pe/pdf/convocatorias/bases/BCASAA004-2026.pdf)
[2026-10-05 23:07:10]      1  enlace placeholder reparado con la URL oficial de la publicacion (https://www.munisanmiguel.gob.pe/Transparencia/archivos/convocatorias/2026/PCAS_20260922_148.pdf)
[2026-10-05 23:07:10]      1  enlace placeholder reparado con la CTA utilizable de la publicacion (https://drive.google.com/file/d/1pXnRmki1a2fOsirF2NVW-kqLpcGhmy2p/view?fbclid=IwY2xjawUrnYRleHRuA2FlbQIxMQBwZG9mAXNydGMGYXBwX2lkEDIyMjAzOTE3ODgyMDA4OTIAAR7hSpfAImK-ysVMylPg3nUNWQSo6wZ-aCPKJhHVl19bos2_RSt54MPKVF656Q_aem_HO63MQkm626I_KAm8qxGqA)
[2026-10-05 23:07:10]      1  enlace placeholder reparado con la URL oficial de la publicacion (https://ugel302.gob.pe/media/convocatorias/BASES_DE_LA_CONVOCATORIA.pdf)
[2026-10-05 23:07:10]      1  enlace placeholder reparado con la URL oficial de la publicacion (https://www.gob.pe/institucion/muniurubamba/informes-publicaciones/8630480-proceso-de-convocatoria-cas-n-079-2026-mpu-especialista-administrativo)
[2026-10-05 23:07:10]      1  enlace placeholder reparado con la URL oficial de la publicacion (https://www.gob.pe/institucion/ugelambo/noticias)
[2026-10-05 23:07:10]      1  salario: frase de descripcion: 'remuneracion de S/ 4,964.19.' -> 'remuneracion de S/ 4,964.19'
[2026-10-05 23:07:10]      1  duplicado (titulo normalizado repetido) de 3945076261490873453
[2026-10-05 23:07:10]      1  salario: frase de descripcion: 'remuneracion de S/ 1514.' -> 'remuneracion de S/ 1514'
[2026-10-05 23:07:10]      1  salario: salario 'S/ .3,264.19' -> 'S/ 3,264.19' ; campo Salario: 'S/ .3,264.19' -> 'S/ 3,264.19'
[2026-10-05 23:07:10]      1  salario: salario 'S/ .2,164.19' -> 'S/ 2,164.19' ; campo Salario: 'S/ .2,164.19' -> 'S/ 2,164.19'
[2026-10-05 23:07:10]      1  duplicado (titulo normalizado repetido) de 7822883322381252191
[2026-10-05 23:07:10]      1  salario: valor no verificable ('3.140.00') ; campo Salario: 'S/ 3.140.00' -> 'No especificado' ; frase de descripcion: 'remuneracion de S/ 3.140.00' -> 'remuneracion no especificada'
[2026-10-05 23:07:10]      1  salario: salario 'S/ .1.200' -> 'S/ 1.200' ; campo Salario: 'S/ .1.200' -> 'S/ 1.200'
[2026-10-05 23:07:10]      1  duplicado (titulo normalizado repetido) de 2814206579961342173
[2026-10-05 23:07:10]      1  salario: frase de descripcion: 'remuneracion de S/ 1800.00.' -> 'remuneracion de S/ 1800.00'
[2026-10-05 23:07:10]      1  duplicado (titulo normalizado repetido) de 5337926219016398220
[2026-10-05 23:07:10]      1  salario: frase de descripcion: 'remuneracion de S/ 1025.' -> 'remuneracion de S/ 1025'
[2026-10-05 23:07:10]      1  duplicado (titulo normalizado repetido) de 4621923441338114660
[2026-10-05 23:07:10]      1  salario: salario 'S/ .6,624.00' -> 'S/ 6,624.00' ; campo Salario: 'S/ .6,624.00' -> 'S/ 6,624.00'
[2026-10-05 23:07:10]      1  salario: frase de descripcion: 'remuneracion de S/ 1400.' -> 'remuneracion de S/ 1400'
[2026-10-05 23:07:10]      1  salario: frase de descripcion: 'remuneracion de S/ 1235.' -> 'remuneracion de S/ 1235'
[2026-10-05 23:07:10]      1  salario: salario 'S/ .5,000.00' -> 'S/ 5,000.00' ; campo Salario: 'S/ .5,000.00' -> 'S/ 5,000.00'
[2026-10-05 23:07:10]      1  salario: frase de descripcion: 'remuneracion de S/ 1130.00.' -> 'remuneracion de S/ 1130.00'
[2026-10-05 23:07:10]      1  salario: frase de descripcion: 'remuneracion de S/ 1864.' -> 'remuneracion de S/ 1864'
[2026-10-05 23:07:10]      1  enlace placeholder reparado con la URL oficial de la publicacion (https://www.foncodes.gob.pe/portalante/index.php/convocatorias/sede-central/procesos-cas/convocatorias-cas)
[2026-10-05 23:07:10]      1  enlace placeholder reparado con la CTA utilizable de la publicacion (https://drive.google.com/file/d/1JNkPIa11mMLMQ31wF_mWlbzK1Dz97IeP/view?fbclid=IwY2xjawUpScZleHRuA2FlbQMxMDAAcGRvZgVzcnRjBmFwcF9pZBAyMjIwMzkxNzg4MjAwODkyAAEeTtYvYWQBryMv8jBcaKpuRwjE4qzubuuSdKPSjGFn7NNs2BVLQHk2yR7VHLo_aem_qz4T-WWf4V8UiWttmjzJVg)
[2026-10-05 23:07:10]      1  salario: salario 'S/ .3,800' -> 'S/ 3,800' ; campo Salario: 'S/ .3,800' -> 'S/ 3,800'
[2026-10-05 23:07:10]      1  salario: salario 'S/ .9,364.19' -> 'S/ 9,364.19' ; campo Salario: 'S/ .9,364.19' -> 'S/ 9,364.19'
[2026-10-05 23:07:10]      1  enlace placeholder reparado con la URL oficial de la publicacion (https://www.sernanp.gob.pe/download/43bdf30c-b8e5-11f1-ac71-005056bd93da)
[2026-10-05 23:07:10]      1  salario: valor no verificable ('10') ; campo Salario: 'S/ 10' -> 'No especificado' ; frase de descripcion: 'remuneracion de S/ 10' -> 'remuneracion no especificada'
[2026-10-05 23:07:10]      1  salario: valor no verificable ('1') ; campo Salario: 'S/ 1,' -> 'No especificado' ; frase de descripcion: 'remuneracion de S/ 1,' -> 'remuneracion no especificada'
[2026-10-05 23:07:10]      1  salario: salario 'S/ .2864.19' -> 'S/ 2864.19' ; campo Salario: 'S/ .2864.19' -> 'S/ 2864.19'
[2026-10-05 23:07:10]      1  duplicado (titulo normalizado repetido) de 7609192240242113956
[2026-10-05 23:07:10]      1  salario: salario 'S/ .5,564.19' -> 'S/ 5,564.19' ; campo Salario: 'S/ .5,564.19' -> 'S/ 5,564.19'
[2026-10-05 23:07:10]      1  salario: salario 'S/ .1,300.00' -> 'S/ 1,300.00' ; campo Salario: 'S/ .1,300.00' -> 'S/ 1,300.00'
[2026-10-05 23:07:10]      1  salario: valor no verificable ('5') ; campo Salario: 'S/ 5,' -> 'No especificado' ; frase de descripcion: 'remuneracion de S/ 5,' -> 'remuneracion no especificada'
[2026-10-05 23:07:10]      1  salario: salario 'S/ .1,400.00' -> 'S/ 1,400.00' ; campo Salario: 'S/ .1,400.00' -> 'S/ 1,400.00'
[2026-10-05 23:07:10]      1  salario: salario 'S/ .4,500.00' -> 'S/ 4,500.00' ; campo Salario: 'S/ .4,500.00' -> 'S/ 4,500.00'
[2026-10-05 23:07:10]      1  salario: salario 'S/ .2,250.00' -> 'S/ 2,250.00' ; campo Salario: 'S/ .2,250.00' -> 'S/ 2,250.00'
[2026-10-05 23:07:10]      1  salario: salario 'S/ .2,850.00' -> 'S/ 2,850.00' ; campo Salario: 'S/ .2,850.00' -> 'S/ 2,850.00'
[2026-10-05 23:07:10]      1  salario: salario 'S/ .3,150.00' -> 'S/ 3,150.00' ; campo Salario: 'S/ .3,150.00' -> 'S/ 3,150.00'
[2026-10-05 23:07:10]      1  salario: salario 'S/ .1,700.00' -> 'S/ 1,700.00' ; campo Salario: 'S/ .1,700.00' -> 'S/ 1,700.00'
[2026-10-05 23:07:10]      1  salario: salario 'S/ .3,200.00' -> 'S/ 3,200.00' ; campo Salario: 'S/ .3,200.00' -> 'S/ 3,200.00'
[2026-10-05 23:07:11]   clasificacion -> C:\Users\Dell G3 Gaming\Documents\Default Project\datos\publicados\clasificacion-lote-20261005.jsonl
[2026-10-05 23:07:11] 
[2026-10-05 23:07:11] SOLO ANALIZAR: no se modifico ninguna cola.
[2026-10-05 23:10:27] 
[2026-10-05 23:10:27] === PREPARAR CORRECCIONES (20261005) ===
[2026-10-05 23:10:27]   leyendo feed publico (solo lectura)...
[2026-10-05 23:12:13]   posts leidos: 2751  (106.3 s)
[2026-10-05 23:12:23] 
[2026-10-05 23:12:23] --- CLASIFICACION (A reconstruible / B valida / C excluida) ---
[2026-10-05 23:12:23]   A: 597
[2026-10-05 23:12:23]   B: 1950
[2026-10-05 23:12:23]   C: 204
[2026-10-05 23:12:23] --- ACCIONES propuestas ---
[2026-10-05 23:12:23]   CORREGIR: 597
[2026-10-05 23:12:23]   RETIRAR: 204
[2026-10-05 23:12:23] --- motivos ---
[2026-10-05 23:12:23]    131  el boton POSTULA apunta a convocatoriasdetrabajo.com y la publicacion no contiene URL oficial verificable
[2026-10-05 23:12:23]     88  salario: 'A convenir' -> No especificado (sin monto verificable) ; campo Salario: 'A convenir' -> 'No especificado'
[2026-10-05 23:12:23]     70  salario: valor no numerico ('S/ .') ; campo Salario: 'S/ .' -> 'No especificado'
[2026-10-05 23:12:23]     47  sin enlace de postulacion y sin URL oficial en la publicacion
[2026-10-05 23:12:23]     39  salario: valor no verificable ('3') ; campo Salario: 'S/ 3' -> 'No especificado' ; frase de descripcion: 'remuneracion de S/ 3' -> 'remuneracion no especificada'
[2026-10-05 23:12:23]     31  salario: valor no verificable ('4') ; campo Salario: 'S/ 4' -> 'No especificado' ; frase de descripcion: 'remuneracion de S/ 4' -> 'remuneracion no especificada'
[2026-10-05 23:12:23]     22  salario: valor no verificable ('2') ; campo Salario: 'S/ 2' -> 'No especificado' ; frase de descripcion: 'remuneracion de S/ 2' -> 'remuneracion no especificada'
[2026-10-05 23:12:23]     18  enlace placeholder reparado con la URL oficial de la publicacion (https://site.hsr.gob.pe/wp-content/uploads/2026/09/BASES-.pdf)
[2026-10-05 23:12:23]     16  salario: salario 'S/ 10000.' -> 'S/ 10000' ; campo Salario: 'S/ 10000.' -> 'S/ 10000' ; frase de descripcion: 'remuneracion de S/ 10000.' -> 'remuneracion de S/ 10000'
[2026-10-05 23:12:23]      8  enlace placeholder reparado con la CTA utilizable de la publicacion (https://docs.google.com/document/d/1anAgWvVgk-rnnnZxumumY7UGXOWIh31_/edit)
[2026-10-05 23:12:23]      8  salario: valor no verificable ('6') ; campo Salario: 'S/ 6' -> 'No especificado' ; frase de descripcion: 'remuneracion de S/ 6' -> 'remuneracion no especificada'
[2026-10-05 23:12:23]      8  enlace placeholder reparado con la CTA utilizable de la publicacion (https://www.untels.edu.pe/FTP/2026.09.29.0036_BASES%20CAS%2001-2026-UNTELS-%20TRANSITORIO.pdf)
[2026-10-05 23:12:23]      7  salario: valor no verificable ('5') ; campo Salario: 'S/ 5' -> 'No especificado' ; frase de descripcion: 'remuneracion de S/ 5' -> 'remuneracion no especificada'
[2026-10-05 23:12:23]      7  enlace placeholder reparado con la URL oficial de la publicacion (https://hospitalquillabamba.gob.pe/wp-content/uploads/2026/09/PROCESO_276_004_2026_HQ_29092026.pdf)
[2026-10-05 23:12:23]      7  salario: salario 'S/ .2,755.00' -> 'S/ 2,755.00' ; campo Salario: 'S/ .2,755.00' -> 'S/ 2,755.00'
[2026-10-05 23:12:23]      6  enlace placeholder reparado con la URL oficial de la publicacion (https://convocatoria.vivienda.gob.pe/SIS_RRHH/externo/convocatorias/Inicio)
[2026-10-05 23:12:23]      5  salario: valor no verificable ('1') ; campo Salario: 'S/ 1' -> 'No especificado' ; frase de descripcion: 'remuneracion de S/ 1' -> 'remuneracion no especificada'
[2026-10-05 23:12:23]      5  salario: valor no verificable ('8') ; campo Salario: 'S/ 8' -> 'No especificado' ; frase de descripcion: 'remuneracion de S/ 8' -> 'remuneracion no especificada'
[2026-10-05 23:12:23]      5  salario: salario 'S/ .2,700.00' -> 'S/ 2,700.00' ; campo Salario: 'S/ .2,700.00' -> 'S/ 2,700.00'
[2026-10-05 23:12:23]      5  salario: salario 'S/ .1,500.00' -> 'S/ 1,500.00' ; campo Salario: 'S/ .1,500.00' -> 'S/ 1,500.00'
[2026-10-05 23:12:23]      5  salario: salario 'S/ .4,000.00' -> 'S/ 4,000.00' ; campo Salario: 'S/ .4,000.00' -> 'S/ 4,000.00'
[2026-10-05 23:12:23]      5  enlace placeholder reparado con la CTA utilizable de la publicacion (https://mpd.sedamhuancayo.com.pe:8181/mpd/inicio.do)
[2026-10-05 23:12:23]      5  enlace placeholder reparado con la URL oficial de la publicacion (https://www.hospitalmoquegua.gob.pe/portal/index.php/convocatorias/mnu-cas)
[2026-10-05 23:12:23]      5  salario: salario 'S/ 1,130.00 soles' -> 'S/ 1,130.00' ; campo Salario: 'S/ 1,130.00 soles' -> 'S/ 1,130.00'
[2026-10-05 23:12:23]      4  salario: salario 'S/ .3,000.00' -> 'S/ 3,000.00' ; campo Salario: 'S/ .3,000.00' -> 'S/ 3,000.00'
[2026-10-05 23:12:23]      4  salario: valor no verificable ('2') ; campo Salario: 'S/ 2,' -> 'No especificado' ; frase de descripcion: 'remuneracion de S/ 2,' -> 'remuneracion no especificada'
[2026-10-05 23:12:23]      4  salario: valor no verificable ('7') ; campo Salario: 'S/ 7' -> 'No especificado' ; frase de descripcion: 'remuneracion de S/ 7' -> 'remuneracion no especificada'
[2026-10-05 23:12:23]      4  salario: valor no numerico ('Remuneración acorde al mercado') ; campo Salario: 'Remuneración acorde al mercado' -> 'No especificado'
[2026-10-05 23:12:23]      4  enlace placeholder reparado con la URL oficial de la publicacion (https://www.gob.pe/institucion/munisanramon/normas-legales/8635179-212-2026-gm-mdsr?fbclid=IwY2xjawUqeQdleHRuA2FlbQIxMABwZG9mAWJyaWQRMW56eFU3WDVCdzVrQW01aWFzcnRjBmFwcF9pZBAyMjIwMzkxNzg4MjAwODkyAAEeagY_WrcjsYHzbgbfX_4TsxCY5Mdfs0hZBeCG6lNkf-T7Sp6aZUFXy3dXWXs_aem_rN7JZT06JJuiheLITLiaDw)
[2026-10-05 23:12:23]      4  salario: frase de descripcion: 'remuneracion de S/ 1,130.00.' -> 'remuneracion de S/ 1,130.00'
[2026-10-05 23:12:23]      4  salario: salario 'S/ .5,300.00' -> 'S/ 5,300.00' ; campo Salario: 'S/ .5,300.00' -> 'S/ 5,300.00'
[2026-10-05 23:12:23]      4  salario: salario 'S/ .1,200.00' -> 'S/ 1,200.00' ; campo Salario: 'S/ .1,200.00' -> 'S/ 1,200.00'
[2026-10-05 23:12:23]      3  enlace placeholder reparado con la CTA utilizable de la publicacion (https://drive.google.com/file/d/1fZuXeYeSNDrbWi9A7cAxUxoM901VdZsg/view?usp=sharing)
[2026-10-05 23:12:23]      3  salario: salario 'S/ .3264.19' -> 'S/ 3264.19' ; campo Salario: 'S/ .3264.19' -> 'S/ 3264.19'
[2026-10-05 23:12:23]      3  enlace placeholder reparado con la URL oficial de la publicacion (https://www.munilaencanada.gob.pe/index.php/convocatorias-cas-2026/convocatoria-n-06-2026-en-proceso/102-bases-y-cronograma-del-proceso-12/file)
[2026-10-05 23:12:23]      3  salario: salario 'S/. 2.000,00 (Mensual)' -> 'S/ 2.000,00' ; campo Salario: 'S/. 2.000,00 (Mensual)' -> 'S/ 2.000,00'
[2026-10-05 23:12:23]      3  salario: salario 'S/ .6,000.00' -> 'S/ 6,000.00' ; campo Salario: 'S/ .6,000.00' -> 'S/ 6,000.00'
[2026-10-05 23:12:23]      3  duplicado (titulo normalizado repetido) de 845294660998511120
[2026-10-05 23:12:24]      3  salario: valor no verificable ('12') ; campo Salario: 'S/ 12' -> 'No especificado' ; frase de descripcion: 'remuneracion de S/ 12' -> 'remuneracion no especificada'
[2026-10-05 23:12:24]      3  salario: salario 'S/ .1,600.00' -> 'S/ 1,600.00' ; campo Salario: 'S/ .1,600.00' -> 'S/ 1,600.00'
[2026-10-05 23:12:24]      3  salario: salario 'S/ .1,417.00' -> 'S/ 1,417.00' ; campo Salario: 'S/ .1,417.00' -> 'S/ 1,417.00'
[2026-10-05 23:12:24]      2  salario: salario 'S/ .1,514.19' -> 'S/ 1,514.19' ; campo Salario: 'S/ .1,514.19' -> 'S/ 1,514.19'
[2026-10-05 23:12:24]      2  salario: salario 'S/ .2,000.00' -> 'S/ 2,000.00' ; campo Salario: 'S/ .2,000.00' -> 'S/ 2,000.00'
[2026-10-05 23:12:24]      2  enlace placeholder reparado con la CTA utilizable de la publicacion (https://www.facebook.com/photo/?fbid=1420236966973859&set=a.565061712491393)
[2026-10-05 23:12:24]      2  salario: valor no numerico ('Remuneraci n acorde al mercado')
[2026-10-05 23:12:24]      2  salario: salario 'S/ .5342.40' -> 'S/ 5342.40' ; campo Salario: 'S/ .5342.40' -> 'S/ 5342.40'
[2026-10-05 23:12:24]      2  enlace placeholder reparado con la CTA utilizable de la publicacion (https://drive.google.com/file/d/1NznB_Z55tGPG3lYaRywRTveMzR8eQ8U9/view?fbclid=IwY2xjawUrubBleHRuA2FlbQIxMABwZG9mAWJyaWQRMXFJdVdES0FsNHFpRVVSN3VzcnRjBmFwcF9pZBAyMjIwMzkxNzg4MjAwODkyAAEeib0SDft58DNYZcD1sIFzA-Zu38NJ3etipm3ptrqFjC4PEpj4dhv21iVYAU0_aem_ahCaMpubWh4tWInyc8ICCA)
[2026-10-05 23:12:24]      2  salario: salario 'S/ .1,800.00' -> 'S/ 1,800.00' ; campo Salario: 'S/ .1,800.00' -> 'S/ 1,800.00'
[2026-10-05 23:12:24]      2  salario: salario 'S/ 8,500.' -> 'S/ 8,500' ; campo Salario: 'S/ 8,500.' -> 'S/ 8,500' ; frase de descripcion: 'remuneracion de S/ 8,500.' -> 'remuneracion de S/ 8,500'
[2026-10-05 23:12:24]      2  salario: salario 'S/ .5,364.19' -> 'S/ 5,364.19' ; campo Salario: 'S/ .5,364.19' -> 'S/ 5,364.19'
[2026-10-05 23:12:24]      2  salario: salario 'S/ .2,500.00' -> 'S/ 2,500.00' ; campo Salario: 'S/ .2,500.00' -> 'S/ 2,500.00'
[2026-10-05 23:12:24]      2  enlace placeholder reparado con la CTA utilizable de la publicacion (https://drive.google.com/file/d/1mkazlsCK-cfZvLL4B74n_RHcO-IxBjFM/view)
[2026-10-05 23:12:24]      2  salario: salario 'S/ .4364.19' -> 'S/ 4364.19' ; campo Salario: 'S/ .4364.19' -> 'S/ 4364.19'
[2026-10-05 23:12:24]      2  salario: salario 'S/ .4,264.19' -> 'S/ 4,264.19' ; campo Salario: 'S/ .4,264.19' -> 'S/ 4,264.19'
[2026-10-05 23:12:24]      2  salario: valor no verificable ('8') ; campo Salario: 'S/ 8,' -> 'No especificado' ; frase de descripcion: 'remuneracion de S/ 8,' -> 'remuneracion no especificada'
[2026-10-05 23:12:24]      2  salario: salario 'S/ .1,714.19' -> 'S/ 1,714.19' ; campo Salario: 'S/ .1,714.19' -> 'S/ 1,714.19'
[2026-10-05 23:12:24]      2  enlace placeholder reparado con la CTA utilizable de la publicacion (https://drive.google.com/file/d/1Qka188x-Okf78_JQHZezZAckF_MX7cv9/view)
[2026-10-05 23:12:24]      2  salario: salario 'S/ .3,500.00' -> 'S/ 3,500.00' ; campo Salario: 'S/ .3,500.00' -> 'S/ 3,500.00'
[2026-10-05 23:12:24]      2  salario: valor no verificable ('6') ; campo Salario: 'S/ 6,' -> 'No especificado' ; frase de descripcion: 'remuneracion de S/ 6,' -> 'remuneracion no especificada'
[2026-10-05 23:12:24]      2  enlace placeholder reparado con la URL oficial de la publicacion (https://www.gob.pe/institucion/ugelibcondorcanqui/noticias)
[2026-10-05 23:12:24]      2  enlace placeholder reparado con la URL oficial de la publicacion (https://www.munihuanuco.gob.pe/intranetmunihco/archivos/20260924045819349.pdf)
[2026-10-05 23:12:24]      2  duplicado (titulo normalizado repetido) de 1132584317458564134
[2026-10-05 23:12:24]      2  titulo de articulo, no de oferta individual
[2026-10-05 23:12:24]      2  enlace placeholder reparado con la URL oficial de la publicacion (https://enlinea.minedu.gob.pe/)
[2026-10-05 23:12:24]      2  enlace placeholder reparado con la CTA utilizable de la publicacion (https://drive.google.com/drive/folders/18uQkB4y0I35UDQviXKs-E6_QzqPMW-ZQ)
[2026-10-05 23:12:24]      2  enlace placeholder reparado con la URL oficial de la publicacion (https://www.gob.pe/institucion/regionsanmartin-gtbm/informes-publicaciones/8647272-concurso-publico-de-meritos-n-0011-2026-grsm-gtbm-t-oadm-ugpp)
[2026-10-05 23:12:24]      2  enlace placeholder reparado con la CTA utilizable de la publicacion (https://drive.google.com/file/d/14Xefne-nE6bAZQFlIJWhUCmnBzGdjcHd/view?fbclid=IwY2xjawUrtvJleHRuA2FlbQIxMABwZG9mAWJyaWQRMXFJdVdES0FsNHFpRVVSN3VzcnRjBmFwcF9pZBAyMjIwMzkxNzg4MjAwODkyAAEehFDXzk7-86sOZ17xoYur6DlVUVTFpVDGjlt0Mv3tDSf-MtvEobrkN9mvVXA_aem_DyYq4Zc4uIejICY8QohH8g)
[2026-10-05 23:12:24]      1  salario: valor no verificable ('12') ; campo Salario: 'S/ 12' -> 'No especificado' ; frase de descripcion: 'remuneracion de S/ 12.' -> 'remuneracion no especificada'
[2026-10-05 23:12:24]      1  salario: frase de descripcion: 'remuneracion de S/ 2500.' -> 'remuneracion de S/ 2500'
[2026-10-05 23:12:24]      1  salario: frase de descripcion: 'remuneracion de S/ 3846.' -> 'remuneracion de S/ 3846'
[2026-10-05 23:12:24]      1  salario: frase de descripcion: 'remuneracion de S/ 2,064.19.' -> 'remuneracion de S/ 2,064.19'
[2026-10-05 23:12:24]      1  salario: frase de descripcion: 'remuneracion de S/ 4,500.00.' -> 'remuneracion de S/ 4,500.00'
[2026-10-05 23:12:24]      1  salario: frase de descripcion: 'remuneracion de S/ 2788.00.' -> 'remuneracion de S/ 2788.00'
[2026-10-05 23:12:24]      1  salario: frase de descripcion: 'remuneracion de S/ 3500.' -> 'remuneracion de S/ 3500'
[2026-10-05 23:12:24]      1  salario: frase de descripcion: 'remuneracion de S/ 1564.19.' -> 'remuneracion de S/ 1564.19'
[2026-10-05 23:12:24]      1  salario: frase de descripcion: 'remuneracion de S/ 3,000.00.' -> 'remuneracion de S/ 3,000.00'
[2026-10-05 23:12:24]      1  salario: frase de descripcion: 'remuneracion de S/ 8,900.' -> 'remuneracion de S/ 8,900'
[2026-10-05 23:12:24]      1  salario: frase de descripcion: 'remuneracion de S/ 2804.' -> 'remuneracion de S/ 2804'
[2026-10-05 23:12:24]      1  salario: frase de descripcion: 'remuneracion de S/ 7,000.00.' -> 'remuneracion de S/ 7,000.00'
[2026-10-05 23:12:24]      1  salario: frase de descripcion: 'remuneracion de S/ 11,364.19.' -> 'remuneracion de S/ 11,364.19'
[2026-10-05 23:12:24]      1  salario: frase de descripcion: 'remuneracion de S/ 2014.' -> 'remuneracion de S/ 2014'
[2026-10-05 23:12:24]      1  salario: salario 'S/ .1,444.00' -> 'S/ 1,444.00' ; campo Salario: 'S/ .1,444.00' -> 'S/ 1,444.00'
[2026-10-05 23:12:24]      1  duplicado (titulo normalizado repetido) de 7069122382965927533
[2026-10-05 23:12:24]      1  salario: frase de descripcion: 'remuneracion de S/ 3,300.00.' -> 'remuneracion de S/ 3,300.00'
[2026-10-05 23:12:24]      1  salario: valor no verificable ('4') ; campo Salario: 'S/ 4' -> 'No especificado' ; frase de descripcion: 'remuneracion de S/ 4.' -> 'remuneracion no especificada'
[2026-10-05 23:12:24]      1  salario: salario 'S/ .8,685.81' -> 'S/ 8,685.81' ; campo Salario: 'S/ .8,685.81' -> 'S/ 8,685.81'
[2026-10-05 23:12:24]      1  salario: frase de descripcion: 'remuneracion de S/ 3,895.68.' -> 'remuneracion de S/ 3,895.68'
[2026-10-05 23:12:24]      1  salario: frase de descripcion: 'remuneracion de S/ 12,000.00.' -> 'remuneracion de S/ 12,000.00'
[2026-10-05 23:12:24]      1  salario: frase de descripcion: 'remuneracion de S/ 6,500.' -> 'remuneracion de S/ 6,500'
[2026-10-05 23:12:24]      1  duplicado (titulo normalizado repetido) de 6002560146753089097
[2026-10-05 23:12:24]      1  salario: frase de descripcion: 'remuneracion de S/ 13,000.00.' -> 'remuneracion de S/ 13,000.00'
[2026-10-05 23:12:24]      1  salario: salario 'S/ .8,950.00' -> 'S/ 8,950.00' ; campo Salario: 'S/ .8,950.00' -> 'S/ 8,950.00'
[2026-10-05 23:12:24]      1  duplicado (titulo normalizado repetido) de 4547056236399407009
[2026-10-05 23:12:24]      1  salario: frase de descripcion: 'remuneracion de S/ 8,864.19.' -> 'remuneracion de S/ 8,864.19'
[2026-10-05 23:12:24]      1  salario: frase de descripcion: 'remuneracion de S/ 2,150.61.' -> 'remuneracion de S/ 2,150.61'
[2026-10-05 23:12:24]      1  salario: frase de descripcion: 'remuneracion de S/ 3,064.19.' -> 'remuneracion de S/ 3,064.19'
[2026-10-05 23:12:24]      1  salario: salario 'S/ .5319' -> 'S/ 5319' ; campo Salario: 'S/ .5319' -> 'S/ 5319'
[2026-10-05 23:12:24]      1  duplicado (titulo normalizado repetido) de 7426267796546006298
[2026-10-05 23:12:24]      1  salario: frase de descripcion: 'remuneracion de S/ 14,000.00.' -> 'remuneracion de S/ 14,000.00'
[2026-10-05 23:12:24]      1  enlace placeholder reparado con la URL oficial de la publicacion (https://www.gob.pe/institucion/mtpe/informes-publicaciones/8602394-concurso-publico-de-practicas-n-030-2026-tr)
[2026-10-05 23:12:24]      1  salario: salario 'S/ 1,240.00 soles' -> 'S/ 1,240.00' ; campo Salario: 'S/ 1,240.00 soles' -> 'S/ 1,240.00'
[2026-10-05 23:12:24]      1  enlace placeholder reparado con la CTA utilizable de la publicacion (https://drive.google.com/file/d/11RKmblE7-r81Mu-eXnPBIyPb7RC15mou/view)
[2026-10-05 23:12:24]      1  duplicado (titulo normalizado repetido) de 7777720751105879676
[2026-10-05 23:12:24]      1  enlace placeholder reparado con la URL oficial de la publicacion (https://www.acomerpescado.gob.pe/convocatoria-cas/wp-content/uploads/2026/09/BASES-PROCESO-CAS-N%C2%B0-005-2026-CHOFER-CAMION.pdf)
[2026-10-05 23:12:24]      1  enlace placeholder reparado con la URL oficial de la publicacion (https://cdn.www.gob.pe/uploads/document/file/10698017/139931-69-cuarta-convocatoria-bases-proceso-cas-n-001-2026-coordinador-a-de-innovacion-y-soporte-tecnologico.PDF)
[2026-10-05 23:12:24]      1  salario: valor no numerico ('Remuneraci n acorde al mercado') ; campo Salario: 'Remuneraci n acorde al mercado' -> 'No especificado'
[2026-10-05 23:12:24]      1  salario: frase de descripcion: 'remuneración de S/ 8,500.00.' -> 'remuneración de S/ 8,500.00'
[2026-10-05 23:12:24]      1  duplicado (titulo normalizado repetido) de 4630450402343295760
[2026-10-05 23:12:24]      1  salario: salario 'De S/.3,000 A S/.4,000 Por Mes' -> 'S/ 3,000' ; campo Salario: 'De S/.3,000 A S/.4,000 Por Mes' -> 'S/ 3,000'
[2026-10-05 23:12:24]      1  salario: salario 'S/. 4.000,00 (Mensual)' -> 'S/ 4.000,00' ; campo Salario: 'S/. 4.000,00 (Mensual)' -> 'S/ 4.000,00'
[2026-10-05 23:12:24]      1  salario: salario 'S/. 7.000,00 (Mensual)' -> 'S/ 7.000,00' ; campo Salario: 'S/. 7.000,00 (Mensual)' -> 'S/ 7.000,00'
[2026-10-05 23:12:24]      1  salario: salario 'S/. 1.700,00 (Mensual)' -> 'S/ 1.700,00' ; campo Salario: 'S/. 1.700,00 (Mensual)' -> 'S/ 1.700,00'
[2026-10-05 23:12:24]      1  salario: salario 'S/. 3.500,00 (Mensual)' -> 'S/ 3.500,00' ; campo Salario: 'S/. 3.500,00 (Mensual)' -> 'S/ 3.500,00'
[2026-10-05 23:12:24]      1  salario: salario 'S/. 1.200,00 (Mensual)' -> 'S/ 1.200,00' ; campo Salario: 'S/. 1.200,00 (Mensual)' -> 'S/ 1.200,00'
[2026-10-05 23:12:24]      1  salario: salario 'S/. 2.500,00 (Mensual)' -> 'S/ 2.500,00' ; campo Salario: 'S/. 2.500,00 (Mensual)' -> 'S/ 2.500,00'
[2026-10-05 23:12:24]      1  salario: salario 'S/. 2.000,00 (Mensual) + Comisiones' -> 'S/ 2.000,00' ; campo Salario: 'S/. 2.000,00 (Mensual) + Comisiones' -> 'S/ 2.000,00'
[2026-10-05 23:12:24]      1  salario: frase de descripcion: 'remuneracion de S/ 1900.' -> 'remuneracion de S/ 1900'
[2026-10-05 23:12:24]      1  salario: frase de descripcion: 'remuneracion de S/ 1,356.00.' -> 'remuneracion de S/ 1,356.00'
[2026-10-05 23:12:24]      1  enlace placeholder reparado con la URL oficial de la publicacion (http://www.munijorgebasadre.gob.pe/pagina/web_inst/trans_bt_down.php?file=conv_7661.pdf)
[2026-10-05 23:12:24]      1  salario: frase de descripcion: 'remuneracion de S/ 11,000.00.' -> 'remuneracion de S/ 11,000.00'
[2026-10-05 23:12:24]      1  salario: frase de descripcion: 'remuneracion de S/ 2739.' -> 'remuneracion de S/ 2739'
[2026-10-05 23:12:24]      1  salario: frase de descripcion: 'remuneracion de S/ 1389.' -> 'remuneracion de S/ 1389'
[2026-10-05 23:12:24]      1  salario: frase de descripcion: 'remuneracion de S/ 1,442.00.' -> 'remuneracion de S/ 1,442.00'
[2026-10-05 23:12:24]      1  salario: frase de descripcion: 'remuneracion de S/ 8500.' -> 'remuneracion de S/ 8500'
[2026-10-05 23:12:24]      1  enlace placeholder reparado con la URL oficial de la publicacion (http://www.munijorgebasadre.gob.pe/pagina/web_inst/trans_bt_down.php?file=conv_3431.pdf)
[2026-10-05 23:12:24]      1  enlace placeholder reparado con la CTA utilizable de la publicacion (https://drive.google.com/file/d/1hM02wapDpVE2iIBA7LVAvcp2LBhdbFWV/view)
[2026-10-05 23:12:24]      1  enlace placeholder reparado con la CTA utilizable de la publicacion (https://drive.google.com/file/d/11Q-x8ihi-ZQA_ODOqAWYJBFEFRKuYXnB/view)
[2026-10-05 23:12:24]      1  CTA/enlace sin destino utilizable sustituido por la URL oficial de la publicacion (https://convocatoriasadm.jovenesproductivos.gob.pe/procesos/S442026.pdf)
[2026-10-05 23:12:24]      1  enlace placeholder reparado con la URL oficial de la publicacion (https://pad2.minem.gob.pe/ConvocaMinem_Portal/Laserfiche/Descargar?token=Q2ZESjhHRmxpUGtjaUhGS2h4eVNOTWNncnh3MG8wVkV2Rm5JSUJycm1MaTNIcjZGRFNpWmZFRFgwZTRVejExNjN5MXlqbmdsMmE4ZXczUkEzSV9DQTlWTDZjRDVhRG9fNHBlWEJ2eFlQcldPZkhFeWtJdk9hWVluYldhdmxkVlYweWM3NXZ1NU51RDRKVDRRWlZNZFRJcENPZ2M)
[2026-10-05 23:12:24]      1  enlace placeholder reparado con la URL oficial de la publicacion (http://www.munijorgebasadre.gob.pe/pagina/web_inst/trans_bt_down.php?file=conv_2382.pdf)
[2026-10-05 23:12:24]      1  enlace placeholder reparado con la URL oficial de la publicacion (http://www.munijorgebasadre.gob.pe/pagina/web_inst/trans_bt_down.php?file=conv_4936.pdf)
[2026-10-05 23:12:24]      1  enlace placeholder reparado con la CTA utilizable de la publicacion (https://drive.google.com/file/d/12aoBbucGEBZFZYHKqFu2UjNgdHPp34nV/view)
[2026-10-05 23:12:24]      1  enlace placeholder reparado con la URL oficial de la publicacion (https://convocatoriasadm.jovenesproductivos.gob.pe/procesos/S442026.pdf)
[2026-10-05 23:12:24]      1  salario: frase de descripcion: 'remuneracion de S/ 5,670.00.' -> 'remuneracion de S/ 5,670.00'
[2026-10-05 23:12:24]      1  salario: salario 'S/1400' -> 'S/ 1400' ; campo Salario: 'S/1400' -> 'S/ 1400'
[2026-10-05 23:12:24]      1  salario: salario 'S/ .3,800' -> 'S/ 3,800' ; campo Salario: 'S/ .3,800' -> 'S/ 3,800'
[2026-10-05 23:12:24]      1  salario: salario 'S/ .3,150.00' -> 'S/ 3,150.00' ; campo Salario: 'S/ .3,150.00' -> 'S/ 3,150.00'
[2026-10-05 23:12:24]      1  salario: salario 'S/ .5,564.19' -> 'S/ 5,564.19' ; campo Salario: 'S/ .5,564.19' -> 'S/ 5,564.19'
[2026-10-05 23:12:24]      1  duplicado (titulo normalizado repetido) de 5783141738102588903
[2026-10-05 23:12:24]      1  salario: salario 'S/ .9,364.19' -> 'S/ 9,364.19' ; campo Salario: 'S/ .9,364.19' -> 'S/ 9,364.19'
[2026-10-05 23:12:24]      1  duplicado (titulo normalizado repetido) de 6541637794996535675
[2026-10-05 23:12:24]      1  duplicado (titulo normalizado repetido) de 7698008718298029392
[2026-10-05 23:12:24]      1  salario: salario 'S/ .2,850.00' -> 'S/ 2,850.00' ; campo Salario: 'S/ .2,850.00' -> 'S/ 2,850.00'
[2026-10-05 23:12:24]      1  enlace placeholder reparado con la URL oficial de la publicacion (https://www.gob.pe/institucion/regionapurimac/noticias)
[2026-10-05 23:12:24]      1  salario: salario 'S/ .2,250.00' -> 'S/ 2,250.00' ; campo Salario: 'S/ .2,250.00' -> 'S/ 2,250.00'
[2026-10-05 23:12:24]      1  salario: valor no verificable ('5') ; campo Salario: 'S/ 5,' -> 'No especificado' ; frase de descripcion: 'remuneracion de S/ 5,' -> 'remuneracion no especificada'
[2026-10-05 23:12:24]      1  enlace placeholder reparado con la URL oficial de la publicacion (https://www.gob.pe/institucion/regionayacucho/noticias)
[2026-10-05 23:12:24]      1  salario: salario 'S/ .1,700.00' -> 'S/ 1,700.00' ; campo Salario: 'S/ .1,700.00' -> 'S/ 1,700.00'
[2026-10-05 23:12:24]      1  salario: salario 'S/ .3,200.00' -> 'S/ 3,200.00' ; campo Salario: 'S/ .3,200.00' -> 'S/ 3,200.00'
[2026-10-05 23:12:24]      1  enlace placeholder reparado con la URL oficial de la publicacion (https://old.regionhuancavelica.gob.pe/convocatorias/upload/VIGENTES/CAS/CONVOCATORIAS%20VIGENTES%20CAS%20-%20ANO%202026/1644622_CAS-009-2026-GSRHUAY.pdf)
[2026-10-05 23:12:24]      1  enlace placeholder reparado con la URL oficial de la publicacion (http://old.regionhuancavelica.gob.pe/convocatorias/upload/VIGENTES/CAS/CONVOCATORIAS%20VIGENTES%20CAS%20-%20ANO%202026/1414710_CAS-004-26-GSRANG.pdf)
[2026-10-05 23:12:24]      1  enlace placeholder reparado con la URL oficial de la publicacion (https://www.foncodes.gob.pe/portalante/index.php/convocatorias/sede-central/procesos-cas/convocatorias-cas)
[2026-10-05 23:12:24]      1  duplicado (titulo normalizado repetido) de 5330230268504373485
[2026-10-05 23:12:24]      1  duplicado (titulo normalizado repetido) de 8168293616881925765
[2026-10-05 23:12:24]      1  salario: valor no verificable ('7') ; campo Salario: 'S/ 7,' -> 'No especificado' ; frase de descripcion: 'remuneracion de S/ 7,' -> 'remuneracion no especificada'
[2026-10-05 23:12:24]      1  salario: salario 'S/ 800 a S/ 1,200' -> 'S/ 800' ; campo Salario: 'S/ 800 a S/ 1,200' -> 'S/ 800'
[2026-10-05 23:12:24]      1  salario: valor no verificable ('11') ; campo Salario: 'S/ 11' -> 'No especificado' ; frase de descripcion: 'remuneracion de S/ 11' -> 'remuneracion no especificada'
[2026-10-05 23:12:24]      1  salario: valor no verificable ('3') ; campo Salario: 'S/ 3,' -> 'No especificado' ; frase de descripcion: 'remuneracion de S/ 3,' -> 'remuneracion no especificada'
[2026-10-05 23:12:24]      1  salario: salario 'S/ 6,000.' -> 'S/ 6,000' ; campo Salario: 'S/ 6,000.' -> 'S/ 6,000' ; frase de descripcion: 'remuneracion de S/ 6,000.' -> 'remuneracion de S/ 6,000'
[2026-10-05 23:12:24]      1  enlace placeholder reparado con la URL oficial de la publicacion (https://cdn.www.gob.pe/uploads/document/file/10671821/8633934-mpd2026-ext-0872381.pdf?v=1790089620)
[2026-10-05 23:12:24]      1  salario: salario 'S/ 8,000.' -> 'S/ 8,000' ; campo Salario: 'S/ 8,000.' -> 'S/ 8,000' ; frase de descripcion: 'remuneracion de S/ 8,000.' -> 'remuneracion de S/ 8,000'
[2026-10-05 23:12:24]      1  salario: salario 'S/ .2864.19' -> 'S/ 2864.19' ; campo Salario: 'S/ .2864.19' -> 'S/ 2864.19'
[2026-10-05 23:12:24]      1  duplicado (titulo normalizado repetido) de 7609192240242113956
[2026-10-05 23:12:24]      1  enlace placeholder reparado con la CTA utilizable de la publicacion (https://drive.google.com/file/d/1JNkPIa11mMLMQ31wF_mWlbzK1Dz97IeP/view?fbclid=IwY2xjawUpScZleHRuA2FlbQMxMDAAcGRvZgVzcnRjBmFwcF9pZBAyMjIwMzkxNzg4MjAwODkyAAEeTtYvYWQBryMv8jBcaKpuRwjE4qzubuuSdKPSjGFn7NNs2BVLQHk2yR7VHLo_aem_qz4T-WWf4V8UiWttmjzJVg)
[2026-10-05 23:12:24]      1  enlace placeholder reparado con la URL oficial de la publicacion (https://www.sernanp.gob.pe/download/43bdf30c-b8e5-11f1-ac71-005056bd93da)
[2026-10-05 23:12:24]      1  salario: valor no verificable ('10') ; campo Salario: 'S/ 10' -> 'No especificado' ; frase de descripcion: 'remuneracion de S/ 10' -> 'remuneracion no especificada'
[2026-10-05 23:12:24]      1  salario: valor no verificable ('1') ; campo Salario: 'S/ 1,' -> 'No especificado' ; frase de descripcion: 'remuneracion de S/ 1,' -> 'remuneracion no especificada'
[2026-10-05 23:12:24]      1  duplicado (titulo normalizado repetido) de 3435380337195924247
[2026-10-05 23:12:24]      1  duplicado (titulo normalizado repetido) de 2623278944794664712
[2026-10-05 23:12:24]      1  salario: salario 'S/ .5,000.00' -> 'S/ 5,000.00' ; campo Salario: 'S/ .5,000.00' -> 'S/ 5,000.00'
[2026-10-05 23:12:24]      1  salario: frase de descripcion: 'remuneracion de S/ 1800.00.' -> 'remuneracion de S/ 1800.00'
[2026-10-05 23:12:24]      1  salario: frase de descripcion: 'remuneracion de S/ 1864.' -> 'remuneracion de S/ 1864'
[2026-10-05 23:12:24]      1  salario: frase de descripcion: 'remuneracion de S/ 1235.' -> 'remuneracion de S/ 1235'
[2026-10-05 23:12:24]      1  enlace placeholder reparado con la URL oficial de la publicacion (https://ugel302.gob.pe/media/convocatorias/PERFIL_DEL_PUESTO_Vct4ylU.pdf)
[2026-10-05 23:12:24]      1  salario: salario 'S/ .3,264.19' -> 'S/ 3,264.19' ; campo Salario: 'S/ .3,264.19' -> 'S/ 3,264.19'
[2026-10-05 23:12:24]      1  enlace placeholder reparado con la URL oficial de la publicacion (https://www.gob.pe/institucion/ugel05/informes-publicaciones/8645376-convocatoria-cas-n-091-2026)
[2026-10-05 23:12:24]      1  salario: frase de descripcion: 'remuneracion de S/ 1514.' -> 'remuneracion de S/ 1514'
[2026-10-05 23:12:24]      1  salario: frase de descripcion: 'remuneracion de S/ 1130.00.' -> 'remuneracion de S/ 1130.00'
[2026-10-05 23:12:24]      1  salario: salario 'S/ .2739.40' -> 'S/ 2739.40' ; campo Salario: 'S/ .2739.40' -> 'S/ 2739.40'
[2026-10-05 23:12:24]      1  duplicado (titulo normalizado repetido) de 4621923441338114660
[2026-10-05 23:12:24]      1  salario: valor no numerico ('S/ .8') ; campo Salario: 'S/ .8' -> 'No especificado'
[2026-10-05 23:12:24]      1  salario: salario 'S/ .6666.4' -> 'S/ 6666.4' ; campo Salario: 'S/ .6666.4' -> 'S/ 6666.4'
[2026-10-05 23:12:24]      1  salario: frase de descripcion: 'remuneracion de S/ 1025.' -> 'remuneracion de S/ 1025'
[2026-10-05 23:12:24]      1  salario: frase de descripcion: 'remuneracion de S/ 1400.' -> 'remuneracion de S/ 1400'
[2026-10-05 23:12:24]      1  salario: salario 'S/ .6,624.00' -> 'S/ 6,624.00' ; campo Salario: 'S/ .6,624.00' -> 'S/ 6,624.00'
[2026-10-05 23:12:24]      1  duplicado (titulo normalizado repetido) de 5337926219016398220
[2026-10-05 23:12:24]      1  salario: frase de descripcion: 'remuneracion de S/ 4,964.19.' -> 'remuneracion de S/ 4,964.19'
[2026-10-05 23:12:24]      1  enlace placeholder reparado con la URL oficial de la publicacion (http://www.munijorgebasadre.gob.pe/pagina/web_inst/trans_bt_down.php?file=conv_4758.pdf)
[2026-10-05 23:12:24]      1  enlace placeholder reparado con la URL oficial de la publicacion (https://munilabaya.gob.pe/web/archivos/convocatorias/004_2026_f1_698.pdf)
[2026-10-05 23:12:24]      1  enlace placeholder reparado con la URL oficial de la publicacion (https://www.munisanmiguel.gob.pe/Transparencia/archivos/convocatorias/2026/PCAS_20260922_148.pdf)
[2026-10-05 23:12:24]      1  salario: salario 'S/ .1,400.00' -> 'S/ 1,400.00' ; campo Salario: 'S/ .1,400.00' -> 'S/ 1,400.00'
[2026-10-05 23:12:24]      1  salario: salario 'S/ .4,500.00' -> 'S/ 4,500.00' ; campo Salario: 'S/ .4,500.00' -> 'S/ 4,500.00'
[2026-10-05 23:12:24]      1  salario: salario 'S/ .1,300.00' -> 'S/ 1,300.00' ; campo Salario: 'S/ .1,300.00' -> 'S/ 1,300.00'
[2026-10-05 23:12:24]      1  enlace placeholder reparado con la URL oficial de la publicacion (https://www.irennorte.gob.pe/pdf/convocatorias/bases/BCASAA004-2026.pdf)
[2026-10-05 23:12:24]      1  enlace placeholder reparado con la CTA utilizable de la publicacion (https://drive.google.com/drive/folders/1rjS9sUhwHrju9f-r-DHzs2hT6N0h2faS)
[2026-10-05 23:12:24]      1  enlace placeholder reparado con la URL oficial de la publicacion (https://www.gob.pe/institucion/muniurubamba/informes-publicaciones/8630480-proceso-de-convocatoria-cas-n-079-2026-mpu-especialista-administrativo)
[2026-10-05 23:12:24]      1  enlace placeholder reparado con la URL oficial de la publicacion (https://ugel302.gob.pe/media/convocatorias/BASES_DE_LA_CONVOCATORIA.pdf)
[2026-10-05 23:12:24]      1  salario: salario 'S/ .1.200' -> 'S/ 1.200' ; campo Salario: 'S/ .1.200' -> 'S/ 1.200'
[2026-10-05 23:12:24]      1  duplicado (titulo normalizado repetido) de 3945076261490873453
[2026-10-05 23:12:24]      1  salario: salario 'S/ .2,164.19' -> 'S/ 2,164.19' ; campo Salario: 'S/ .2,164.19' -> 'S/ 2,164.19'
[2026-10-05 23:12:24]      1  enlace placeholder reparado con la CTA utilizable de la publicacion (https://drive.google.com/file/d/1pXnRmki1a2fOsirF2NVW-kqLpcGhmy2p/view?fbclid=IwY2xjawUrnYRleHRuA2FlbQIxMQBwZG9mAXNydGMGYXBwX2lkEDIyMjAzOTE3ODgyMDA4OTIAAR7hSpfAImK-ysVMylPg3nUNWQSo6wZ-aCPKJhHVl19bos2_RSt54MPKVF656Q_aem_HO63MQkm626I_KAm8qxGqA)
[2026-10-05 23:12:24]      1  enlace placeholder reparado con la URL oficial de la publicacion (https://www.gob.pe/institucion/ugelambo/noticias)
[2026-10-05 23:12:24]      1  duplicado (titulo normalizado repetido) de 2814206579961342173
[2026-10-05 23:12:24]      1  duplicado (titulo normalizado repetido) de 7822883322381252191
[2026-10-05 23:12:24]   clasificacion -> C:\Users\Dell G3 Gaming\Documents\Default Project\datos\publicados\clasificacion-lote-20261005.jsonl
[2026-10-05 23:12:25] 
[2026-10-05 23:12:25]   cola: 800 nueva(s), 0 actualizada(s), 1 ya aplicadas (se conservan)
[2026-10-05 23:12:25]   cola total PENDIENTE: 800  -> C:\Users\Dell G3 Gaming\Documents\Default Project\datos\publicados\cola-correcciones.jsonl
[2026-10-05 23:12:25] siguiente paso: powershell.exe -NoProfile -ExecutionPolicy Bypass -File .\aplicar-correcciones.ps1   (simulacion)
[2026-10-05 23:12:25]                  powershell.exe -NoProfile -ExecutionPolicy Bypass -File .\aplicar-correcciones.ps1 -Aplicar   (escrituras)
